[Licensing::Module] Trying to connect to existing licensing client channel...
Built from '6000.0/staging' branch; Version is '6000.0.78f1 (ec8a99a872be) revision 15501977'; Using compiler version '193933523'; Build Type 'Release'
[Licensing::IpcConnector] Channel LicenseClient-jslade doesn't exist
OS: 'Windows 11  (10.0.26200) Professional' Language: 'en' Physical Memory: 16102 MB
BatchMode: 1, IsHumanControllingUs: 0, StartBugReporterOnCrash: 0, Is64bit: 1
System  architecture: x64
Process architecture: x64
Date: 2026-07-12T20:17:44Z
[Licensing::Module] Successfully launched the LicensingClient (PId: 19256)

COMMAND LINE ARGUMENTS:
C:\Program Files\Unity\Hub\Editor\6000.0.78f1\Editor\Unity.exe
-batchmode
-nographics
-projectPath
C:\Users\jslade\CyberEyeXR
-buildTarget
Android
-executeMethod
BuildScript.PerformAndroidBuild
-release
-logFile
C:\Users\jslade\CyberEyeXR\build_r8.log
Successfully changed project path to: C:\Users\jslade\CyberEyeXR
C:/Users/jslade/CyberEyeXR
[UnityMemory] Configuration Parameters - Can be set up in boot.config
    "memorysetup-bucket-allocator-granularity=16"
    "memorysetup-bucket-allocator-bucket-count=8"
    "memorysetup-bucket-allocator-block-size=33554432"
    "memorysetup-bucket-allocator-block-count=8"
    "memorysetup-main-allocator-block-size=16777216"
    "memorysetup-thread-allocator-block-size=16777216"
    "memorysetup-gfx-main-allocator-block-size=16777216"
    "memorysetup-gfx-thread-allocator-block-size=16777216"
    "memorysetup-cache-allocator-block-size=4194304"
    "memorysetup-typetree-allocator-block-size=2097152"
    "memorysetup-profiler-bucket-allocator-granularity=16"
    "memorysetup-profiler-bucket-allocator-bucket-count=8"
    "memorysetup-profiler-bucket-allocator-block-size=33554432"
    "memorysetup-profiler-bucket-allocator-block-count=8"
    "memorysetup-profiler-allocator-block-size=16777216"
    "memorysetup-profiler-editor-allocator-block-size=1048576"
    "memorysetup-temp-allocator-size-main=16777216"
    "memorysetup-job-temp-allocator-block-size=2097152"
    "memorysetup-job-temp-allocator-block-size-background=1048576"
    "memorysetup-job-temp-allocator-reduction-small-platforms=262144"
    "memorysetup-allocator-temp-initial-block-size-main=262144"
    "memorysetup-allocator-temp-initial-block-size-worker=262144"
    "memorysetup-temp-allocator-size-background-worker=32768"
    "memorysetup-temp-allocator-size-job-worker=262144"
    "memorysetup-temp-allocator-size-preload-manager=33554432"
    "memorysetup-temp-allocator-size-nav-mesh-worker=65536"
    "memorysetup-temp-allocator-size-audio-worker=65536"
    "memorysetup-temp-allocator-size-cloud-worker=32768"
    "memorysetup-temp-allocator-size-gi-baking-worker=262144"
    "memorysetup-temp-allocator-size-gi-baking-worker=262144"
    "memorysetup-temp-allocator-size-gi-baking-worker=262144"
    "memorysetup-temp-allocator-size-gi-baking-worker=262144"
    "memorysetup-temp-allocator-size-gi-baking-worker=262144"
    "memorysetup-temp-allocator-size-gfx=262144"
Player connection [38500]  Target information:

Player connection [38500]  * "[IP] 172.24.64.1 [Port] 55504 [Flags] 2 [Guid] 2657269600 [EditorId] 2657269600 [Version] 1048832 [Id] WindowsEditor(7,TQS-2021-125) [Debug] 1 [PackageName] WindowsEditor [ProjectName] Editor" 

Player connection [38500]  * "[IP] 169.254.2.10 [Port] 55504 [Flags] 2 [Guid] 2657269600 [EditorId] 2657269600 [Version] 1048832 [Id] WindowsEditor(7,TQS-2021-125) [Debug] 1 [PackageName] WindowsEditor [ProjectName] Editor" 

Player connection [38500]  * "[IP] 192.168.0.148 [Port] 55504 [Flags] 2 [Guid] 2657269600 [EditorId] 2657269600 [Version] 1048832 [Id] WindowsEditor(7,TQS-2021-125) [Debug] 1 [PackageName] WindowsEditor [ProjectName] Editor" 

Player connection [38500] Host joined multi-casting on [225.0.0.222:54997]...
Player connection [38500] Host joined alternative multi-casting on [225.0.0.222:34997]...
Input System module state changed to: Initialized.
[Physics::Module] Initialized fallback backend.
[Physics::Module] Id: 0xdecafbad
Starting IPC server.
Waiting for clients to connect on \\.\pipe\Unity-LicenseClient-jslade, press Ctrl-C to exit.
[Licensing::IpcConnector] Successfully connected to: "LicenseClient-jslade" at "2026-07-12T20:17:44.9208045Z"
[Package Manager] Connected to IPC stream "Upm-42428" after 0.8 seconds.
Library Redirect Path: Library/
[Licensing::Client] Code 10 while verifying Licensing Client signature (process Id: 19256, path: "C:/Program Files/Unity/Hub/Editor/6000.0.78f1/Editor/Data/Resources/Licensing/Client/Unity.Licensing.Client.exe")
[Licensing::Module] LicensingClient has failed validation; ignoring
[Physics::Module] Selected backend.
[Physics::Module] Name: PhysX
[Physics::Module] Id: 0xf2b8ea05
[Physics::Module] SDK Version: 4.1.2
[Physics::Module] Integration Version: 1.0.0
[Physics::Module] Threading Mode: Multi-Threaded
[Licensing::Client] Handshaking with LicensingClient:
  Version:                 1.17.4+4293ba1
  Session Id:              5f61334e94a04c20b62ec62c6fae6cd8
  Correlation Id:          d6778b158e1beb100be47cc52cce5454
  External correlation Id: 5092996418524107517
  Machine Id:              vgpeTuSz9tj5SQx7RnjFQDUMD2o=
[Licensing::Module] Successfully connected to LicensingClient on channel: "LicenseClient-jslade" (connect: 0.85s, validation: 0.38s, handshake: 0.14s)
[Licensing::IpcConnector] Successfully connected to: "LicenseClient-jslade-notifications" at "2026-07-12T20:17:45.4470763Z"
[Licensing::Module] Connected to LicensingClient (PId: 19256, launch time: 0.02, total connection time: 1.38s)
[Licensing::Module] Error: Access token is unavailable; failed to update
[Licensing::Module] Licensing is not yet initialized.
[Licensing::Client] Successfully resolved entitlement details
[Licensing::Module] License group:
  Id: F4-6PTC-XYSH-39NT-VVEA-XXXX
  Product: Unity Personal
  Type: ULF
  Expiration: Unlimited
[Licensing::Module] License group:
  Id: 20067618038169-UnityPersXXXX
  Product: Unity Personal
  Type: Assigned
  Expiration: Unlimited
[Licensing::Client] Successfully updated license, isAsync: True, time: 0.02
[Licensing::Client] Successfully resolved entitlement details
[Licensing::Module] License group:
  Id: F4-6PTC-XYSH-39NT-VVEA-XXXX
  Product: Unity Personal
  Type: ULF
  Expiration: Unlimited
[Licensing::Module] License group:
  Id: 20067618038169-UnityPersXXXX
  Product: Unity Personal
  Type: Assigned
  Expiration: Unlimited
[Licensing::Module] Licensing Background thread has ended after 1.53s
[Licensing::Module] Licensing is initialized (took 0.11s).
[Licensing::Client] Successfully resolved entitlement details
[Licensing::Module] License group:
  Id: F4-6PTC-XYSH-39NT-VVEA-XXXX
  Product: Unity Personal
  Type: ULF
  Expiration: Unlimited
[Licensing::Module] License group:
  Id: 20067618038169-UnityPersXXXX
  Product: Unity Personal
  Type: Assigned
  Expiration: Unlimited
Targeting platform: Android
Refreshing native plugins compatible for Editor in 10.16 ms, found 0 plugins.
Preloading 0 native plugins for Editor in 0.00 ms.
Initialize engine version: 6000.0.78f1 (ec8a99a872be)
[Subsystems] Discovering subsystems at path C:/Program Files/Unity/Hub/Editor/6000.0.78f1/Editor/Data/Resources/UnitySubsystems
[Subsystems] Discovering subsystems at path C:/Users/jslade/CyberEyeXR/Assets
Forcing GfxDevice: Null
GfxDevice: creating device client; kGfxThreadingModeNonThreaded
NullGfxDevice:
    Version:  NULL 1.0 [1.0]
    Renderer: Null Device
    Vendor:   Unity Technologies
Shader Hidden/ProbeVolume/VoxelizeScene is not supported: GPU does not support conservative rasterization
Initialize mono
Mono path[0] = 'C:/Program Files/Unity/Hub/Editor/6000.0.78f1/Editor/Data/Managed'
Mono path[1] = 'C:/Program Files/Unity/Hub/Editor/6000.0.78f1/Editor/Data/MonoBleedingEdge/lib/mono/unityjit-win32'
Mono config path = 'C:/Program Files/Unity/Hub/Editor/6000.0.78f1/Editor/Data/MonoBleedingEdge/etc'
Using monoOptions --debugger-agent=transport=dt_socket,embedding=1,server=y,suspend=n,address=127.0.0.1:56428
Using cacheserver namespaces - metadata:defaultmetadata, artifacts:defaultartifacts
Using cacheserver namespaces - metadata:defaultmetadata, artifacts:defaultartifacts
ImportWorker Server TCP listen port: 0
AcceleratorClientConnectionCallback - disconnected - :0
Begin MonoManager ReloadAssembly
Registering precompiled unity dll's ...
Register platform support module: C:/Program Files/Unity/Hub/Editor/6000.0.78f1/Editor/Data/PlaybackEngines/WindowsStandaloneSupport/UnityEditor.WindowsStandalone.Extensions.dll
[Licensing::Client] Successfully resolved entitlement details
[Licensing::Module] License group:
  Id: F4-6PTC-XYSH-39NT-VVEA-XXXX
  Product: Unity Personal
  Type: ULF
  Expiration: Unlimited
[Licensing::Module] License group:
  Id: 20067618038169-UnityPersXXXX
  Product: Unity Personal
  Type: Assigned
  Expiration: Unlimited
Register platform support module: C:/Program Files/Unity/Hub/Editor/6000.0.78f1/Editor/Data/PlaybackEngines/MetroSupport/UnityEditor.UWP.Extensions.dll
Register platform support module: C:/Program Files/Unity/Hub/Editor/6000.0.78f1/Editor/Data/PlaybackEngines/AndroidPlayer/UnityEditor.Android.Extensions.dll
Registered in 0.027026 seconds.
- Loaded All Assemblies, in  0.874 seconds
Native extension for Android target not found
Android Extension - Scanning For ADB Devices 2518 ms
Native extension for UWP target not found
Native extension for WindowsStandalone target not found
Package Manager log level set to [2]
Mono: successfully reloaded assembly
- Finished resetting the current domain, in  3.234 seconds
Domain Reload Profiling: 4087ms
	BeginReloadAssembly (275ms)
		ExecutionOrderSort (0ms)
		DisableScriptedObjects (0ms)
		BackupInstance (0ms)
		ReleaseScriptingObjects (0ms)
		CreateAndSetChildDomain (1ms)
	RebuildCommonClasses (64ms)
	RebuildNativeTypeToScriptingClass (22ms)
	initialDomainReloadingComplete (150ms)
	LoadAllAssembliesAndSetupDomain (341ms)
		LoadAssemblies (258ms)
		RebuildTransferFunctionScriptingTraits (0ms)
		AnalyzeDomain (334ms)
			TypeCache.Refresh (332ms)
				TypeCache.ScanAssembly (306ms)
			BuildScriptInfoCaches (0ms)
			ResolveRequiredComponents (1ms)
	FinalizeReload (3235ms)
		ReleaseScriptCaches (0ms)
		RebuildScriptCaches (0ms)
		SetupLoadedEditorAssemblies (3153ms)
			LogAssemblyErrors (0ms)
			InitializePlatformSupportModulesInManaged (2708ms)
			SetLoadedEditorAssemblies (7ms)
			BeforeProcessingInitializeOnLoad (92ms)
			ProcessInitializeOnLoadAttributes (206ms)
			ProcessInitializeOnLoadMethodAttributes (138ms)
			AfterProcessingInitializeOnLoad (0ms)
			EditorAssembliesLoaded (0ms)
		ExecutionOrderSort2 (0ms)
		AwakeInstancesAfterBackupRestoration (0ms)
[Licensing::Client] Successfully resolved entitlement details
[Licensing::Module] License group:
  Id: F4-6PTC-XYSH-39NT-VVEA-XXXX
  Product: Unity Personal
  Type: ULF
  Expiration: Unlimited
[Licensing::Module] License group:
  Id: 20067618038169-UnityPersXXXX
  Product: Unity Personal
  Type: Assigned
  Expiration: Unlimited
[Licensing::Client] Successfully resolved entitlement details
[Licensing::Module] License group:
  Id: F4-6PTC-XYSH-39NT-VVEA-XXXX
  Product: Unity Personal
  Type: ULF
  Expiration: Unlimited
[Licensing::Module] License group:
  Id: 20067618038169-UnityPersXXXX
  Product: Unity Personal
  Type: Assigned
  Expiration: Unlimited
Application.AssetDatabase Initial Refresh Start
[Package Manager] Restoring resolved packages state from cache
[Licensing::Client] Successfully resolved entitlement details
[Package Manager] Registered 47 packages:
  Packages from [https://packages.unity.com]:
    com.unity.ai.inference@2.6.1 (location: C:\Users\jslade\CyberEyeXR\Library\PackageCache\com.unity.ai.inference@9a123aee5df7)
    com.unity.inputsystem@1.19.0 (location: C:\Users\jslade\CyberEyeXR\Library\PackageCache\com.unity.inputsystem@21a28c3a6c83)
    com.unity.xr.arfoundation@6.0.7 (location: C:\Users\jslade\CyberEyeXR\Library\PackageCache\com.unity.xr.arfoundation@f996f0242444)
    com.unity.xr.interaction.toolkit@3.0.11 (location: C:\Users\jslade\CyberEyeXR\Library\PackageCache\com.unity.xr.interaction.toolkit@7f31b03e8dd3)
    com.unity.xr.management@4.5.4 (location: C:\Users\jslade\CyberEyeXR\Library\PackageCache\com.unity.xr.management@e3a3882b360a)
    com.unity.xr.core-utils@2.6.0 (location: C:\Users\jslade\CyberEyeXR\Library\PackageCache\com.unity.xr.core-utils@a8b900321199)
    com.unity.mathematics@1.3.2 (location: C:\Users\jslade\CyberEyeXR\Library\PackageCache\com.unity.mathematics@8017b507cc74)
    com.unity.editorcoroutines@1.1.0 (location: C:\Users\jslade\CyberEyeXR\Library\PackageCache\com.unity.editorcoroutines@87a15ed012c2)
    com.unity.burst@1.8.29 (location: C:\Users\jslade\CyberEyeXR\Library\PackageCache\com.unity.burst@6bb9aca3ef38)
    com.unity.dt.app-ui@1.3.6 (location: C:\Users\jslade\CyberEyeXR\Library\PackageCache\com.unity.dt.app-ui@3bbd9e4c5c92)
    com.unity.collections@2.6.7 (location: C:\Users\jslade\CyberEyeXR\Library\PackageCache\com.unity.collections@31e963071226)
    com.unity.nuget.newtonsoft-json@3.2.1 (location: C:\Users\jslade\CyberEyeXR\Library\PackageCache\com.unity.nuget.newtonsoft-json@74deb55db2a0)
    com.unity.xr.legacyinputhelpers@2.1.12 (location: C:\Users\jslade\CyberEyeXR\Library\PackageCache\com.unity.xr.legacyinputhelpers@b7579e86f3b4)
    com.unity.searcher@4.9.3 (location: C:\Users\jslade\CyberEyeXR\Library\PackageCache\com.unity.searcher@1e17ce91558d)
    com.unity.nuget.mono-cecil@1.11.6 (location: C:\Users\jslade\CyberEyeXR\Library\PackageCache\com.unity.nuget.mono-cecil@ecb9724e46ff)
    com.unity.test-framework.performance@3.5.0 (location: C:\Users\jslade\CyberEyeXR\Library\PackageCache\com.unity.test-framework.performance@8b56083ec0f0)
  Built-in packages:
    com.unity.render-pipelines.universal@17.0.4 (location: C:\Users\jslade\CyberEyeXR\Library\PackageCache\com.unity.render-pipelines.universal@a4f5be60db7e)
    com.unity.ugui@2.0.0 (location: C:\Users\jslade\CyberEyeXR\Library\PackageCache\com.unity.ugui@4601c9db1b9b)
    com.unity.modules.accessibility@1.0.0 (location: C:\Users\jslade\CyberEyeXR\Library\PackageCache\com.unity.modules.accessibility)
    com.unity.modules.androidjni@1.0.0 (location: C:\Users\jslade\CyberEyeXR\Library\PackageCache\com.unity.modules.androidjni)
    com.unity.modules.animation@1.0.0 (location: C:\Users\jslade\CyberEyeXR\Library\PackageCache\com.unity.modules.animation)
    com.unity.modules.assetbundle@1.0.0 (location: C:\Users\jslade\CyberEyeXR\Library\PackageCache\com.unity.modules.assetbundle)
    com.unity.modules.audio@1.0.0 (location: C:\Users\jslade\CyberEyeXR\Library\PackageCache\com.unity.modules.audio)
    com.unity.modules.imageconversion@1.0.0 (location: C:\Users\jslade\CyberEyeXR\Library\PackageCache\com.unity.modules.imageconversion)
    com.unity.modules.imgui@1.0.0 (location: C:\Users\jslade\CyberEyeXR\Library\PackageCache\com.unity.modules.imgui)
    com.unity.modules.jsonserialize@1.0.0 (location: C:\Users\jslade\CyberEyeXR\Library\PackageCache\com.unity.modules.jsonserialize)
    com.unity.modules.particlesystem@1.0.0 (location: C:\Users\jslade\CyberEyeXR\Library\PackageCache\com.unity.modules.particlesystem)
    com.unity.modules.physics@1.0.0 (location: C:\Users\jslade\CyberEyeXR\Library\PackageCache\com.unity.modules.physics)
    com.unity.modules.screencapture@1.0.0 (location: C:\Users\jslade\CyberEyeXR\Library\PackageCache\com.unity.modules.screencapture)
    com.unity.modules.ui@1.0.0 (location: C:\Users\jslade\CyberEyeXR\Library\PackageCache\com.unity.modules.ui)
    com.unity.modules.uielements@1.0.0 (location: C:\Users\jslade\CyberEyeXR\Library\PackageCache\com.unity.modules.uielements)
    com.unity.modules.unitywebrequest@1.0.0 (location: C:\Users\jslade\CyberEyeXR\Library\PackageCache\com.unity.modules.unitywebrequest)
    com.unity.modules.unitywebrequesttexture@1.0.0 (location: C:\Users\jslade\CyberEyeXR\Library\PackageCache\com.unity.modules.unitywebrequesttexture)
    com.unity.modules.video@1.0.0 (location: C:\Users\jslade\CyberEyeXR\Library\PackageCache\com.unity.modules.video)
    com.unity.modules.xr@1.0.0 (location: C:\Users\jslade\CyberEyeXR\Library\PackageCache\com.unity.modules.xr)
    com.unity.modules.subsystems@1.0.0 (location: C:\Users\jslade\CyberEyeXR\Library\PackageCache\com.unity.modules.subsystems)
    com.unity.modules.hierarchycore@1.0.0 (location: C:\Users\jslade\CyberEyeXR\Library\PackageCache\com.unity.modules.hierarchycore)
    com.unity.modules.unityanalytics@1.0.0 (location: C:\Users\jslade\CyberEyeXR\Library\PackageCache\com.unity.modules.unityanalytics)
    com.unity.render-pipelines.core@17.0.4 (location: C:\Users\jslade\CyberEyeXR\Library\PackageCache\com.unity.render-pipelines.core@ae070e0972dd)
    com.unity.shadergraph@17.0.4 (location: C:\Users\jslade\CyberEyeXR\Library\PackageCache\com.unity.shadergraph@89df6040bb1d)
    com.unity.render-pipelines.universal-config@17.0.3 (location: C:\Users\jslade\CyberEyeXR\Library\PackageCache\com.unity.render-pipelines.universal-config@dd206bf35d04)
    com.unity.modules.terrain@1.0.0 (location: C:\Users\jslade\CyberEyeXR\Library\PackageCache\com.unity.modules.terrain)
    com.unity.rendering.light-transport@1.0.1 (location: C:\Users\jslade\CyberEyeXR\Library\PackageCache\com.unity.rendering.light-transport@9bd588f963c0)
    com.unity.test-framework@1.6.0 (location: C:\Users\jslade\CyberEyeXR\Library\PackageCache\com.unity.test-framework@082c24152fd4)
    com.unity.modules.vr@1.0.0 (location: C:\Users\jslade\CyberEyeXR\Library\PackageCache\com.unity.modules.vr)
    com.unity.ext.nunit@2.0.5 (location: C:\Users\jslade\CyberEyeXR\Library\PackageCache\com.unity.ext.nunit@031a54704bff)
  Local packages:
    com.xreal.xr@file:C:\Users\jslade\CyberEyeXR\LocalPackages\com.xreal.xr-src (location: C:\Users\jslade\CyberEyeXR\LocalPackages\com.xreal.xr-src)
[Subsystems] Looking for new subsystems at path C:\Users\jslade\CyberEyeXR\Library\PackageCache\com.unity.xr.arfoundation@f996f0242444
[Subsystems] Novel subsystem found at Library/PackageCache/com.unity.xr.arfoundation@f996f0242444/Runtime/UnitySubsystemsManifest.json
[Subsystems] Discovering subsystems at path C:/Program Files/Unity/Hub/Editor/6000.0.78f1/Editor/Data/Resources/UnitySubsystems
[Subsystems] Discovering subsystems at path C:/Users/jslade/CyberEyeXR/Assets
[Subsystems] Discovering subsystems at path C:\Users\jslade\CyberEyeXR\Library\PackageCache\com.unity.xr.arfoundation@f996f0242444
[Subsystems] No descriptors matched for  examples in Library/PackageCache/com.unity.xr.arfoundation@f996f0242444/Runtime/UnitySubsystemsManifest.json.
[Subsystems] 1 'inputs' descriptors matched in Library/PackageCache/com.unity.xr.arfoundation@f996f0242444/Runtime/UnitySubsystemsManifest.json
[Subsystems] No descriptors matched for  displays in Library/PackageCache/com.unity.xr.arfoundation@f996f0242444/Runtime/UnitySubsystemsManifest.json.
[Subsystems] 1 'meshings' descriptors matched in Library/PackageCache/com.unity.xr.arfoundation@f996f0242444/Runtime/UnitySubsystemsManifest.json
[Subsystems] Discovering subsystems at path C:\Users\jslade\CyberEyeXR\LocalPackages\com.xreal.xr-src
[Subsystems] No descriptors matched for  examples in LocalPackages/com.xreal.xr-src/Runtime/UnitySubsystemsManifest.json.
[Subsystems] 1 'inputs' descriptors matched in LocalPackages/com.xreal.xr-src/Runtime/UnitySubsystemsManifest.json
[Subsystems] 1 'displays' descriptors matched in LocalPackages/com.xreal.xr-src/Runtime/UnitySubsystemsManifest.json
[Subsystems] 1 'meshings' descriptors matched in LocalPackages/com.xreal.xr-src/Runtime/UnitySubsystemsManifest.json
[Package Manager] Done registering packages in 0.16 seconds
info: Microsoft.Hosting.Lifetime[14]
      Now listening on: http://localhost:80
info: Microsoft.Hosting.Lifetime[0]
      Application started. Press Ctrl+C to shut down.
info: Microsoft.Hosting.Lifetime[0]
      Hosting environment: Production
info: Microsoft.Hosting.Lifetime[0]
      Content root path: C:\Users\jslade\CyberEyeXR\
info: Microsoft.AspNetCore.Hosting.Diagnostics[1]
      Request starting HTTP/2 POST http://ilpp/UnityILPP.PostProcessing/Ping application/grpc -
info: Microsoft.AspNetCore.Routing.EndpointMiddleware[0]
      Executing endpoint 'gRPC - /UnityILPP.PostProcessing/Ping'
info: Microsoft.AspNetCore.Routing.EndpointMiddleware[1]
      Executed endpoint 'gRPC - /UnityILPP.PostProcessing/Ping'
info: Microsoft.AspNetCore.Hosting.Diagnostics[2]
      Request finished HTTP/2 POST http://ilpp/UnityILPP.PostProcessing/Ping application/grpc - - 200 - application/grpc 81.9018ms
Starting: C:\Program Files\Unity\Hub\Editor\6000.0.78f1\Editor\Data\bee_backend.exe --ipc --defer-dag-verification --dagfile="Library/Bee/1300b0aE.dag" --continue-on-failure --profile="Library/Bee/backend1.traceevents" ScriptAssemblies
WorkingDir: C:/Users/jslade/CyberEyeXR
DisplayProgressbar: Compiling Scripts
info: Microsoft.AspNetCore.Hosting.Diagnostics[1]
      Request starting HTTP/2 POST http://ilpp/UnityILPP.PostProcessing/ConfigurePostProcessors application/grpc -
info: Microsoft.AspNetCore.Routing.EndpointMiddleware[0]
      Executing endpoint 'gRPC - /UnityILPP.PostProcessing/ConfigurePostProcessors'
warn: Unity.ILPP.Runner.PostProcessingAssemblyLoadContext[0]
      Assembly system.runtime.interopservices.windowsruntime has duplicate hint path. Ignoring "C:\Program Files\Unity\Hub\Editor\6000.0.78f1\Editor\Data\UnityReferenceAssemblies\unity-4.8-api\Facades\System.Runtime.InteropServices.WindowsRuntime.dll" in favor of "C:\Program Files\Unity\Hub\Editor\6000.0.78f1\Editor\Data\NetStandard\Extensions\2.0.0\System.Runtime.InteropServices.WindowsRuntime.dll"
warn: Unity.ILPP.Runner.PostProcessingAssemblyLoadContext[0]
      Assembly system.componentmodel.composition has duplicate hint path. Ignoring "C:\Program Files\Unity\Hub\Editor\6000.0.78f1\Editor\Data\UnityReferenceAssemblies\unity-4.8-api\System.ComponentModel.Composition.dll" in favor of "C:\Program Files\Unity\Hub\Editor\6000.0.78f1\Editor\Data\NetStandard\compat\2.1.0\shims\netfx\System.ComponentModel.Composition.dll"
info: Unity.ILPP.Runner.PostProcessingAssemblyLoadContext[0]
      Resolved Unity.Burst.Cecil, Version=0.11.6.0, Culture=neutral, PublicKeyToken=50cebf1cceb9d05e with Library\PackageCache\com.unity.burst@6bb9aca3ef38\Unity.Burst.CodeGen\Unity.Burst.Cecil.dll
info: Unity.ILPP.Runner.PostProcessingAssemblyLoadContext[0]
      Resolved Mono.Cecil, Version=0.11.5.0, Culture=neutral, PublicKeyToken=50cebf1cceb9d05e with Library\PackageCache\com.unity.nuget.mono-cecil@ecb9724e46ff\Mono.Cecil.dll
info: Microsoft.AspNetCore.Routing.EndpointMiddleware[1]
      Executed endpoint 'gRPC - /UnityILPP.PostProcessing/ConfigurePostProcessors'
info: Microsoft.AspNetCore.Hosting.Diagnostics[2]
      Request finished HTTP/2 POST http://ilpp/UnityILPP.PostProcessing/ConfigurePostProcessors application/grpc - - 200 - application/grpc 122.5643ms
ExitCode: 0 Duration: 1s245ms
[ 787/1022  0s] ILPP-Configuration Library/ilpp-configuration.nevergeneratedoutput
*** Tundra build success (1.15 seconds), 1 items updated, 1022 evaluated
AssetDatabase: script compilation time: 2.492938s
Begin MonoManager ReloadAssembly
Symbol file LoadedFromMemory is not a mono symbol file
Symbol file LoadedFromMemory is not a mono symbol file
- Loaded All Assemblies, in  2.086 seconds
Refreshing native plugins compatible for Editor in 23.38 ms, found 2 plugins.
Native extension for Android target not found
Native extension for UWP target not found
Native extension for WindowsStandalone target not found
Mono: successfully reloaded assembly
- Finished resetting the current domain, in  6.209 seconds
Domain Reload Profiling: 8258ms
	BeginReloadAssembly (557ms)
		ExecutionOrderSort (0ms)
		DisableScriptedObjects (22ms)
		BackupInstance (0ms)
		ReleaseScriptingObjects (0ms)
		CreateAndSetChildDomain (183ms)
	RebuildCommonClasses (78ms)
	RebuildNativeTypeToScriptingClass (21ms)
	initialDomainReloadingComplete (80ms)
	LoadAllAssembliesAndSetupDomain (1312ms)
		LoadAssemblies (1089ms)
		RebuildTransferFunctionScriptingTraits (0ms)
		AnalyzeDomain (487ms)
			TypeCache.Refresh (356ms)
				TypeCache.ScanAssembly (329ms)
			BuildScriptInfoCaches (102ms)
			ResolveRequiredComponents (23ms)
	FinalizeReload (6210ms)
		ReleaseScriptCaches (0ms)
		RebuildScriptCaches (0ms)
		SetupLoadedEditorAssemblies (5812ms)
			LogAssemblyErrors (0ms)
			InitializePlatformSupportModulesInManaged (56ms)
			SetLoadedEditorAssemblies (9ms)
			BeforeProcessingInitializeOnLoad (527ms)
			ProcessInitializeOnLoadAttributes (4757ms)
			ProcessInitializeOnLoadMethodAttributes (410ms)
			AfterProcessingInitializeOnLoad (53ms)
			EditorAssembliesLoaded (1ms)
		ExecutionOrderSort2 (0ms)
		AwakeInstancesAfterBackupRestoration (20ms)
Asset Pipeline Refresh (id=4129fc1dc25083b43bdcdee426af0fd5): Total: 12.810 seconds - Initiated by InitialRefreshV2(ForceSynchronousImport)
	Summary:
		Imports: total=0 (actual=0, local cache=0, cache server=0)
		Asset DB Process Time: managed=0 ms, native=7727 ms
		Asset DB Callback time: managed=71 ms, native=175 ms
		Scripting: domain reloads=1, domain reload time=2088 ms, compile time=2496 ms, other=251 ms
		Project Asset Count: scripts=1361, non-scripts=2355
		Asset File Changes: new=0, changed=0, moved=0, deleted=0
		Scan Filter Count: 0
	InvokeCustomDependenciesCallbacks: 0.002ms
	InvokePackagesCallback: 186.293ms
	ApplyChangesToAssetFolders: 2.068ms
	Scan: 456.425ms
	OnSourceAssetsModified: 0.015ms
	CategorizeAssetsWithTransientArtifact: 127.094ms
	ProcessAssetsWithTransientArtifactChanges: 147.095ms
	CategorizeAssets: 137.463ms
	ImportOutOfDateAssets: 6287.811ms (3788.208ms without children)
		CompileScripts: 2495.748ms
		ReloadNativeAssets: 0.053ms
		UnloadImportedAssets: 1.897ms
		EnsureUptoDateAssetsAreRegisteredWithGuidPM: 1.202ms
		InitializingProgressBar: 0.001ms
		PostProcessAllAssetNotificationsAddChangedAssets: 0.001ms
		OnDemandSchedulerStart: 0.702ms
	PostProcessAllAssets: 71.718ms
	GatherAllCurrentPrimaryArtifactRevisions: 0.006ms
	UnloadStreamsBegin: 4.239ms
	PersistCurrentRevisions: 0.385ms
	UnloadStreamsEnd: 0.002ms
	GenerateScriptTypeHashes: 9.334ms
	Untracked: 5389.092ms

Application.AssetDatabase Initial Refresh End
Scanning for USB devices : 6.145ms
Initializing Unity extensions:
[MODES] ModeService[none].Initialize
[MODES] ModeService[none].LoadModes
[MODES] Loading mode Default (0) for mode-current-id-CyberEye
Unloading 66 Unused Serialized files (Serialized files now loaded: 0)
Unloading 6319 unused Assets / (3.2 MB). Loaded Objects now: 7069.
Memory consumption went from 199.5 MB to 196.3 MB.
Total: 20.984700 ms (FindLiveObjects: 1.190600 ms CreateObjectMapping: 1.817400 ms MarkObjects: 9.891100 ms  DeleteObjects: 8.084000 ms)

Asset Pipeline Refresh (id=436a8de13ac48f64f9db485a0198a89c): Total: 0.088 seconds - Initiated by RefreshV2(NoUpdateAssetOptions)
[CYBEREYE-BUILD] hardened: GLES3-only, mobileMT=off, IL2CPP/ARM64, TMP SDF shaders always-included
UnityEngine.Debug:ExtractStackTraceNoAlloc (byte*,int,string)
UnityEngine.StackTraceUtility:ExtractStackTrace ()
UnityEngine.DebugLogHandler:Internal_Log (UnityEngine.LogType,UnityEngine.LogOption,string,UnityEngine.Object)
UnityEngine.DebugLogHandler:LogFormat (UnityEngine.LogType,UnityEngine.Object,string,object[])
UnityEngine.Logger:Log (UnityEngine.LogType,object)
UnityEngine.Debug:Log (object)
BuildScript:HardenXrPlayerSettings () (at Assets/Editor/BuildScript.cs:37)
BuildScript:PerformAndroidBuild () (at Assets/Editor/BuildScript.cs:111)

(Filename: Assets/Editor/BuildScript.cs Line: 37)

[CYBEREYE-ICON] applied neon-eye icon (default + Android)
UnityEngine.Debug:ExtractStackTraceNoAlloc (byte*,int,string)
UnityEngine.StackTraceUtility:ExtractStackTrace ()
UnityEngine.DebugLogHandler:Internal_Log (UnityEngine.LogType,UnityEngine.LogOption,string,UnityEngine.Object)
UnityEngine.DebugLogHandler:LogFormat (UnityEngine.LogType,UnityEngine.Object,string,object[])
UnityEngine.Logger:Log (UnityEngine.LogType,object)
UnityEngine.Debug:Log (object)
IconSetup:Apply () (at Assets/Editor/IconSetup.cs:18)
BuildScript:PerformAndroidBuild () (at Assets/Editor/BuildScript.cs:112)

(Filename: Assets/Editor/IconSetup.cs Line: 18)

[CYBEREYE-BUILD] release signing: keystore=cybereye-release.keystore alias=cybereye
UnityEngine.Debug:ExtractStackTraceNoAlloc (byte*,int,string)
UnityEngine.StackTraceUtility:ExtractStackTrace ()
UnityEngine.DebugLogHandler:Internal_Log (UnityEngine.LogType,UnityEngine.LogOption,string,UnityEngine.Object)
UnityEngine.DebugLogHandler:LogFormat (UnityEngine.LogType,UnityEngine.Object,string,object[])
UnityEngine.Logger:Log (UnityEngine.LogType,object)
UnityEngine.Debug:Log (object)
BuildScript:ConfigureReleaseSigning () (at Assets/Editor/BuildScript.cs:81)
BuildScript:PerformAndroidBuild () (at Assets/Editor/BuildScript.cs:113)

(Filename: Assets/Editor/BuildScript.cs Line: 81)

[CYBEREYE-BUILD] START release=True scenes=[Assets/Scenes/Main.unity] out=Builds\CyberEye-release.apk backend=IL2CPP arch=ARM64 appId=com.jslade.cybereye
UnityEngine.Debug:ExtractStackTraceNoAlloc (byte*,int,string)
UnityEngine.StackTraceUtility:ExtractStackTrace ()
UnityEngine.DebugLogHandler:Internal_Log (UnityEngine.LogType,UnityEngine.LogOption,string,UnityEngine.Object)
UnityEngine.DebugLogHandler:LogFormat (UnityEngine.LogType,UnityEngine.Object,string,object[])
UnityEngine.Logger:Log (UnityEngine.LogType,object)
UnityEngine.Debug:Log (object)
BuildScript:PerformAndroidBuild () (at Assets/Editor/BuildScript.cs:129)

(Filename: Assets/Editor/BuildScript.cs Line: 129)

1 URP assets included in build
- URP_Asset - Assets/Settings/URP_Asset.asset
	 - URP_Renderer - Assets/Settings/URP_Renderer.asset - UnityEngine.Rendering.Universal.UniversalRendererData
UnityEngine.Debug:ExtractStackTraceNoAlloc (byte*,int,string)
UnityEngine.StackTraceUtility:ExtractStackTrace ()
UnityEngine.DebugLogHandler:Internal_Log (UnityEngine.LogType,UnityEngine.LogOption,string,UnityEngine.Object)
UnityEngine.DebugLogHandler:LogFormat (UnityEngine.LogType,UnityEngine.Object,string,object[])
UnityEngine.Logger:Log (UnityEngine.LogType,object)
UnityEngine.Debug:Log (object)
UnityEditor.Rendering.Universal.URPPreprocessBuild:LogIncludedAssets (System.Collections.Generic.List`1<UnityEngine.Rendering.Universal.UniversalRenderPipelineAsset>) (at ./Library/PackageCache/com.unity.render-pipelines.universal@a4f5be60db7e/Editor/BuildProcessors/URPPreprocessBuild.cs:52)
UnityEditor.Rendering.Universal.URPPreprocessBuild:OnPreprocessBuild (UnityEditor.Build.Reporting.BuildReport) (at ./Library/PackageCache/com.unity.render-pipelines.universal@a4f5be60db7e/Editor/BuildProcessors/URPPreprocessBuild.cs:30)
UnityEditor.Build.BuildPipelineInterfaces/<>c__DisplayClass17_0:<OnBuildPreProcess>b__1 (UnityEditor.Build.IPreprocessBuildWithReport)
UnityEditor.Build.BuildPipelineInterfaces:InvokeCallbackInterfacesPair<UnityEditor.Build.IPreprocessBuild, UnityEditor.Build.IPreprocessBuildWithReport> (System.Collections.Generic.List`1<UnityEditor.Build.IPreprocessBuild>,System.Action`1<UnityEditor.Build.IPreprocessBuild>,System.Collections.Generic.List`1<UnityEditor.Build.IPreprocessBuildWithReport>,System.Action`1<UnityEditor.Build.IPreprocessBuildWithReport>,bool)
UnityEditor.Build.BuildPipelineInterfaces:OnBuildPreProcess (UnityEditor.Build.Reporting.BuildReport)
UnityEditor.BuildPipeline:BuildPlayerInternalNoCheck (string[],string,string,UnityEditor.BuildTargetGroup,UnityEditor.BuildTarget,int,UnityEditor.BuildOptions,string[],bool)
UnityEditor.BuildPipeline:BuildPlayerInternal (string[],string,string,UnityEditor.BuildTargetGroup,UnityEditor.BuildTarget,int,UnityEditor.BuildOptions,string[])
UnityEditor.BuildPipeline:BuildPlayer (string[],string,string,UnityEditor.BuildTargetGroup,UnityEditor.BuildTarget,int,UnityEditor.BuildOptions,string[])
UnityEditor.BuildPipeline:BuildPlayer (UnityEditor.BuildPlayerOptions)
BuildScript:PerformAndroidBuild () (at Assets/Editor/BuildScript.cs:133)

(Filename: ./Library/PackageCache/com.unity.render-pipelines.universal@a4f5be60db7e/Editor/BuildProcessors/URPPreprocessBuild.cs Line: 52)

[TestRunBuilder] Creating new file 'Assets/Resources/PerformanceTestRunInfo.json' (2486 bytes)
UnityEngine.Debug:ExtractStackTraceNoAlloc (byte*,int,string)
UnityEngine.StackTraceUtility:ExtractStackTrace ()
UnityEngine.DebugLogHandler:Internal_Log (UnityEngine.LogType,UnityEngine.LogOption,string,UnityEngine.Object)
UnityEngine.DebugLogHandler:LogFormat (UnityEngine.LogType,UnityEngine.Object,string,object[])
UnityEngine.Logger:Log (UnityEngine.LogType,object)
UnityEngine.Debug:Log (object)
Unity.PerformanceTesting.Editor.TestRunBuilder:SaveToStorage (object,string) (at ./Library/PackageCache/com.unity.test-framework.performance@8b56083ec0f0/Editor/TestRunBuilder.cs:242)
Unity.PerformanceTesting.Editor.TestRunBuilder:OnPreprocessBuild (UnityEditor.Build.Reporting.BuildReport) (at ./Library/PackageCache/com.unity.test-framework.performance@8b56083ec0f0/Editor/TestRunBuilder.cs:35)
UnityEditor.Build.BuildPipelineInterfaces/<>c__DisplayClass17_0:<OnBuildPreProcess>b__1 (UnityEditor.Build.IPreprocessBuildWithReport)
UnityEditor.Build.BuildPipelineInterfaces:InvokeCallbackInterfacesPair<UnityEditor.Build.IPreprocessBuild, UnityEditor.Build.IPreprocessBuildWithReport> (System.Collections.Generic.List`1<UnityEditor.Build.IPreprocessBuild>,System.Action`1<UnityEditor.Build.IPreprocessBuild>,System.Collections.Generic.List`1<UnityEditor.Build.IPreprocessBuildWithReport>,System.Action`1<UnityEditor.Build.IPreprocessBuildWithReport>,bool)
UnityEditor.Build.BuildPipelineInterfaces:OnBuildPreProcess (UnityEditor.Build.Reporting.BuildReport)
UnityEditor.BuildPipeline:BuildPlayerInternalNoCheck (string[],string,string,UnityEditor.BuildTargetGroup,UnityEditor.BuildTarget,int,UnityEditor.BuildOptions,string[],bool)
UnityEditor.BuildPipeline:BuildPlayerInternal (string[],string,string,UnityEditor.BuildTargetGroup,UnityEditor.BuildTarget,int,UnityEditor.BuildOptions,string[])
UnityEditor.BuildPipeline:BuildPlayer (string[],string,string,UnityEditor.BuildTargetGroup,UnityEditor.BuildTarget,int,UnityEditor.BuildOptions,string[])
UnityEditor.BuildPipeline:BuildPlayer (UnityEditor.BuildPlayerOptions)
BuildScript:PerformAndroidBuild () (at Assets/Editor/BuildScript.cs:133)

(Filename: ./Library/PackageCache/com.unity.test-framework.performance@8b56083ec0f0/Editor/TestRunBuilder.cs Line: 242)

[TestRunBuilder] Creating new file 'Assets/Resources/PerformanceTestRunSettings.json' (23 bytes)
UnityEngine.Debug:ExtractStackTraceNoAlloc (byte*,int,string)
UnityEngine.StackTraceUtility:ExtractStackTrace ()
UnityEngine.DebugLogHandler:Internal_Log (UnityEngine.LogType,UnityEngine.LogOption,string,UnityEngine.Object)
UnityEngine.DebugLogHandler:LogFormat (UnityEngine.LogType,UnityEngine.Object,string,object[])
UnityEngine.Logger:Log (UnityEngine.LogType,object)
UnityEngine.Debug:Log (object)
Unity.PerformanceTesting.Editor.TestRunBuilder:SaveToStorage (object,string) (at ./Library/PackageCache/com.unity.test-framework.performance@8b56083ec0f0/Editor/TestRunBuilder.cs:242)
Unity.PerformanceTesting.Editor.TestRunBuilder:OnPreprocessBuild (UnityEditor.Build.Reporting.BuildReport) (at ./Library/PackageCache/com.unity.test-framework.performance@8b56083ec0f0/Editor/TestRunBuilder.cs:38)
UnityEditor.Build.BuildPipelineInterfaces/<>c__DisplayClass17_0:<OnBuildPreProcess>b__1 (UnityEditor.Build.IPreprocessBuildWithReport)
UnityEditor.Build.BuildPipelineInterfaces:InvokeCallbackInterfacesPair<UnityEditor.Build.IPreprocessBuild, UnityEditor.Build.IPreprocessBuildWithReport> (System.Collections.Generic.List`1<UnityEditor.Build.IPreprocessBuild>,System.Action`1<UnityEditor.Build.IPreprocessBuild>,System.Collections.Generic.List`1<UnityEditor.Build.IPreprocessBuildWithReport>,System.Action`1<UnityEditor.Build.IPreprocessBuildWithReport>,bool)
UnityEditor.Build.BuildPipelineInterfaces:OnBuildPreProcess (UnityEditor.Build.Reporting.BuildReport)
UnityEditor.BuildPipeline:BuildPlayerInternalNoCheck (string[],string,string,UnityEditor.BuildTargetGroup,UnityEditor.BuildTarget,int,UnityEditor.BuildOptions,string[],bool)
UnityEditor.BuildPipeline:BuildPlayerInternal (string[],string,string,UnityEditor.BuildTargetGroup,UnityEditor.BuildTarget,int,UnityEditor.BuildOptions,string[])
UnityEditor.BuildPipeline:BuildPlayer (string[],string,string,UnityEditor.BuildTargetGroup,UnityEditor.BuildTarget,int,UnityEditor.BuildOptions,string[])
UnityEditor.BuildPipeline:BuildPlayer (UnityEditor.BuildPlayerOptions)
BuildScript:PerformAndroidBuild () (at Assets/Editor/BuildScript.cs:133)

(Filename: ./Library/PackageCache/com.unity.test-framework.performance@8b56083ec0f0/Editor/TestRunBuilder.cs Line: 242)

Start importing ProjectSettings/ProjectSettings.asset using Guid(00000000000000004000000000000000) (LibraryAssetImporter) -> (artifact id: 'f684fbc0439420a287d762513f80ea3e') in 0.016987 seconds
Start importing ProjectSettings/EditorBuildSettings.asset using Guid(0000000000000000b000000000000000) (LibraryAssetImporter) -> (artifact id: '43feb76f49a1e7499d357303a3ffc198') in 0.0044067 seconds
Start importing ProjectSettings/GraphicsSettings.asset using Guid(00000000000000006100000000000000) (LibraryAssetImporter) -> (artifact id: 'd057bd90f81c2474247b77d4c64afea5') in 0.0055047 seconds
Start importing Assets/Settings/URP_Asset.asset using Guid(129e26d717693944c8790e0a881d5474) (NativeFormatImporter) -> (artifact id: '77a2959cfd5f184be392fa620dc8ec9d') in 0.0066768 seconds
Start importing Assets/UniversalRenderPipelineGlobalSettings.asset using Guid(920504c97957f4f488df9077312eaa32) (NativeFormatImporter) -> (artifact id: 'fc5dff387ac48539ff759f1d1c096835') in 0.0045612 seconds
Start importing Assets/CyberEye/Fonts/ShareTechMono SDF.asset using Guid(c41c45858c61b6e4eaade095d00c7e35) (NativeFormatImporter) -> (artifact id: '7860cf5178425eeeefdb596caee69b9e') in 0.0058365 seconds
Start importing Assets/Resources/PerformanceTestRunSettings.json using Guid(e4b72576ac285624ba1924202684c823) (TextScriptImporter) -> (artifact id: '423e7da862ef045f4dac57874074b353') in 0.0086603 seconds
Start importing Assets/Resources/PerformanceTestRunInfo.json using Guid(b8f19eb09cbddb744965bbaef73aa5bd) (TextScriptImporter) -> (artifact id: 'c4adc7ca2dcf24b963db769a39a42c56') in 0.0080016 seconds
Shader Hidden/ProbeVolume/VoxelizeScene is not supported: GPU does not support conservative rasterization
Refreshing native plugins compatible for Editor in 17.66 ms, found 2 plugins.
Preloading 1 native plugins for Editor in 1.71 ms.
Asset Pipeline Refresh (id=54ee28f7333aca44489f4b1dc5c13f7b): Total: 0.647 seconds - Initiated by StopAssetImportingV2(NoUpdateAssetOptions)
	Summary:
		Imports: total=8 (actual=8, local cache=0, cache server=0)
		Asset DB Process Time: managed=4 ms, native=233 ms
		Asset DB Callback time: managed=209 ms, native=198 ms
		Scripting: domain reloads=0, domain reload time=0 ms, compile time=0 ms, other=0 ms
		Project Asset Count: scripts=1361, non-scripts=2357
		Asset File Changes: new=2, changed=3, moved=0, deleted=0
		Scan Filter Count: 0
	InvokeCustomDependenciesCallbacks: 0.001ms
	InvokePackagesCallback: 0.001ms
	ApplyChangesToAssetFolders: 0.247ms
	Scan: 72.544ms
	OnSourceAssetsModified: 2.189ms
	CategorizeAssetsWithTransientArtifact: 0.045ms
	ProcessAssetsWithTransientArtifactChanges: 0.207ms
	CategorizeAssets: 66.569ms
	ImportOutOfDateAssets: 78.380ms (1.039ms without children)
		ImportManagerImport: 73.639ms (4.164ms without children)
			ImportInProcess: 69.346ms
			UpdateCategorizedAssets: 0.129ms
		ReloadNativeAssets: 0.098ms
		UnloadImportedAssets: 0.868ms
		ReloadImportedAssets: 0.001ms
		EnsureUptoDateAssetsAreRegisteredWithGuidPM: 1.671ms
		InitializingProgressBar: 0.028ms
		PostProcessAllAssetNotificationsAddChangedAssets: 0.002ms
		OnDemandSchedulerStart: 1.035ms
	PostProcessAllAssets: 491.025ms
	Hotreload: 23.137ms
	GatherAllCurrentPrimaryArtifactRevisions: 0.415ms
	UnloadStreamsBegin: 0.141ms
	PersistCurrentRevisions: 1.096ms
	UnloadStreamsEnd: 0.119ms
	Untracked: -88.908ms

Refreshing native plugins compatible for Editor in 16.73 ms, found 2 plugins.
Refreshing native plugins compatible for Editor in 20.50 ms, found 2 plugins.
Preloading 1 native plugins for Editor in 0.21 ms.
Asset Pipeline Refresh (id=36f426c898c00ff4891dbf96f688fbf9): Total: 0.111 seconds - Initiated by StopAssetImportingV2(NoUpdateAssetOptions)
Refreshing native plugins compatible for Editor in 19.60 ms, found 2 plugins.
Refreshing native plugins compatible for Editor in 18.45 ms, found 2 plugins.
Refreshing native plugins compatible for Editor in 19.05 ms, found 2 plugins.
Preloading 1 native plugins for Editor in 0.38 ms.
Asset Pipeline Refresh (id=2845a6bcd8b2a5d4d9daa66b0ba0e3ea): Total: 0.149 seconds - Initiated by StopAssetImportingV2(NoUpdateAssetOptions)
Asset Pipeline Refresh (id=ec9944e111f24fd44b7a0f36ce70c78b): Total: 0.046 seconds - Initiated by RefreshV2(NoUpdateAssetOptions)
Failed to move the asset (Assets/XR/UserSimulationSettings/Resources/XRSimulationPreferences.asset) to a temporary location: Cannot move asset from Assets/XR/UserSimulationSettings/Resources/XRSimulationPreferences.asset to Assets/XR/Temp/XRSimulationPreferences.asset. Destination path name does already exist
UnityEngine.Debug:ExtractStackTraceNoAlloc (byte*,int,string)
UnityEngine.StackTraceUtility:ExtractStackTrace ()
UnityEngine.DebugLogHandler:Internal_Log (UnityEngine.LogType,UnityEngine.LogOption,string,UnityEngine.Object)
UnityEngine.DebugLogHandler:LogFormat (UnityEngine.LogType,UnityEngine.Object,string,object[])
UnityEngine.Logger:Log (UnityEngine.LogType,object)
UnityEngine.Debug:LogWarning (object)
UnityEditor.XR.Simulation.SimulationSettingsBuildProcessor:TryMoveAsset (string,string) (at ./Library/PackageCache/com.unity.xr.arfoundation@f996f0242444/Editor/Simulation/SimulationSettingsBuildProcessor.cs:121)
UnityEditor.XR.Simulation.SimulationSettingsBuildProcessor:OnPreprocessBuild (UnityEditor.Build.Reporting.BuildReport) (at ./Library/PackageCache/com.unity.xr.arfoundation@f996f0242444/Editor/Simulation/SimulationSettingsBuildProcessor.cs:50)
UnityEditor.Build.BuildPipelineInterfaces/<>c__DisplayClass17_0:<OnBuildPreProcess>b__1 (UnityEditor.Build.IPreprocessBuildWithReport)
UnityEditor.Build.BuildPipelineInterfaces:InvokeCallbackInterfacesPair<UnityEditor.Build.IPreprocessBuild, UnityEditor.Build.IPreprocessBuildWithReport> (System.Collections.Generic.List`1<UnityEditor.Build.IPreprocessBuild>,System.Action`1<UnityEditor.Build.IPreprocessBuild>,System.Collections.Generic.List`1<UnityEditor.Build.IPreprocessBuildWithReport>,System.Action`1<UnityEditor.Build.IPreprocessBuildWithReport>,bool)
UnityEditor.Build.BuildPipelineInterfaces:OnBuildPreProcess (UnityEditor.Build.Reporting.BuildReport)
UnityEditor.BuildPipeline:BuildPlayerInternalNoCheck (string[],string,string,UnityEditor.BuildTargetGroup,UnityEditor.BuildTarget,int,UnityEditor.BuildOptions,string[],bool)
UnityEditor.BuildPipeline:BuildPlayerInternal (string[],string,string,UnityEditor.BuildTargetGroup,UnityEditor.BuildTarget,int,UnityEditor.BuildOptions,string[])
UnityEditor.BuildPipeline:BuildPlayer (string[],string,string,UnityEditor.BuildTargetGroup,UnityEditor.BuildTarget,int,UnityEditor.BuildOptions,string[])
UnityEditor.BuildPipeline:BuildPlayer (UnityEditor.BuildPlayerOptions)
BuildScript:PerformAndroidBuild () (at Assets/Editor/BuildScript.cs:133)

(Filename: ./Library/PackageCache/com.unity.xr.arfoundation@f996f0242444/Editor/Simulation/SimulationSettingsBuildProcessor.cs Line: 121)

Failed to move the asset (Assets/XR/Resources/XRSimulationRuntimeSettings.asset) to a temporary location: Cannot move asset from Assets/XR/Resources/XRSimulationRuntimeSettings.asset to Assets/XR/Temp/XRSimulationRuntimeSettings.asset. Destination path name does already exist
UnityEngine.Debug:ExtractStackTraceNoAlloc (byte*,int,string)
UnityEngine.StackTraceUtility:ExtractStackTrace ()
UnityEngine.DebugLogHandler:Internal_Log (UnityEngine.LogType,UnityEngine.LogOption,string,UnityEngine.Object)
UnityEngine.DebugLogHandler:LogFormat (UnityEngine.LogType,UnityEngine.Object,string,object[])
UnityEngine.Logger:Log (UnityEngine.LogType,object)
UnityEngine.Debug:LogWarning (object)
UnityEditor.XR.Simulation.SimulationSettingsBuildProcessor:TryMoveAsset (string,string) (at ./Library/PackageCache/com.unity.xr.arfoundation@f996f0242444/Editor/Simulation/SimulationSettingsBuildProcessor.cs:121)
UnityEditor.XR.Simulation.SimulationSettingsBuildProcessor:OnPreprocessBuild (UnityEditor.Build.Reporting.BuildReport) (at ./Library/PackageCache/com.unity.xr.arfoundation@f996f0242444/Editor/Simulation/SimulationSettingsBuildProcessor.cs:50)
UnityEditor.Build.BuildPipelineInterfaces/<>c__DisplayClass17_0:<OnBuildPreProcess>b__1 (UnityEditor.Build.IPreprocessBuildWithReport)
UnityEditor.Build.BuildPipelineInterfaces:InvokeCallbackInterfacesPair<UnityEditor.Build.IPreprocessBuild, UnityEditor.Build.IPreprocessBuildWithReport> (System.Collections.Generic.List`1<UnityEditor.Build.IPreprocessBuild>,System.Action`1<UnityEditor.Build.IPreprocessBuild>,System.Collections.Generic.List`1<UnityEditor.Build.IPreprocessBuildWithReport>,System.Action`1<UnityEditor.Build.IPreprocessBuildWithReport>,bool)
UnityEditor.Build.BuildPipelineInterfaces:OnBuildPreProcess (UnityEditor.Build.Reporting.BuildReport)
UnityEditor.BuildPipeline:BuildPlayerInternalNoCheck (string[],string,string,UnityEditor.BuildTargetGroup,UnityEditor.BuildTarget,int,UnityEditor.BuildOptions,string[],bool)
UnityEditor.BuildPipeline:BuildPlayerInternal (string[],string,string,UnityEditor.BuildTargetGroup,UnityEditor.BuildTarget,int,UnityEditor.BuildOptions,string[])
UnityEditor.BuildPipeline:BuildPlayer (string[],string,string,UnityEditor.BuildTargetGroup,UnityEditor.BuildTarget,int,UnityEditor.BuildOptions,string[])
UnityEditor.BuildPipeline:BuildPlayer (UnityEditor.BuildPlayerOptions)
BuildScript:PerformAndroidBuild () (at Assets/Editor/BuildScript.cs:133)

(Filename: ./Library/PackageCache/com.unity.xr.arfoundation@f996f0242444/Editor/Simulation/SimulationSettingsBuildProcessor.cs Line: 121)

Asset Pipeline Refresh (id=da5fc26500abe154b9ca53170cecb49c): Total: 0.010 seconds - Initiated by RefreshV2(NoUpdateAssetOptions)
The Unity Cloud Diagnostics service is enabled, and it requires Debug Symbols to be either SymbolTable or Full to resolve stacktraces in crash reports. Consider selecting Full to receive fully-detailed crash reports.
UnityEngine.Debug:ExtractStackTraceNoAlloc (byte*,int,string)
UnityEngine.StackTraceUtility:ExtractStackTrace ()
UnityEngine.DebugLogHandler:Internal_Log (UnityEngine.LogType,UnityEngine.LogOption,string,UnityEngine.Object)
UnityEngine.DebugLogHandler:LogFormat (UnityEngine.LogType,UnityEngine.Object,string,object[])
UnityEngine.Logger:Log (UnityEngine.LogType,object)
UnityEngine.Debug:LogWarning (object)
UnityEditor.Android.PostProcessAndroidPlayer:SetupContextForPreBuild (UnityEditor.BuildOptions,UnityEditor.BuildTarget) (at /home/bokken/build/output/unity/unity/PlatformDependent/AndroidPlayer/Editor/Managed/PostProcessAndroidPlayer.cs:131)
UnityEditor.Android.PostProcessAndroidPlayer:PrepareForBuild (UnityEditor.BuildOptions,UnityEditor.BuildTarget) (at /home/bokken/build/output/unity/unity/PlatformDependent/AndroidPlayer/Editor/Managed/PostProcessAndroidPlayer.cs:49)
UnityEditor.Android.AndroidBuildPostprocessor:PrepareForBuild (UnityEditor.BuildPlayerOptions) (at /home/bokken/build/output/unity/unity/PlatformDependent/AndroidPlayer/Editor/Managed/ExtensionModule.cs:1175)
UnityEditor.PostprocessBuildPlayer:PrepareForBuild (UnityEditor.BuildPlayerOptions)
UnityEditor.BuildPipeline:BuildPlayerInternalNoCheck (string[],string,string,UnityEditor.BuildTargetGroup,UnityEditor.BuildTarget,int,UnityEditor.BuildOptions,string[],bool)
UnityEditor.BuildPipeline:BuildPlayerInternal (string[],string,string,UnityEditor.BuildTargetGroup,UnityEditor.BuildTarget,int,UnityEditor.BuildOptions,string[])
UnityEditor.BuildPipeline:BuildPlayer (string[],string,string,UnityEditor.BuildTargetGroup,UnityEditor.BuildTarget,int,UnityEditor.BuildOptions,string[])
UnityEditor.BuildPipeline:BuildPlayer (UnityEditor.BuildPlayerOptions)
BuildScript:PerformAndroidBuild () (at Assets/Editor/BuildScript.cs:133)

(Filename: /home/bokken/build/output/unity/unity/PlatformDependent/AndroidPlayer/Editor/Managed/PostProcessAndroidPlayer.cs Line: 131)

DisplayProgressbar: Checking prerequisites
Android PostProcess task "Checking prerequisites" took 30.0744 ms
DisplayProgressbar: Detect Java Development Kit (JDK)
Android PostProcess task "Detect Java Development Kit (JDK)" took 222.6012 ms
DisplayProgressbar: Detecting Android SDK
AndroidSDKTools:

	root          : C:\Program Files\Unity\Hub\Editor\6000.0.78f1\Editor\Data\PlaybackEngines\AndroidPlayer\SDK
	cmdline-tools : C:\Program Files\Unity\Hub\Editor\6000.0.78f1\Editor\Data\PlaybackEngines\AndroidPlayer\SDK\cmdline-tools\16.0
	platform-tools: C:\Program Files\Unity\Hub\Editor\6000.0.78f1\Editor\Data\PlaybackEngines\AndroidPlayer\SDK\platform-tools
	build-tools   : C:\Program Files\Unity\Hub\Editor\6000.0.78f1\Editor\Data\PlaybackEngines\AndroidPlayer\SDK\build-tools\36.0.0

	adb           : C:\Program Files\Unity\Hub\Editor\6000.0.78f1\Editor\Data\PlaybackEngines\AndroidPlayer\SDK\platform-tools\adb.exe

Android PostProcess task "Detecting Android SDK" took 5783.2908 ms
DisplayProgressbar: Detect Android NDK
Android PostProcess task "Detect Android NDK" took 5.075 ms
Android PostProcess task "Trying to find a suitable Android device" took 0.9662 ms
DisplayProgressbar: Check resources
Android PostProcess task "Check resources" took 0.8221 ms
DisplayProgressbar: Check Android Player Settings
Android PostProcess task "Check Android Player Settings" took 0.9263 ms
Launched and connected shader compiler UnityShaderCompiler.exe after 0.06 seconds
info: Microsoft.AspNetCore.Hosting.Diagnostics[1]
      Request starting HTTP/2 POST http://ilpp/UnityILPP.PostProcessing/Ping application/grpc -
info: Microsoft.AspNetCore.Routing.EndpointMiddleware[0]
      Executing endpoint 'gRPC - /UnityILPP.PostProcessing/Ping'
info: Microsoft.AspNetCore.Routing.EndpointMiddleware[1]
      Executed endpoint 'gRPC - /UnityILPP.PostProcessing/Ping'
info: Microsoft.AspNetCore.Hosting.Diagnostics[2]
      Request finished HTTP/2 POST http://ilpp/UnityILPP.PostProcessing/Ping application/grpc - - 200 - application/grpc 0.5163ms
Starting: C:\Program Files\Unity\Hub\Editor\6000.0.78f1\Editor\Data\bee_backend.exe --ipc --defer-dag-verification --dagfile="Library/Bee/1300b0aESkipCompile.dag" --continue-on-failure --profile="Library/Bee/backend1.traceevents" ScriptAssembliesAndTypeDB
WorkingDir: C:/Users/jslade/CyberEyeXR
DisplayProgressbar: Compiling Scripts
ExitCode: 0 Duration: 2s533ms
[3/4        2s] BuildPlayerDataGenerator Library/BuildPlayerData/Editor/TypeDb-All.json
*** Tundra build success (2.44 seconds), 1 items updated, 4 evaluated
Asset Pipeline Refresh (id=fc3f7f79a8fb504469bf1016a5c2872f): Total: 0.009 seconds - Initiated by RefreshV2(NoUpdateAssetOptions)
[ScriptCompilation] Requested script compilation because: Recompiling scripts for player build.
BuildPlayer: start building target 13
info: Microsoft.AspNetCore.Hosting.Diagnostics[1]
      Request starting HTTP/2 POST http://ilpp/UnityILPP.PostProcessing/Ping application/grpc -
info: Microsoft.AspNetCore.Routing.EndpointMiddleware[0]
      Executing endpoint 'gRPC - /UnityILPP.PostProcessing/Ping'
info: Microsoft.AspNetCore.Routing.EndpointMiddleware[1]
      Executed endpoint 'gRPC - /UnityILPP.PostProcessing/Ping'
info: Microsoft.AspNetCore.Hosting.Diagnostics[2]
      Request finished HTTP/2 POST http://ilpp/UnityILPP.PostProcessing/Ping application/grpc - - 200 - application/grpc 0.2005ms
Starting: C:\Program Files\Unity\Hub\Editor\6000.0.78f1\Editor\Data\bee_backend.exe --ipc --defer-dag-verification --dagfile="Library/Bee/1300b0aP.dag" --continue-on-failure --profile="Library/Bee/backend1.traceevents" ScriptAssembliesAndTypeDB
WorkingDir: C:/Users/jslade/CyberEyeXR
info: Microsoft.AspNetCore.Hosting.Diagnostics[1]
      Request starting HTTP/2 POST http://ilpp/UnityILPP.PostProcessing/ConfigurePostProcessors application/grpc -
info: Microsoft.AspNetCore.Routing.EndpointMiddleware[0]
      Executing endpoint 'gRPC - /UnityILPP.PostProcessing/ConfigurePostProcessors'
info: Unity.ILPP.Runner.PostProcessingAssemblyLoadContext[0]
      ALC ILPP context 1 is unloading
warn: Unity.ILPP.Runner.PostProcessingAssemblyLoadContext[0]
      Assembly system.runtime.interopservices.windowsruntime has duplicate hint path. Ignoring "C:\Program Files\Unity\Hub\Editor\6000.0.78f1\Editor\Data\UnityReferenceAssemblies\unity-4.8-api\Facades\System.Runtime.InteropServices.WindowsRuntime.dll" in favor of "C:\Program Files\Unity\Hub\Editor\6000.0.78f1\Editor\Data\NetStandard\Extensions\2.0.0\System.Runtime.InteropServices.WindowsRuntime.dll"
warn: Unity.ILPP.Runner.PostProcessingAssemblyLoadContext[0]
      Assembly system.componentmodel.composition has duplicate hint path. Ignoring "C:\Program Files\Unity\Hub\Editor\6000.0.78f1\Editor\Data\UnityReferenceAssemblies\unity-4.8-api\System.ComponentModel.Composition.dll" in favor of "C:\Program Files\Unity\Hub\Editor\6000.0.78f1\Editor\Data\NetStandard\compat\2.1.0\shims\netfx\System.ComponentModel.Composition.dll"
info: Unity.ILPP.Runner.PostProcessingAssemblyLoadContext[0]
      Resolved Unity.Burst.Cecil, Version=0.11.6.0, Culture=neutral, PublicKeyToken=50cebf1cceb9d05e with Library\PackageCache\com.unity.burst@6bb9aca3ef38\Unity.Burst.CodeGen\Unity.Burst.Cecil.dll
info: Unity.ILPP.Runner.PostProcessingAssemblyLoadContext[0]
      Resolved Mono.Cecil, Version=0.11.5.0, Culture=neutral, PublicKeyToken=50cebf1cceb9d05e with Library\PackageCache\com.unity.nuget.mono-cecil@ecb9724e46ff\Mono.Cecil.dll
info: Microsoft.AspNetCore.Routing.EndpointMiddleware[1]
      Executed endpoint 'gRPC - /UnityILPP.PostProcessing/ConfigurePostProcessors'
info: Microsoft.AspNetCore.Hosting.Diagnostics[2]
      Request finished HTTP/2 POST http://ilpp/UnityILPP.PostProcessing/ConfigurePostProcessors application/grpc - - 200 - application/grpc 110.3287ms
Total cache size 268274982
Total cache size after purge 268274982, took 00:00:02.8418372
info: Microsoft.AspNetCore.Hosting.Diagnostics[1]
      Request starting HTTP/2 POST http://ilpp/UnityILPP.PostProcessing/PostProcessAssembly application/grpc -
info: Microsoft.AspNetCore.Routing.EndpointMiddleware[0]
      Executing endpoint 'gRPC - /UnityILPP.PostProcessing/PostProcessAssembly'
info: Unity.ILPP.Runner.PostProcessingPipeline[0]
      Processing assembly Library/Bee/artifacts/1300b0aP.dag/Assembly-CSharp.dll, with 132 defines and 218 references
info: Unity.ILPP.Runner.PostProcessingPipeline[0]
      processors: Unity.Jobs.CodeGen.JobsILPostProcessor, zzzUnity.Burst.CodeGen.BurstILPostProcessor
info: Unity.ILPP.Runner.PostProcessingPipeline[0]
      running Unity.Jobs.CodeGen.JobsILPostProcessor
info: Unity.ILPP.Runner.PostProcessingAssemblyLoadContext[0]
      Resolved Unity.Collections, Version=0.0.0.0, Culture=neutral, PublicKeyToken=null with Library\Bee\artifacts\Android_CodeGen\Unity.Collections.dll
info: Unity.ILPP.Runner.PostProcessingAssemblyLoadContext[0]
      Resolved UnityEditor.CoreModule, Version=0.0.0.0, Culture=neutral, PublicKeyToken=null with C:\Program Files\Unity\Hub\Editor\6000.0.78f1\Editor\Data\Managed\UnityEngine\UnityEditor.CoreModule.dll
info: Unity.ILPP.Runner.PostProcessingAssemblyLoadContext[0]
      Resolved UnityEngine.CoreModule, Version=0.0.0.0, Culture=neutral, PublicKeyToken=null with C:\Program Files\Unity\Hub\Editor\6000.0.78f1\Editor\Data\Managed\UnityEngine\UnityEngine.CoreModule.dll
info: Unity.ILPP.Runner.PostProcessingPipeline[0]
      running zzzUnity.Burst.CodeGen.BurstILPostProcessor
info: Unity.ILPP.Runner.PostProcessingAssemblyLoadContext[0]
      Resolved Unity.Burst.Cecil.Rocks, Version=0.11.6.0, Culture=neutral, PublicKeyToken=50cebf1cceb9d05e with Library\PackageCache\com.unity.burst@6bb9aca3ef38\Unity.Burst.CodeGen\Unity.Burst.Cecil.Rocks.dll
info: Microsoft.AspNetCore.Routing.EndpointMiddleware[1]
      Executed endpoint 'gRPC - /UnityILPP.PostProcessing/PostProcessAssembly'
info: Microsoft.AspNetCore.Hosting.Diagnostics[2]
      Request finished HTTP/2 POST http://ilpp/UnityILPP.PostProcessing/PostProcessAssembly application/grpc - - 200 - application/grpc 814.5876ms
ExitCode: 0 Duration: 6s350ms
[340/653    0s] WriteResponseFile Library/Bee/artifacts/rsp/4747638433968585886.rsp
[541/653    0s] ILPP-Configuration Library/ilpp-configuration.nevergeneratedoutput
[577/653    0s] CopyFiles Library/Bee/PlayerScriptAssemblies/Unity.Burst.dll
[578/653    0s] CopyFiles Library/Bee/PlayerScriptAssemblies/Unity.RenderPipelines.Universal.2D.Runtime.dll
[579/653    0s] CopyFiles Library/Bee/PlayerScriptAssemblies/Unity.XR.ARFoundation.VisualScripting.dll
[580/653    0s] CopyFiles Library/Bee/PlayerScriptAssemblies/Unity.RenderPipelines.Universal.Runtime.dll
[581/653    0s] CopyFiles Library/Bee/PlayerScriptAssemblies/Unity.InputSystem.ForUI.dll
[582/653    0s] CopyFiles Library/Bee/PlayerScriptAssemblies/Unity.AppUI.Undo.dll
[583/653    0s] CopyFiles Library/Bee/PlayerScriptAssemblies/UnityEngine.XR.LegacyInputHelpers.dll
[584/653    0s] CopyFiles Library/Bee/PlayerScriptAssemblies/UnityEngine.SpatialTracking.dll
[585/653    0s] CopyFiles Library/Bee/PlayerScriptAssemblies/Unity.RenderPipelines.Core.ShaderLibrary.dll
[586/653    0s] CopyFiles Library/Bee/PlayerScriptAssemblies/Unity.XR.XREAL.dll
[587/653    0s] CopyFiles Library/Bee/PlayerScriptAssemblies/Unity.InferenceEngine.dll
[588/653    0s] CopyFiles Library/Bee/PlayerScriptAssemblies/Unity.XR.Management.dll
[589/653    0s] CopyFiles Library/Bee/PlayerScriptAssemblies/Unity.AppUI.Navigation.dll
[590/653    0s] CopyFiles Library/Bee/PlayerScriptAssemblies/Unity.AppUI.MVVM.dll
[591/653    0s] CopyFiles Library/Bee/PlayerScriptAssemblies/Unity.InputSystem.dll
[592/653    0s] CopyFiles Library/Bee/PlayerScriptAssemblies/Unity.XR.ARFoundation.InternalUtils.dll
[593/653    0s] CopyFiles Library/Bee/PlayerScriptAssemblies/Unity.Mathematics.dll
[594/653    0s] CopyFiles Library/Bee/PlayerScriptAssemblies/Unity.RenderPipelines.GPUDriven.Runtime.dll
[595/653    0s] CopyFiles Library/Bee/PlayerScriptAssemblies/Unity.RenderPipeline.Universal.ShaderLibrary.dll
[596/653    0s] CopyFiles Library/Bee/PlayerScriptAssemblies/Unity.RenderPipelines.Universal.Shaders.dll
[597/653    0s] CopyFiles Library/Bee/PlayerScriptAssemblies/Unity.RenderPipelines.Core.Runtime.Shared.dll
[598/653    0s] CopyFiles Library/Bee/PlayerScriptAssemblies/Unity.InferenceEngine.Tokenization.dll
[599/653    0s] CopyFiles Library/Bee/PlayerScriptAssemblies/Unity.XR.ARFoundation.dll
[600/653    0s] CopyFiles Library/Bee/PlayerScriptAssemblies/Unity.Rendering.LightTransport.Runtime.dll
[601/653    0s] CopyFiles Library/Bee/PlayerScriptAssemblies/Unity.XR.ARSubsystems.dll
[602/653    0s] CopyFiles Library/Bee/PlayerScriptAssemblies/Unity.XR.CoreUtils.dll
[603/653    0s] CopyFiles Library/Bee/PlayerScriptAssemblies/Unity.RenderPipelines.Core.Runtime.dll
[604/653    0s] CopyFiles Library/Bee/PlayerScriptAssemblies/Unity.XR.Interaction.Toolkit.dll
[605/653    0s] CopyFiles Library/Bee/PlayerScriptAssemblies/Unity.RenderPipelines.Universal.Config.Runtime.dll
[606/653    0s] CopyFiles Library/Bee/PlayerScriptAssemblies/Unity.Collections.dll
[607/653    0s] CopyFiles Library/Bee/PlayerScriptAssemblies/Unity.RenderPipelines.ShaderGraph.ShaderGraphLibrary.dll
[608/653    0s] CopyFiles Library/Bee/PlayerScriptAssemblies/Unity.AppUI.dll
[609/653    0s] CopyFiles Library/Bee/PlayerScriptAssemblies/Unity.AppUI.InternalAPIBridge.dll
[610/653    0s] CopyFiles Library/Bee/PlayerScriptAssemblies/UnityEngine.UI.dll
[611/653    0s] CopyFiles Library/Bee/PlayerScriptAssemblies/Unity.TextMeshPro.dll
[612/653    0s] CopyFiles Library/Bee/PlayerScriptAssemblies/UnityEngine.SpatialTracking.pdb
[613/653    0s] CopyFiles Library/Bee/PlayerScriptAssemblies/Unity.InferenceEngine.pdb
[614/653    0s] CopyFiles Library/Bee/PlayerScriptAssemblies/Unity.RenderPipelines.Core.ShaderLibrary.pdb
[615/653    0s] CopyFiles Library/Bee/PlayerScriptAssemblies/Unity.XR.XREAL.pdb
[616/653    0s] CopyFiles Library/Bee/PlayerScriptAssemblies/Unity.AppUI.Navigation.pdb
[617/653    0s] CopyFiles Library/Bee/PlayerScriptAssemblies/Unity.InputSystem.ForUI.pdb
[618/653    0s] CopyFiles Library/Bee/PlayerScriptAssemblies/Unity.RenderPipelines.Universal.2D.Runtime.pdb
[619/653    0s] CopyFiles Library/Bee/PlayerScriptAssemblies/Unity.RenderPipelines.GPUDriven.Runtime.pdb
[620/653    0s] CopyFiles Library/Bee/PlayerScriptAssemblies/UnityEngine.XR.LegacyInputHelpers.pdb
[621/653    0s] CopyFiles Library/Bee/PlayerScriptAssemblies/Unity.XR.ARFoundation.InternalUtils.pdb
[622/653    0s] CopyFiles Library/Bee/PlayerScriptAssemblies/Unity.InferenceEngine.Tokenization.pdb
[623/653    0s] CopyFiles Library/Bee/PlayerScriptAssemblies/Unity.XR.ARFoundation.pdb
[624/653    0s] CopyFiles Library/Bee/PlayerScriptAssemblies/Unity.Burst.pdb
[625/653    0s] CopyFiles Library/Bee/PlayerScriptAssemblies/Unity.AppUI.pdb
[626/653    0s] CopyFiles Library/Bee/PlayerScriptAssemblies/Unity.AppUI.Undo.pdb
[627/653    0s] CopyFiles Library/Bee/PlayerScriptAssemblies/Unity.RenderPipelines.Universal.Shaders.pdb
[628/653    0s] CopyFiles Library/Bee/PlayerScriptAssemblies/Unity.Collections.pdb
[629/653    0s] CopyFiles Library/Bee/PlayerScriptAssemblies/Unity.Rendering.LightTransport.Runtime.pdb
[630/653    0s] CopyFiles Library/Bee/PlayerScriptAssemblies/Unity.XR.ARSubsystems.pdb
[631/653    0s] CopyFiles Library/Bee/PlayerScriptAssemblies/Unity.RenderPipelines.Universal.Runtime.pdb
[632/653    0s] CopyFiles Library/Bee/PlayerScriptAssemblies/Unity.RenderPipelines.Core.Runtime.Shared.pdb
[633/653    0s] CopyFiles Library/Bee/PlayerScriptAssemblies/Unity.InputSystem.pdb
[634/653    0s] CopyFiles Library/Bee/PlayerScriptAssemblies/Unity.XR.ARFoundation.VisualScripting.pdb
[635/653    0s] CopyFiles Library/Bee/PlayerScriptAssemblies/Unity.RenderPipelines.ShaderGraph.ShaderGraphLibrary.pdb
[636/653    0s] CopyFiles Library/Bee/PlayerScriptAssemblies/Unity.AppUI.InternalAPIBridge.pdb
[637/653    0s] CopyFiles Library/Bee/PlayerScriptAssemblies/UnityEngine.UI.pdb
[638/653    0s] CopyFiles Library/Bee/PlayerScriptAssemblies/Unity.Mathematics.pdb
[639/653    0s] CopyFiles Library/Bee/PlayerScriptAssemblies/Unity.AppUI.MVVM.pdb
[640/653    0s] CopyFiles Library/Bee/PlayerScriptAssemblies/Unity.RenderPipelines.Universal.Config.Runtime.pdb
[641/653    0s] CopyFiles Library/Bee/PlayerScriptAssemblies/Unity.TextMeshPro.pdb
[642/653    0s] CopyFiles Library/Bee/PlayerScriptAssemblies/Unity.XR.Management.pdb
[643/653    0s] CopyFiles Library/Bee/PlayerScriptAssemblies/Unity.RenderPipeline.Universal.ShaderLibrary.pdb
[644/653    0s] CopyFiles Library/Bee/PlayerScriptAssemblies/Unity.XR.Interaction.Toolkit.pdb
[645/653    0s] CopyFiles Library/Bee/PlayerScriptAssemblies/Unity.XR.CoreUtils.pdb
[646/653    0s] CopyFiles Library/Bee/PlayerScriptAssemblies/Unity.RenderPipelines.Core.Runtime.pdb
[647/653    2s] Csc Library/Bee/artifacts/1300b0aP.dag/Assembly-CSharp.dll (+2 others)
[648/653    0s] ILPostProcess Library/Bee/artifacts/1300b0aP.dag/post-processed/Assembly-CSharp.dll (+pdb)
Processing assembly Library/Bee/artifacts/1300b0aP.dag/Assembly-CSharp.dll, with 132 defines and 218 references

processors: Unity.Jobs.CodeGen.JobsILPostProcessor, zzzUnity.Burst.CodeGen.BurstILPostProcessor

running Unity.Jobs.CodeGen.JobsILPostProcessor

running zzzUnity.Burst.CodeGen.BurstILPostProcessor
[649/653    0s] CopyFiles Library/Bee/PlayerScriptAssemblies/Assembly-CSharp.pdb
[650/653    0s] CopyFiles Library/Bee/PlayerScriptAssemblies/Assembly-CSharp.dll
[652/653    1s] BuildPlayerDataGenerator Library/BuildPlayerData/Player/RuntimeInitializeOnLoads.json (+1 other)
*** Tundra build success (6.26 seconds), 77 items updated, 653 evaluated
Rebuilding Data files because Assets/Scenes/Main.unity is dirty (hash)
Opening scene 'Assets/Scenes/Main.unity'
Unloading 9 Unused Serialized files (Serialized files now loaded: 0)
Loaded scene 'Assets/Scenes/Main.unity'
	Deserialize:            60.248 ms
	Integration:            423.663 ms
	Integration of assets:  0.152 ms
	Thread Wait Time:       0.073 ms
	Total Operation Time:   484.136 ms
Unloading 63 unused Assets / (0.7 MB). Loaded Objects now: 7228.
Memory consumption went from 192.0 MB to 191.3 MB.
Total: 12.682500 ms (FindLiveObjects: 0.541700 ms CreateObjectMapping: 0.414900 ms MarkObjects: 11.065700 ms  DeleteObjects: 0.658700 ms)

Created GICache directory at C:/Users/jslade/AppData/LocalLow/Unity/Caches/GiCache. Took: 0.160s, timestamps: [44.451 - 44.611]
Total cache size 268274982
Total cache size after purge 268274982, took 00:00:02.1419802


Mono dependencies included in the build
Dependency assembly - Accessibility.dll
Dependency assembly - Mono.Security.dll
Dependency assembly - System.Security.Cryptography.Hashing.dll
Dependency assembly - System.Diagnostics.TraceSource.dll
Dependency assembly - System.Runtime.dll
Dependency assembly - System.Security.Claims.dll
Dependency assembly - Unity.RenderPipelines.Core.ShaderLibrary.dll
Dependency assembly - Unity.XR.XREAL.dll
Dependency assembly - Unity.RenderPipeline.Universal.ShaderLibrary.dll
Dependency assembly - System.Buffers.dll
Dependency assembly - System.ServiceModel.Duplex.dll
Dependency assembly - System.Threading.dll
Dependency assembly - System.IO.FileSystem.DriveInfo.dll
Dependency assembly - System.IO.FileSystem.AccessControl.dll
Dependency assembly - System.Net.HttpListener.dll
Dependency assembly - System.Runtime.CompilerServices.Unsafe.dll
Dependency assembly - System.Diagnostics.StackTrace.dll
Dependency assembly - Unity.XR.Interaction.Toolkit.dll
Dependency assembly - Unity.RenderPipelines.GPUDriven.Runtime.dll
Dependency assembly - System.Threading.Overlapped.dll
Dependency assembly - System.Reflection.TypeExtensions.dll
Dependency assembly - System.Xml.XPath.dll
Dependency assembly - System.Reflection.Emit.ILGeneration.dll
Dependency assembly - System.ServiceModel.NetTcp.dll
Dependency assembly - System.Security.Cryptography.ProtectedData.dll
Dependency assembly - System.Web.Extensions.dll
Dependency assembly - System.Text.Encoding.CodePages.dll
Dependency assembly - System.ServiceModel.Primitives.dll
Dependency assembly - System.Security.Cryptography.X509Certificates.dll
Dependency assembly - System.DirectoryServices.dll
Dependency assembly - System.Linq.Expressions.dll
Dependency assembly - System.IO.Hashing.dll
Dependency assembly - System.Collections.dll
Dependency assembly - System.Resources.Reader.dll
Dependency assembly - System.Runtime.Extensions.dll
Dependency assembly - System.Net.Primitives.dll
Dependency assembly - System.Security.Cryptography.Encryption.dll
Dependency assembly - System.Threading.AccessControl.dll
Dependency assembly - System.ServiceModel.Http.dll
Dependency assembly - System.IO.Compression.ZipFile.dll
Dependency assembly - System.ServiceModel.Internals.dll
Dependency assembly - System.Design.dll
Dependency assembly - System.ValueTuple.dll
Dependency assembly - System.Net.Http.WebRequest.dll
Dependency assembly - System.Web.Services.dll
Dependency assembly - I18N.MidEast.dll
Dependency assembly - Assembly-CSharp.dll
Dependency assembly - System.Net.Cache.dll
Dependency assembly - System.Runtime.Serialization.Xml.dll
Dependency assembly - System.Runtime.Caching.dll
Dependency assembly - Unity.AppUI.MVVM.dll
Dependency assembly - System.Memory.dll
Dependency assembly - System.Security.Cryptography.DeriveBytes.dll
Dependency assembly - System.Net.Utilities.dll
Dependency assembly - System.Diagnostics.TraceEvent.dll
Dependency assembly - System.Xaml.dll
Dependency assembly - Unity.AppUI.dll
Dependency assembly - System.Configuration.dll
Dependency assembly - System.ServiceModel.dll
Dependency assembly - System.DirectoryServices.Protocols.dll
Dependency assembly - System.Security.Cryptography.Hashing.Algorithms.dll
Dependency assembly - System.ServiceModel.Routing.dll
Dependency assembly - System.IO.UnmanagedMemoryStream.dll
Dependency assembly - System.Console.dll
Dependency assembly - System.Web.dll
Dependency assembly - System.IO.FileSystem.Primitives.dll
Dependency assembly - System.Xml.ReaderWriter.dll
Dependency assembly - System.Web.Extensions.Design.dll
Dependency assembly - System.Runtime.Serialization.Primitives.dll
Dependency assembly - System.IO.dll
Dependency assembly - System.Net.Requests.dll
Dependency assembly - Unity.AppUI.Undo.dll
Dependency assembly - System.Security.Cryptography.Encryption.Aes.dll
Dependency assembly - System.Diagnostics.Debug.dll
Dependency assembly - System.Runtime.Serialization.Formatters.Soap.dll
Dependency assembly - System.IdentityModel.dll
Dependency assembly - System.Reflection.Extensions.dll
Dependency assembly - System.Data.OracleClient.dll
Dependency assembly - System.Runtime.Numerics.dll
Dependency assembly - System.Reflection.Primitives.dll
Dependency assembly - System.Threading.Timer.dll
Dependency assembly - Unity.InferenceEngine.Tokenization.dll
Dependency assembly - I18N.Other.dll
Dependency assembly - System.Security.Principal.dll
Dependency assembly - Microsoft.Win32.Primitives.dll
Dependency assembly - System.Text.RegularExpressions.dll
Dependency assembly - System.IO.FileSystem.dll
Dependency assembly - System.Core.dll
Dependency assembly - System.ServiceModel.Discovery.dll
Dependency assembly - System.Collections.NonGeneric.dll
Dependency assembly - System.Xml.dll
Dependency assembly - System.dll
Dependency assembly - System.Messaging.dll
Dependency assembly - System.Linq.Parallel.dll
Dependency assembly - System.Diagnostics.Tools.dll
Dependency assembly - I18N.dll
Dependency assembly - System.Resources.Writer.dll
Dependency assembly - System.Runtime.Serialization.dll
Dependency assembly - System.Management.dll
Dependency assembly - System.Security.Cryptography.Encryption.ECDsa.dll
Dependency assembly - System.Security.Cryptography.Pkcs.dll
Dependency assembly - Unity.RenderPipelines.Core.Runtime.Shared.dll
Dependency assembly - Unity.RenderPipelines.Universal.Runtime.dll
Dependency assembly - System.Security.Cryptography.OpenSsl.dll
Dependency assembly - System.IO.Pipes.dll
Dependency assembly - System.Xml.XPath.XmlDocument.dll
Dependency assembly - System.Xml.Xsl.Primitives.dll
Dependency assembly - Unity.AppUI.InternalAPIBridge.dll
Dependency assembly - Unity.RenderPipelines.Universal.Shaders.dll
Dependency assembly - System.Data.SqlClient.dll
Dependency assembly - Unity.RenderPipelines.ShaderGraph.ShaderGraphLibrary.dll
Dependency assembly - Unity.InferenceEngine.dll
Dependency assembly - System.Globalization.Extensions.dll
Dependency assembly - UnityEngine.XR.LegacyInputHelpers.dll
Dependency assembly - System.ComponentModel.Composition.dll
Dependency assembly - Unity.Burst.Unsafe.dll
Dependency assembly - System.IO.IsolatedStorage.dll
Dependency assembly - System.AppContext.dll
Dependency assembly - Unity.Rendering.LightTransport.Runtime.dll
Dependency assembly - System.Drawing.Primitives.dll
Dependency assembly - System.Security.Cryptography.Primitives.dll
Dependency assembly - System.Data.Services.dll
Dependency assembly - System.Runtime.InteropServices.dll
Dependency assembly - System.Diagnostics.Process.dll
Dependency assembly - System.Xml.XDocument.dll
Dependency assembly - System.Text.Encoding.Extensions.dll
Dependency assembly - System.Runtime.Serialization.Formatters.dll
Dependency assembly - System.Collections.Specialized.dll
Dependency assembly - System.Security.Cryptography.RandomNumberGenerator.dll
Dependency assembly - Mono.Data.Sqlite.dll
Dependency assembly - Unity.XR.ARFoundation.InternalUtils.dll
Dependency assembly - System.ServiceProcess.ServiceController.dll
Dependency assembly - System.Numerics.Vectors.dll
Dependency assembly - System.Net.NameResolution.dll
Dependency assembly - System.Runtime.Serialization.Json.dll
Dependency assembly - System.Net.NetworkInformation.dll
Dependency assembly - System.Threading.Tasks.Parallel.dll
Dependency assembly - System.ComponentModel.Primitives.dll
Dependency assembly - System.Security.Cryptography.RSA.dll
Dependency assembly - System.ComponentModel.DataAnnotations.dll
Dependency assembly - System.Drawing.Design.dll
Dependency assembly - Microsoft.CSharp.dll
Dependency assembly - Mono.Data.Tds.dll
Dependency assembly - System.ComponentModel.Annotations.dll
Dependency assembly - System.Net.dll
Dependency assembly - System.Linq.dll
Dependency assembly - System.Reflection.DispatchProxy.dll
Dependency assembly - System.Web.RegularExpressions.dll
Dependency assembly - System.Diagnostics.Tracing.dll
Dependency assembly - System.Diagnostics.FileVersionInfo.dll
Dependency assembly - System.Resources.ReaderWriter.dll
Dependency assembly - System.Data.DataSetExtensions.dll
Dependency assembly - System.Threading.Thread.dll
Dependency assembly - System.Reflection.Emit.dll
Dependency assembly - System.Xml.XPath.XDocument.dll
Dependency assembly - System.IO.MemoryMappedFiles.dll
Dependency assembly - System.Resources.ResourceManager.dll
Dependency assembly - System.Data.Common.dll
Dependency assembly - System.Net.WebSockets.Client.dll
Dependency assembly - System.IO.FileSystem.Watcher.dll
Dependency assembly - System.IO.Compression.dll
Dependency assembly - System.Threading.ThreadPool.dll
Dependency assembly - System.Runtime.InteropServices.RuntimeInformation.dll
Dependency assembly - System.Reflection.dll
Dependency assembly - UnityEngine.UI.dll
Dependency assembly - System.Runtime.Remoting.dll
Dependency assembly - System.ServiceModel.Activation.dll
Dependency assembly - System.Web.ApplicationServices.dll
Dependency assembly - System.Threading.Tasks.Extensions.dll
Dependency assembly - System.ObjectModel.dll
Dependency assembly - Unity.Collections.dll
Dependency assembly - System.Security.Cryptography.Encoding.dll
Dependency assembly - Unity.RenderPipelines.Universal.Config.Runtime.dll
Dependency assembly - System.Threading.Tasks.dll
Dependency assembly - System.Security.Cryptography.Algorithms.dll
Dependency assembly - Unity.AppUI.Navigation.dll
Dependency assembly - System.Dynamic.Runtime.dll
Dependency assembly - System.Web.DynamicData.dll
Dependency assembly - System.Security.Cryptography.Cng.dll
Dependency assembly - System.Json.dll
Dependency assembly - Unity.XR.ARFoundation.dll
Dependency assembly - System.Diagnostics.Contracts.dll
Dependency assembly - System.Security.Cryptography.Encryption.ECDiffieHellman.dll
Dependency assembly - Unity.TextMeshPro.dll
Dependency assembly - System.Collections.Concurrent.dll
Dependency assembly - System.Runtime.InteropServices.WindowsRuntime.dll
Dependency assembly - System.ComponentModel.EventBasedAsync.dll
Dependency assembly - System.Runtime.Handles.dll
Dependency assembly - System.Xml.Linq.dll
Dependency assembly - System.IO.Compression.FileSystem.dll
Dependency assembly - Unity.InputSystem.ForUI.dll
Dependency assembly - System.Security.AccessControl.dll
Dependency assembly - System.Xml.XmlDocument.dll
Dependency assembly - System.ServiceModel.Web.dll
Dependency assembly - System.Net.Mail.dll
Dependency assembly - netstandard.dll
Dependency assembly - I18N.West.dll
Dependency assembly - System.EnterpriseServices.dll
Dependency assembly - System.Xml.Serialization.dll
Dependency assembly - System.Runtime.CompilerServices.VisualC.dll
Dependency assembly - System.Globalization.dll
Dependency assembly - System.Data.Services.Client.dll
Dependency assembly - Unity.XR.CoreUtils.dll
Dependency assembly - System.ServiceProcess.dll
Dependency assembly - UnityEngine.SpatialTracking.dll
Dependency assembly - Unity.Burst.dll
Dependency assembly - System.Numerics.dll
Dependency assembly - Unity.XR.Management.dll
Dependency assembly - System.Windows.Forms.DataVisualization.dll
Dependency assembly - Unity.RenderPipelines.Universal.2D.Runtime.dll
Dependency assembly - System.Security.SecureString.dll
Dependency assembly - System.Net.Sockets.dll
Dependency assembly - System.Reflection.Context.dll
Dependency assembly - System.Security.dll
Dependency assembly - System.Diagnostics.TextWriterTraceListener.dll
Dependency assembly - System.Net.AuthenticationManager.dll
Dependency assembly - Microsoft.Win32.Registry.AccessControl.dll
Dependency assembly - System.Net.ServicePoint.dll
Dependency assembly - System.Configuration.Install.dll
Dependency assembly - System.Net.Http.dll
Dependency assembly - System.Runtime.Loader.dll
Dependency assembly - System.Text.Encoding.dll
Dependency assembly - mscorlib.dll
Dependency assembly - Unity.Collections.LowLevel.ILSupport.dll
Dependency assembly - I18N.CJK.dll
Dependency assembly - System.ServiceModel.Security.dll
Dependency assembly - Unity.XR.ARFoundation.VisualScripting.dll
Dependency assembly - System.IdentityModel.Selectors.dll
Dependency assembly - System.Security.Principal.Windows.dll
Dependency assembly - System.Data.Entity.dll
Dependency assembly - System.ComponentModel.dll
Dependency assembly - System.Net.WebHeaderCollection.dll
Dependency assembly - System.Windows.Forms.dll
Dependency assembly - System.Transactions.dll
Dependency assembly - I18N.Rare.dll
Dependency assembly - System.Data.Linq.dll
Dependency assembly - Unity.RenderPipelines.Core.Runtime.dll
Dependency assembly - Unity.Mathematics.dll
Dependency assembly - System.Data.dll
Dependency assembly - System.Windows.dll
Dependency assembly - System.Linq.Queryable.dll
Dependency assembly - System.Net.Ping.dll
Dependency assembly - System.ComponentModel.TypeConverter.dll
Dependency assembly - System.Net.Security.dll
Dependency assembly - Unity.XR.ARSubsystems.dll
Dependency assembly - Newtonsoft.Json.dll
Dependency assembly - System.Security.Cryptography.Csp.dll
Dependency assembly - System.Net.WebSockets.dll
Dependency assembly - System.Globalization.Calendars.dll
Dependency assembly - System.Xml.XmlSerializer.dll
Dependency assembly - System.Drawing.dll
Dependency assembly - System.Reflection.Emit.Lightweight.dll
Dependency assembly - System.Runtime.DurableInstancing.dll
Dependency assembly - Unity.InputSystem.dll
Dependency assembly - Microsoft.Win32.Registry.dll

DisplayProgressbar: Fetching assembly references
Unloading 109 Unused Serialized files (Serialized files now loaded: 0)
Unloading 2187 unused Assets / (3.0 MB). Loaded Objects now: 7178.
Memory consumption went from 207.8 MB to 204.8 MB.
Total: 20.163500 ms (FindLiveObjects: 0.741100 ms CreateObjectMapping: 0.798800 ms MarkObjects: 14.792600 ms  DeleteObjects: 3.829300 ms)

Unloading 0 Unused Serialized files (Serialized files now loaded: 0)
Unloading 0 unused Assets / (0 B). Loaded Objects now: 7178.
Memory consumption went from 204.8 MB to 204.8 MB.
Total: 10.775900 ms (FindLiveObjects: 0.491800 ms CreateObjectMapping: 0.372200 ms MarkObjects: 9.892600 ms  DeleteObjects: 0.018000 ms)

Unloading 7 Unused Serialized files (Serialized files now loaded: 0)
Unloading 166 unused Assets / (139.2 MB). Loaded Objects now: 7178.
Memory consumption went from 337.1 MB to 197.9 MB.
Total: 42.451300 ms (FindLiveObjects: 0.526700 ms CreateObjectMapping: 0.388000 ms MarkObjects: 14.585600 ms  DeleteObjects: 26.949500 ms)

Compiling shader "Unlit/Transparent" pass "" (vp)
    Full variant space:         4
    After settings filtering:   4
    After built-in stripping:   2
    After scriptable stripping: 2
    Processed in 0.11 seconds
    starting compilation...
    finished in 0.00 seconds. Local cache hits 2 (0.00s CPU time), remote cache hits 0 (0.00s CPU time), compiled 0 variants (0.00s CPU time), skipped 0 variants
    Prepared data for serialisation in 0.00s
Serialized binary data for shader Unlit/Transparent in 0.00s
    gles3 (total internal programs: 2, unique: 2)
Compiling shader "Hidden/Sentis/ReduceExpBias" pass "" (vp)
    Full variant space:         1
    After settings filtering:   1
    After built-in stripping:   2
    After scriptable stripping: 2
    Processed in 0.00 seconds
    starting compilation...
    finished in 0.00 seconds. Local cache hits 2 (0.00s CPU time), remote cache hits 0 (0.00s CPU time), compiled 0 variants (0.00s CPU time), skipped 0 variants
    Prepared data for serialisation in 0.00s
Serialized binary data for shader Hidden/Sentis/ReduceExpBias in 0.00s
    gles3 (total internal programs: 2, unique: 2)
Compiling shader "Hidden/Sentis/Activation" pass "" (vp)
    Full variant space:         49
    After settings filtering:   49
    After built-in stripping:   98
    After scriptable stripping: 98
    Processed in 0.00 seconds
    starting compilation...
    finished in 0.02 seconds. Local cache hits 98 (0.12s CPU time), remote cache hits 0 (0.00s CPU time), compiled 0 variants (0.00s CPU time), skipped 0 variants
    Prepared data for serialisation in 0.00s
Serialized binary data for shader Hidden/Sentis/Activation in 0.00s
    gles3 (total internal programs: 98, unique: 98)
Compiling shader "Hidden/Sentis/Dense" pass "" (vp)
    Full variant space:         4
    After settings filtering:   4
    After built-in stripping:   8
    After scriptable stripping: 8
    Processed in 0.00 seconds
    starting compilation...
    finished in 0.00 seconds. Local cache hits 8 (0.01s CPU time), remote cache hits 0 (0.00s CPU time), compiled 0 variants (0.00s CPU time), skipped 0 variants
    Prepared data for serialisation in 0.00s
Serialized binary data for shader Hidden/Sentis/Dense in 0.00s
    gles3 (total internal programs: 8, unique: 8)
Compiling shader "Hidden/Sentis/Pad" pass "" (vp)
    Full variant space:         10
    After settings filtering:   10
    After built-in stripping:   20
    After scriptable stripping: 20
    Processed in 0.00 seconds
    starting compilation...
    finished in 0.01 seconds. Local cache hits 20 (0.03s CPU time), remote cache hits 0 (0.00s CPU time), compiled 0 variants (0.00s CPU time), skipped 0 variants
    Prepared data for serialisation in 0.00s
Serialized binary data for shader Hidden/Sentis/Pad in 0.00s
    gles3 (total internal programs: 20, unique: 20)
Shader warning in 'Hidden/Sentis/Pad': integer modulus may be much slower, try using uints if possible. at Packages/com.unity.ai.inference/Runtime/Core/Resources/Sentis/PixelShaders/Pad.shader(55) (on gles3)

Compiling Subshader: 0, Pass: , Vertex program with WRAP
Platform defines: SHADER_API_GLES30 SHADER_API_MOBILE UNITY_ASTC_NORMALMAP_ENCODING UNITY_ENABLE_REFLECTION_BUFFERS UNITY_FRAMEBUFFER_FETCH_AVAILABLE UNITY_LIGHTMAP_RGBM_ENCODING UNITY_NO_CUBEMAP_ARRAY UNITY_NO_RGBM UNITY_NO_SCREENSPACE_SHADOWS UNITY_PBS_USE_BRDF3 UNITY_PLATFORM_SUPPORTS_DEPTH_FETCH
Disabled keywords: CONSTANT EDGE INT REFLECT SHADER_API_GLES31 SHADER_API_GLES32 SYMMETRIC UNITY_COLORSPACE_GAMMA UNITY_ENABLE_DETAIL_NORMALMAP UNITY_HARDWARE_TIER1 UNITY_HARDWARE_TIER2 UNITY_HARDWARE_TIER3 UNITY_LIGHTMAP_DLDR_ENCODING UNITY_LIGHTMAP_FULL_HDR UNITY_LIGHT_PROBE_PROXY_VOLUME UNITY_METAL_SHADOWS_USE_POINT_FILTERING UNITY_NO_DXT5nm UNITY_PBS_USE_BRDF1 UNITY_PBS_USE_BRDF2 UNITY_PRETRANSFORM_TO_DISPLAY_ORIENTATION UNITY_SPECCUBE_BLENDING UNITY_SPECCUBE_BOX_PROJECTION UNITY_UNIFIED_SHADER_PRECISION_MODEL UNITY_USE_DITHER_MASK_FOR_ALPHABLENDED_SHADOWS UNITY_VIRTUAL_TEXTURING
Compiling shader "Hidden/Sentis/WindowedDFTMatrix" pass "" (vp)
    Full variant space:         8
    After settings filtering:   8
    After built-in stripping:   16
    After scriptable stripping: 16
    Processed in 0.00 seconds
    starting compilation...
    finished in 0.00 seconds. Local cache hits 16 (0.02s CPU time), remote cache hits 0 (0.00s CPU time), compiled 0 variants (0.00s CPU time), skipped 0 variants
    Prepared data for serialisation in 0.00s
Serialized binary data for shader Hidden/Sentis/WindowedDFTMatrix in 0.00s
    gles3 (total internal programs: 16, unique: 16)
Compiling shader "Hidden/Sentis/MatMul" pass "" (vp)
    Full variant space:         1
    After settings filtering:   1
    After built-in stripping:   2
    After scriptable stripping: 2
    Processed in 0.00 seconds
    starting compilation...
    finished in 0.00 seconds. Local cache hits 2 (0.00s CPU time), remote cache hits 0 (0.00s CPU time), compiled 0 variants (0.00s CPU time), skipped 0 variants
    Prepared data for serialisation in 0.00s
Serialized binary data for shader Hidden/Sentis/MatMul in 0.00s
    gles3 (total internal programs: 2, unique: 2)
Compiling compute shader "ReferenceImpl.IndexingOpsA"
    starting stripping...
    finished in 0.01 seconds. 8 of 8 variants left
    8 variants, starting compilation...
    finished in 0.00 seconds. Local cache hits 8, remote cache hits 0, compiled 0 variants
Compiling shader "Hidden/Sentis/Transpose" pass "" (vp)
    Full variant space:         2
    After settings filtering:   2
    After built-in stripping:   4
    After scriptable stripping: 4
    Processed in 0.00 seconds
    starting compilation...
    finished in 0.00 seconds. Local cache hits 4 (0.00s CPU time), remote cache hits 0 (0.00s CPU time), compiled 0 variants (0.00s CPU time), skipped 0 variants
    Prepared data for serialisation in 0.00s
Serialized binary data for shader Hidden/Sentis/Transpose in 0.00s
    gles3 (total internal programs: 4, unique: 4)
Compiling shader "Hidden/Sentis/ActivationInt" pass "" (vp)
    Full variant space:         6
    After settings filtering:   6
    After built-in stripping:   12
    After scriptable stripping: 12
    Processed in 0.00 seconds
    starting compilation...
    finished in 0.00 seconds. Local cache hits 12 (0.02s CPU time), remote cache hits 0 (0.00s CPU time), compiled 0 variants (0.00s CPU time), skipped 0 variants
    Prepared data for serialisation in 0.00s
Serialized binary data for shader Hidden/Sentis/ActivationInt in 0.00s
    gles3 (total internal programs: 12, unique: 12)
Compiling compute shader "TensorToTexture"
    starting stripping...
    finished in 0.00 seconds. 4 of 4 variants left
    4 variants, starting compilation...
    finished in 0.00 seconds. Local cache hits 4, remote cache hits 0, compiled 0 variants
Compiling shader "Hidden/Sentis/Trilu" pass "" (vp)
    Full variant space:         2
    After settings filtering:   2
    After built-in stripping:   4
    After scriptable stripping: 4
    Processed in 0.00 seconds
    starting compilation...
    finished in 0.00 seconds. Local cache hits 4 (0.00s CPU time), remote cache hits 0 (0.00s CPU time), compiled 0 variants (0.00s CPU time), skipped 0 variants
    Prepared data for serialisation in 0.00s
Serialized binary data for shader Hidden/Sentis/Trilu in 0.00s
    gles3 (total internal programs: 4, unique: 4)
Compiling compute shader "Resize"
    starting stripping...
    finished in 0.00 seconds. 12 of 12 variants left
    12 variants, starting compilation...
    finished in 0.00 seconds. Local cache hits 12, remote cache hits 0, compiled 0 variants
Compiling shader "Hidden/Sentis/InstanceNormalizationTail" pass "" (vp)
    Full variant space:         1
    After settings filtering:   1
    After built-in stripping:   2
    After scriptable stripping: 2
    Processed in 0.00 seconds
    starting compilation...
    finished in 0.00 seconds. Local cache hits 2 (0.00s CPU time), remote cache hits 0 (0.00s CPU time), compiled 0 variants (0.00s CPU time), skipped 0 variants
    Prepared data for serialisation in 0.00s
Serialized binary data for shader Hidden/Sentis/InstanceNormalizationTail in 0.00s
    gles3 (total internal programs: 2, unique: 2)
Compiling shader "Hidden/Sentis/Tile" pass "" (vp)
    Full variant space:         2
    After settings filtering:   2
    After built-in stripping:   4
    After scriptable stripping: 4
    Processed in 0.00 seconds
    starting compilation...
    finished in 0.00 seconds. Local cache hits 4 (0.01s CPU time), remote cache hits 0 (0.00s CPU time), compiled 0 variants (0.00s CPU time), skipped 0 variants
    Prepared data for serialisation in 0.00s
Serialized binary data for shader Hidden/Sentis/Tile in 0.00s
    gles3 (total internal programs: 4, unique: 4)
Compiling shader "Hidden/Sentis/TextureConversion/TensorToTexture" pass "" (vp)
    Full variant space:         12
    After settings filtering:   12
    After built-in stripping:   24
    After scriptable stripping: 24
    Processed in 0.00 seconds
    starting compilation...
    finished in 0.00 seconds. Local cache hits 24 (0.03s CPU time), remote cache hits 0 (0.00s CPU time), compiled 0 variants (0.00s CPU time), skipped 0 variants
    Prepared data for serialisation in 0.00s
Serialized binary data for shader Hidden/Sentis/TextureConversion/TensorToTexture in 0.00s
    gles3 (total internal programs: 24, unique: 24)
Compiling shader "Hidden/Sentis/TextureTensorDataDownload" pass "" (vp)
    Full variant space:         3
    After settings filtering:   3
    After built-in stripping:   6
    After scriptable stripping: 6
    Processed in 0.00 seconds
    starting compilation...
    finished in 0.00 seconds. Local cache hits 6 (0.01s CPU time), remote cache hits 0 (0.00s CPU time), compiled 0 variants (0.00s CPU time), skipped 0 variants
    Prepared data for serialisation in 0.00s
Serialized binary data for shader Hidden/Sentis/TextureTensorDataDownload in 0.00s
    gles3 (total internal programs: 6, unique: 6)
Compiling shader "Hidden/Sentis/MelWeightMatrix" pass "" (vp)
    Full variant space:         1
    After settings filtering:   1
    After built-in stripping:   2
    After scriptable stripping: 2
    Processed in 0.00 seconds
    starting compilation...
    finished in 0.00 seconds. Local cache hits 2 (0.00s CPU time), remote cache hits 0 (0.00s CPU time), compiled 0 variants (0.00s CPU time), skipped 0 variants
    Prepared data for serialisation in 0.00s
Serialized binary data for shader Hidden/Sentis/MelWeightMatrix in 0.00s
    gles3 (total internal programs: 2, unique: 2)
Compiling shader "Hidden/Sentis/CumSum" pass "" (vp)
    Full variant space:         8
    After settings filtering:   8
    After built-in stripping:   16
    After scriptable stripping: 16
    Processed in 0.00 seconds
    starting compilation...
    finished in 0.00 seconds. Local cache hits 16 (0.03s CPU time), remote cache hits 0 (0.00s CPU time), compiled 0 variants (0.00s CPU time), skipped 0 variants
    Prepared data for serialisation in 0.00s
Serialized binary data for shader Hidden/Sentis/CumSum in 0.00s
    gles3 (total internal programs: 16, unique: 16)
Compiling shader "Hidden/Sentis/Window" pass "" (vp)
    Full variant space:         3
    After settings filtering:   3
    After built-in stripping:   6
    After scriptable stripping: 6
    Processed in 0.00 seconds
    starting compilation...
    finished in 0.00 seconds. Local cache hits 6 (0.01s CPU time), remote cache hits 0 (0.00s CPU time), compiled 0 variants (0.00s CPU time), skipped 0 variants
    Prepared data for serialisation in 0.00s
Serialized binary data for shader Hidden/Sentis/Window in 0.00s
    gles3 (total internal programs: 6, unique: 6)
Compiling shader "Hidden/Sentis/LocalResponseNormalization" pass "" (vp)
    Full variant space:         1
    After settings filtering:   1
    After built-in stripping:   2
    After scriptable stripping: 2
    Processed in 0.00 seconds
    starting compilation...
    finished in 0.00 seconds. Local cache hits 2 (0.00s CPU time), remote cache hits 0 (0.00s CPU time), compiled 0 variants (0.00s CPU time), skipped 0 variants
    Prepared data for serialisation in 0.00s
Serialized binary data for shader Hidden/Sentis/LocalResponseNormalization in 0.00s
    gles3 (total internal programs: 2, unique: 2)
Compiling shader "Hidden/Sentis/LayerNormalizationTail" pass "" (vp)
    Full variant space:         1
    After settings filtering:   1
    After built-in stripping:   2
    After scriptable stripping: 2
    Processed in 0.00 seconds
    starting compilation...
    finished in 0.00 seconds. Local cache hits 2 (0.00s CPU time), remote cache hits 0 (0.00s CPU time), compiled 0 variants (0.00s CPU time), skipped 0 variants
    Prepared data for serialisation in 0.00s
Serialized binary data for shader Hidden/Sentis/LayerNormalizationTail in 0.00s
    gles3 (total internal programs: 2, unique: 2)
Compiling compute shader "GemmT"
    starting stripping...
    finished in 0.00 seconds. 3 of 3 variants left
    3 variants, starting compilation...
    finished in 0.00 seconds. Local cache hits 3, remote cache hits 0, compiled 0 variants
Compiling shader "Hidden/Sentis/IsInfNaN" pass "" (vp)
    Full variant space:         2
    After settings filtering:   2
    After built-in stripping:   4
    After scriptable stripping: 4
    Processed in 0.00 seconds
    starting compilation...
    finished in 0.00 seconds. Local cache hits 4 (0.00s CPU time), remote cache hits 0 (0.00s CPU time), compiled 0 variants (0.00s CPU time), skipped 0 variants
    Prepared data for serialisation in 0.00s
Serialized binary data for shader Hidden/Sentis/IsInfNaN in 0.00s
    gles3 (total internal programs: 4, unique: 4)
Compiling shader "Hidden/Sentis/GatherElements" pass "" (vp)
    Full variant space:         4
    After settings filtering:   4
    After built-in stripping:   8
    After scriptable stripping: 8
    Processed in 0.00 seconds
    starting compilation...
    finished in 0.00 seconds. Local cache hits 8 (0.02s CPU time), remote cache hits 0 (0.00s CPU time), compiled 0 variants (0.00s CPU time), skipped 0 variants
    Prepared data for serialisation in 0.00s
Serialized binary data for shader Hidden/Sentis/GatherElements in 0.00s
    gles3 (total internal programs: 8, unique: 8)
Compiling compute shader "ImageBased"
    starting stripping...
    finished in 0.00 seconds. 3 of 3 variants left
    3 variants, starting compilation...
    finished in 0.00 seconds. Local cache hits 3, remote cache hits 0, compiled 0 variants
Compiling compute shader "ReferenceImpl"
    starting stripping...
    finished in 0.00 seconds. 1 of 1 variants left
    1 variants, starting compilation...
    finished in 0.00 seconds. Local cache hits 1, remote cache hits 0, compiled 0 variants
Compiling compute shader "ReduceIndices"
    starting stripping...
    finished in 0.00 seconds. 8 of 8 variants left
    8 variants, starting compilation...
    finished in 0.00 seconds. Local cache hits 8, remote cache hits 0, compiled 0 variants
Compiling shader "Hidden/Sentis/TextureConversion/TextureToTensor" pass "" (vp)
    Full variant space:         12
    After settings filtering:   12
    After built-in stripping:   24
    After scriptable stripping: 24
    Processed in 0.00 seconds
    starting compilation...
    finished in 0.00 seconds. Local cache hits 24 (0.03s CPU time), remote cache hits 0 (0.00s CPU time), compiled 0 variants (0.00s CPU time), skipped 0 variants
    Prepared data for serialisation in 0.00s
Serialized binary data for shader Hidden/Sentis/TextureConversion/TextureToTensor in 0.00s
    gles3 (total internal programs: 24, unique: 24)
Compiling compute shader "IndexingOps"
    starting stripping...
    finished in 0.00 seconds. 3 of 3 variants left
    3 variants, starting compilation...
    finished in 0.00 seconds. Local cache hits 3, remote cache hits 0, compiled 0 variants
Compiling compute shader "AxisActivations"
    starting stripping...
    finished in 0.00 seconds. 3 of 3 variants left
    3 variants, starting compilation...
    finished in 0.00 seconds. Local cache hits 3, remote cache hits 0, compiled 0 variants
Compiling shader "Hidden/Sentis/DepthwiseConv" pass "" (vp)
    Full variant space:         12
    After settings filtering:   12
    After built-in stripping:   24
    After scriptable stripping: 24
    Processed in 0.00 seconds
    starting compilation...
    finished in 0.00 seconds. Local cache hits 24 (0.03s CPU time), remote cache hits 0 (0.00s CPU time), compiled 0 variants (0.00s CPU time), skipped 0 variants
    Prepared data for serialisation in 0.00s
Serialized binary data for shader Hidden/Sentis/DepthwiseConv in 0.00s
    gles3 (total internal programs: 24, unique: 24)
Compiling compute shader "Normalization"
    starting stripping...
    finished in 0.00 seconds. 4 of 4 variants left
    4 variants, starting compilation...
    finished in 0.00 seconds. Local cache hits 4, remote cache hits 0, compiled 0 variants
Compiling shader "Hidden/Sentis/ConvTranspose" pass "" (vp)
    Full variant space:         648
    After settings filtering:   648
    After built-in stripping:   1296
    After scriptable stripping: 1296
    Processed in 0.01 seconds
    starting compilation...
    finished in 0.23 seconds. Local cache hits 1296 (1.85s CPU time), remote cache hits 0 (0.00s CPU time), compiled 0 variants (0.00s CPU time), skipped 0 variants
    Prepared data for serialisation in 0.07s
Serialized binary data for shader Hidden/Sentis/ConvTranspose in 0.02s
    gles3 (total internal programs: 1296, unique: 1296)
Shader warning in 'Hidden/Sentis/ConvTranspose': integer modulus may be much slower, try using uints if possible. at Packages/com.unity.ai.inference/Runtime/Core/Resources/Sentis/PixelShaders/ConvTranspose.shader(215) (on gles3)

Compiling Subshader: 0, Pass: , Vertex program with CONVTRANSPOSE2D DILATIONX_GT_STRIDE RELU USEBIAS
Platform defines: SHADER_API_GLES30 SHADER_API_MOBILE UNITY_ASTC_NORMALMAP_ENCODING UNITY_ENABLE_REFLECTION_BUFFERS UNITY_FRAMEBUFFER_FETCH_AVAILABLE UNITY_LIGHTMAP_RGBM_ENCODING UNITY_NO_CUBEMAP_ARRAY UNITY_NO_RGBM UNITY_NO_SCREENSPACE_SHADOWS UNITY_PBS_USE_BRDF3 UNITY_PLATFORM_SUPPORTS_DEPTH_FETCH
Disabled keywords: CONVTRANSPOSE1D CONVTRANSPOSE3D DILATIONX_GT_ONE_LTE_STRIDE DILATIONY_GT_ONE_LTE_STRIDE DILATIONY_GT_STRIDE DILATIONZ_GT_ONE_LTE_STRIDE DILATIONZ_GT_STRIDE GROUPS_ENABLED NONE SHADER_API_GLES31 SHADER_API_GLES32 UNITY_COLORSPACE_GAMMA UNITY_ENABLE_DETAIL_NORMALMAP UNITY_HARDWARE_TIER1 UNITY_HARDWARE_TIER2 UNITY_HARDWARE_TIER3 UNITY_LIGHTMAP_DLDR_ENCODING UNITY_LIGHTMAP_FULL_HDR UNITY_LIGHT_PROBE_PROXY_VOLUME UNITY_METAL_SHADOWS_USE_POINT_FILTERING UNITY_NO_DXT5nm UNITY_PBS_USE_BRDF1 UNITY_PBS_USE_BRDF2 UNITY_PRETRANSFORM_TO_DISPLAY_ORIENTATION UNITY_SPECCUBE_BLENDING UNITY_SPECCUBE_BOX_PROJECTION UNITY_UNIFIED_SHADER_PRECISION_MODEL UNITY_USE_DITHER_MASK_FOR_ALPHABLENDED_SHADOWS UNITY_VIRTUAL_TEXTURING
Shader warning in 'Hidden/Sentis/ConvTranspose': integer modulus may be much slower, try using uints if possible. at Packages/com.unity.ai.inference/Runtime/Core/Resources/Sentis/PixelShaders/ConvTranspose.shader(218) (on gles3)

Compiling Subshader: 0, Pass: , Vertex program with CONVTRANSPOSE2D DILATIONX_GT_STRIDE RELU USEBIAS
Platform defines: SHADER_API_GLES30 SHADER_API_MOBILE UNITY_ASTC_NORMALMAP_ENCODING UNITY_ENABLE_REFLECTION_BUFFERS UNITY_FRAMEBUFFER_FETCH_AVAILABLE UNITY_LIGHTMAP_RGBM_ENCODING UNITY_NO_CUBEMAP_ARRAY UNITY_NO_RGBM UNITY_NO_SCREENSPACE_SHADOWS UNITY_PBS_USE_BRDF3 UNITY_PLATFORM_SUPPORTS_DEPTH_FETCH
Disabled keywords: CONVTRANSPOSE1D CONVTRANSPOSE3D DILATIONX_GT_ONE_LTE_STRIDE DILATIONY_GT_ONE_LTE_STRIDE DILATIONY_GT_STRIDE DILATIONZ_GT_ONE_LTE_STRIDE DILATIONZ_GT_STRIDE GROUPS_ENABLED NONE SHADER_API_GLES31 SHADER_API_GLES32 UNITY_COLORSPACE_GAMMA UNITY_ENABLE_DETAIL_NORMALMAP UNITY_HARDWARE_TIER1 UNITY_HARDWARE_TIER2 UNITY_HARDWARE_TIER3 UNITY_LIGHTMAP_DLDR_ENCODING UNITY_LIGHTMAP_FULL_HDR UNITY_LIGHT_PROBE_PROXY_VOLUME UNITY_METAL_SHADOWS_USE_POINT_FILTERING UNITY_NO_DXT5nm UNITY_PBS_USE_BRDF1 UNITY_PBS_USE_BRDF2 UNITY_PRETRANSFORM_TO_DISPLAY_ORIENTATION UNITY_SPECCUBE_BLENDING UNITY_SPECCUBE_BOX_PROJECTION UNITY_UNIFIED_SHADER_PRECISION_MODEL UNITY_USE_DITHER_MASK_FOR_ALPHABLENDED_SHADOWS UNITY_VIRTUAL_TEXTURING
Shader warning in 'Hidden/Sentis/ConvTranspose': integer modulus may be much slower, try using uints if possible. at Packages/com.unity.ai.inference/Runtime/Core/Resources/Sentis/PixelShaders/ConvTranspose.shader(256) (on gles3)

Compiling Subshader: 0, Pass: , Vertex program with CONVTRANSPOSE2D DILATIONX_GT_ONE_LTE_STRIDE DILATIONY_GT_STRIDE RELU USEBIAS
Platform defines: SHADER_API_GLES30 SHADER_API_MOBILE UNITY_ASTC_NORMALMAP_ENCODING UNITY_ENABLE_REFLECTION_BUFFERS UNITY_FRAMEBUFFER_FETCH_AVAILABLE UNITY_LIGHTMAP_RGBM_ENCODING UNITY_NO_CUBEMAP_ARRAY UNITY_NO_RGBM UNITY_NO_SCREENSPACE_SHADOWS UNITY_PBS_USE_BRDF3 UNITY_PLATFORM_SUPPORTS_DEPTH_FETCH
Disabled keywords: CONVTRANSPOSE1D CONVTRANSPOSE3D DILATIONX_GT_STRIDE DILATIONY_GT_ONE_LTE_STRIDE DILATIONZ_GT_ONE_LTE_STRIDE DILATIONZ_GT_STRIDE GROUPS_ENABLED NONE SHADER_API_GLES31 SHADER_API_GLES32 UNITY_COLORSPACE_GAMMA UNITY_ENABLE_DETAIL_NORMALMAP UNITY_HARDWARE_TIER1 UNITY_HARDWARE_TIER2 UNITY_HARDWARE_TIER3 UNITY_LIGHTMAP_DLDR_ENCODING UNITY_LIGHTMAP_FULL_HDR UNITY_LIGHT_PROBE_PROXY_VOLUME UNITY_METAL_SHADOWS_USE_POINT_FILTERING UNITY_NO_DXT5nm UNITY_PBS_USE_BRDF1 UNITY_PBS_USE_BRDF2 UNITY_PRETRANSFORM_TO_DISPLAY_ORIENTATION UNITY_SPECCUBE_BLENDING UNITY_SPECCUBE_BOX_PROJECTION UNITY_UNIFIED_SHADER_PRECISION_MODEL UNITY_USE_DITHER_MASK_FOR_ALPHABLENDED_SHADOWS UNITY_VIRTUAL_TEXTURING
Shader warning in 'Hidden/Sentis/ConvTranspose': integer modulus may be much slower, try using uints if possible. at Packages/com.unity.ai.inference/Runtime/Core/Resources/Sentis/PixelShaders/ConvTranspose.shader(259) (on gles3)

Compiling Subshader: 0, Pass: , Vertex program with CONVTRANSPOSE2D DILATIONX_GT_ONE_LTE_STRIDE DILATIONY_GT_STRIDE RELU USEBIAS
Platform defines: SHADER_API_GLES30 SHADER_API_MOBILE UNITY_ASTC_NORMALMAP_ENCODING UNITY_ENABLE_REFLECTION_BUFFERS UNITY_FRAMEBUFFER_FETCH_AVAILABLE UNITY_LIGHTMAP_RGBM_ENCODING UNITY_NO_CUBEMAP_ARRAY UNITY_NO_RGBM UNITY_NO_SCREENSPACE_SHADOWS UNITY_PBS_USE_BRDF3 UNITY_PLATFORM_SUPPORTS_DEPTH_FETCH
Disabled keywords: CONVTRANSPOSE1D CONVTRANSPOSE3D DILATIONX_GT_STRIDE DILATIONY_GT_ONE_LTE_STRIDE DILATIONZ_GT_ONE_LTE_STRIDE DILATIONZ_GT_STRIDE GROUPS_ENABLED NONE SHADER_API_GLES31 SHADER_API_GLES32 UNITY_COLORSPACE_GAMMA UNITY_ENABLE_DETAIL_NORMALMAP UNITY_HARDWARE_TIER1 UNITY_HARDWARE_TIER2 UNITY_HARDWARE_TIER3 UNITY_LIGHTMAP_DLDR_ENCODING UNITY_LIGHTMAP_FULL_HDR UNITY_LIGHT_PROBE_PROXY_VOLUME UNITY_METAL_SHADOWS_USE_POINT_FILTERING UNITY_NO_DXT5nm UNITY_PBS_USE_BRDF1 UNITY_PBS_USE_BRDF2 UNITY_PRETRANSFORM_TO_DISPLAY_ORIENTATION UNITY_SPECCUBE_BLENDING UNITY_SPECCUBE_BOX_PROJECTION UNITY_UNIFIED_SHADER_PRECISION_MODEL UNITY_USE_DITHER_MASK_FOR_ALPHABLENDED_SHADOWS UNITY_VIRTUAL_TEXTURING
Shader warning in 'Hidden/Sentis/ConvTranspose': integer modulus may be much slower, try using uints if possible. at Packages/com.unity.ai.inference/Runtime/Core/Resources/Sentis/PixelShaders/ConvTranspose.shader(296) (on gles3)

Compiling Subshader: 0, Pass: , Vertex program with CONVTRANSPOSE3D DILATIONX_GT_ONE_LTE_STRIDE DILATIONY_GT_ONE_LTE_STRIDE DILATIONZ_GT_STRIDE RELU
Platform defines: SHADER_API_GLES30 SHADER_API_MOBILE UNITY_ASTC_NORMALMAP_ENCODING UNITY_ENABLE_REFLECTION_BUFFERS UNITY_FRAMEBUFFER_FETCH_AVAILABLE UNITY_LIGHTMAP_RGBM_ENCODING UNITY_NO_CUBEMAP_ARRAY UNITY_NO_RGBM UNITY_NO_SCREENSPACE_SHADOWS UNITY_PBS_USE_BRDF3 UNITY_PLATFORM_SUPPORTS_DEPTH_FETCH
Disabled keywords: CONVTRANSPOSE1D CONVTRANSPOSE2D DILATIONX_GT_STRIDE DILATIONY_GT_STRIDE DILATIONZ_GT_ONE_LTE_STRIDE GROUPS_ENABLED NONE SHADER_API_GLES31 SHADER_API_GLES32 UNITY_COLORSPACE_GAMMA UNITY_ENABLE_DETAIL_NORMALMAP UNITY_HARDWARE_TIER1 UNITY_HARDWARE_TIER2 UNITY_HARDWARE_TIER3 UNITY_LIGHTMAP_DLDR_ENCODING UNITY_LIGHTMAP_FULL_HDR UNITY_LIGHT_PROBE_PROXY_VOLUME UNITY_METAL_SHADOWS_USE_POINT_FILTERING UNITY_NO_DXT5nm UNITY_PBS_USE_BRDF1 UNITY_PBS_USE_BRDF2 UNITY_PRETRANSFORM_TO_DISPLAY_ORIENTATION UNITY_SPECCUBE_BLENDING UNITY_SPECCUBE_BOX_PROJECTION UNITY_UNIFIED_SHADER_PRECISION_MODEL UNITY_USE_DITHER_MASK_FOR_ALPHABLENDED_SHADOWS UNITY_VIRTUAL_TEXTURING USEBIAS
Shader warning in 'Hidden/Sentis/ConvTranspose': integer modulus may be much slower, try using uints if possible. at Packages/com.unity.ai.inference/Runtime/Core/Resources/Sentis/PixelShaders/ConvTranspose.shader(299) (on gles3)

Compiling Subshader: 0, Pass: , Vertex program with CONVTRANSPOSE3D DILATIONX_GT_ONE_LTE_STRIDE DILATIONY_GT_ONE_LTE_STRIDE DILATIONZ_GT_STRIDE RELU
Platform defines: SHADER_API_GLES30 SHADER_API_MOBILE UNITY_ASTC_NORMALMAP_ENCODING UNITY_ENABLE_REFLECTION_BUFFERS UNITY_FRAMEBUFFER_FETCH_AVAILABLE UNITY_LIGHTMAP_RGBM_ENCODING UNITY_NO_CUBEMAP_ARRAY UNITY_NO_RGBM UNITY_NO_SCREENSPACE_SHADOWS UNITY_PBS_USE_BRDF3 UNITY_PLATFORM_SUPPORTS_DEPTH_FETCH
Disabled keywords: CONVTRANSPOSE1D CONVTRANSPOSE2D DILATIONX_GT_STRIDE DILATIONY_GT_STRIDE DILATIONZ_GT_ONE_LTE_STRIDE GROUPS_ENABLED NONE SHADER_API_GLES31 SHADER_API_GLES32 UNITY_COLORSPACE_GAMMA UNITY_ENABLE_DETAIL_NORMALMAP UNITY_HARDWARE_TIER1 UNITY_HARDWARE_TIER2 UNITY_HARDWARE_TIER3 UNITY_LIGHTMAP_DLDR_ENCODING UNITY_LIGHTMAP_FULL_HDR UNITY_LIGHT_PROBE_PROXY_VOLUME UNITY_METAL_SHADOWS_USE_POINT_FILTERING UNITY_NO_DXT5nm UNITY_PBS_USE_BRDF1 UNITY_PBS_USE_BRDF2 UNITY_PRETRANSFORM_TO_DISPLAY_ORIENTATION UNITY_SPECCUBE_BLENDING UNITY_SPECCUBE_BOX_PROJECTION UNITY_UNIFIED_SHADER_PRECISION_MODEL UNITY_USE_DITHER_MASK_FOR_ALPHABLENDED_SHADOWS UNITY_VIRTUAL_TEXTURING USEBIAS
Compressed shader 'Hidden/Sentis/ConvTranspose' on gles3 from 28.59MB to 1.02MB
Compressed shader 'Hidden/Sentis/ConvTranspose' in 0.28s
Compiling compute shader "Random"
    starting stripping...
    finished in 0.00 seconds. 5 of 5 variants left
    5 variants, starting compilation...
    finished in 0.00 seconds. Local cache hits 5, remote cache hits 0, compiled 0 variants
Compiling shader "Hidden/Sentis/DepthToSpace" pass "" (vp)
    Full variant space:         4
    After settings filtering:   4
    After built-in stripping:   8
    After scriptable stripping: 8
    Processed in 0.00 seconds
    starting compilation...
    finished in 0.00 seconds. Local cache hits 8 (0.01s CPU time), remote cache hits 0 (0.00s CPU time), compiled 0 variants (0.00s CPU time), skipped 0 variants
    Prepared data for serialisation in 0.00s
Serialized binary data for shader Hidden/Sentis/DepthToSpace in 0.00s
    gles3 (total internal programs: 8, unique: 8)
Compiling compute shader "NMS"
    starting stripping...
    finished in 0.00 seconds. 4 of 4 variants left
    4 variants, starting compilation...
    finished in 0.00 seconds. Local cache hits 4, remote cache hits 0, compiled 0 variants
Compiling compute shader "Spectral"
    starting stripping...
    finished in 0.00 seconds. 4 of 4 variants left
    4 variants, starting compilation...
    finished in 0.00 seconds. Local cache hits 4, remote cache hits 0, compiled 0 variants
Compiling shader "Hidden/Sentis/SpaceToDepth" pass "" (vp)
    Full variant space:         2
    After settings filtering:   2
    After built-in stripping:   4
    After scriptable stripping: 4
    Processed in 0.00 seconds
    starting compilation...
    finished in 0.00 seconds. Local cache hits 4 (0.00s CPU time), remote cache hits 0 (0.00s CPU time), compiled 0 variants (0.00s CPU time), skipped 0 variants
    Prepared data for serialisation in 0.00s
Serialized binary data for shader Hidden/Sentis/SpaceToDepth in 0.00s
    gles3 (total internal programs: 4, unique: 4)
Compiling shader "Hidden/Sentis/ScatterND" pass "" (vp)
    Full variant space:         20
    After settings filtering:   20
    After built-in stripping:   40
    After scriptable stripping: 40
    Processed in 0.00 seconds
    starting compilation...
    finished in 0.02 seconds. Local cache hits 40 (0.08s CPU time), remote cache hits 0 (0.00s CPU time), compiled 0 variants (0.00s CPU time), skipped 0 variants
    Prepared data for serialisation in 0.00s
Serialized binary data for shader Hidden/Sentis/ScatterND in 0.00s
    gles3 (total internal programs: 40, unique: 40)
Shader warning in 'Hidden/Sentis/ScatterND': 'j': loop control variable conflicts with a previous declaration in the outer scope; most recent declaration will be used at Packages/com.unity.ai.inference/Runtime/Core/Resources/Sentis/PixelShaders/ScatterND.shader(72) (on gles3)

Compiling Subshader: 0, Pass: , Vertex program with ReduceNone
Platform defines: SHADER_API_GLES30 SHADER_API_MOBILE UNITY_ASTC_NORMALMAP_ENCODING UNITY_ENABLE_REFLECTION_BUFFERS UNITY_FRAMEBUFFER_FETCH_AVAILABLE UNITY_LIGHTMAP_RGBM_ENCODING UNITY_NO_CUBEMAP_ARRAY UNITY_NO_RGBM UNITY_NO_SCREENSPACE_SHADOWS UNITY_PBS_USE_BRDF3 UNITY_PLATFORM_SUPPORTS_DEPTH_FETCH
Disabled keywords: K_LARGE ReduceAdd ReduceMax ReduceMin ReduceMul SHADER_API_GLES31 SHADER_API_GLES32 ScatterInt UNITY_COLORSPACE_GAMMA UNITY_ENABLE_DETAIL_NORMALMAP UNITY_HARDWARE_TIER1 UNITY_HARDWARE_TIER2 UNITY_HARDWARE_TIER3 UNITY_LIGHTMAP_DLDR_ENCODING UNITY_LIGHTMAP_FULL_HDR UNITY_LIGHT_PROBE_PROXY_VOLUME UNITY_METAL_SHADOWS_USE_POINT_FILTERING UNITY_NO_DXT5nm UNITY_PBS_USE_BRDF1 UNITY_PBS_USE_BRDF2 UNITY_PRETRANSFORM_TO_DISPLAY_ORIENTATION UNITY_SPECCUBE_BLENDING UNITY_SPECCUBE_BOX_PROJECTION UNITY_UNIFIED_SHADER_PRECISION_MODEL UNITY_USE_DITHER_MASK_FOR_ALPHABLENDED_SHADOWS UNITY_VIRTUAL_TEXTURING
Shader warning in 'Hidden/Sentis/ScatterND': signed/unsigned mismatch, unsigned assumed at Packages/com.unity.ai.inference/Runtime/Core/Resources/Sentis/PixelShaders/ScatterND.shader(75) (on gles3)

Compiling Subshader: 0, Pass: , Vertex program with ReduceNone
Platform defines: SHADER_API_GLES30 SHADER_API_MOBILE UNITY_ASTC_NORMALMAP_ENCODING UNITY_ENABLE_REFLECTION_BUFFERS UNITY_FRAMEBUFFER_FETCH_AVAILABLE UNITY_LIGHTMAP_RGBM_ENCODING UNITY_NO_CUBEMAP_ARRAY UNITY_NO_RGBM UNITY_NO_SCREENSPACE_SHADOWS UNITY_PBS_USE_BRDF3 UNITY_PLATFORM_SUPPORTS_DEPTH_FETCH
Disabled keywords: K_LARGE ReduceAdd ReduceMax ReduceMin ReduceMul SHADER_API_GLES31 SHADER_API_GLES32 ScatterInt UNITY_COLORSPACE_GAMMA UNITY_ENABLE_DETAIL_NORMALMAP UNITY_HARDWARE_TIER1 UNITY_HARDWARE_TIER2 UNITY_HARDWARE_TIER3 UNITY_LIGHTMAP_DLDR_ENCODING UNITY_LIGHTMAP_FULL_HDR UNITY_LIGHT_PROBE_PROXY_VOLUME UNITY_METAL_SHADOWS_USE_POINT_FILTERING UNITY_NO_DXT5nm UNITY_PBS_USE_BRDF1 UNITY_PBS_USE_BRDF2 UNITY_PRETRANSFORM_TO_DISPLAY_ORIENTATION UNITY_SPECCUBE_BLENDING UNITY_SPECCUBE_BOX_PROJECTION UNITY_UNIFIED_SHADER_PRECISION_MODEL UNITY_USE_DITHER_MASK_FOR_ALPHABLENDED_SHADOWS UNITY_VIRTUAL_TEXTURING
Shader warning in 'Hidden/Sentis/ScatterND': signed/unsigned mismatch, unsigned assumed at Packages/com.unity.ai.inference/Runtime/Core/Resources/Sentis/PixelShaders/ScatterND.shader(77) (on gles3)

Compiling Subshader: 0, Pass: , Vertex program with ReduceNone
Platform defines: SHADER_API_GLES30 SHADER_API_MOBILE UNITY_ASTC_NORMALMAP_ENCODING UNITY_ENABLE_REFLECTION_BUFFERS UNITY_FRAMEBUFFER_FETCH_AVAILABLE UNITY_LIGHTMAP_RGBM_ENCODING UNITY_NO_CUBEMAP_ARRAY UNITY_NO_RGBM UNITY_NO_SCREENSPACE_SHADOWS UNITY_PBS_USE_BRDF3 UNITY_PLATFORM_SUPPORTS_DEPTH_FETCH
Disabled keywords: K_LARGE ReduceAdd ReduceMax ReduceMin ReduceMul SHADER_API_GLES31 SHADER_API_GLES32 ScatterInt UNITY_COLORSPACE_GAMMA UNITY_ENABLE_DETAIL_NORMALMAP UNITY_HARDWARE_TIER1 UNITY_HARDWARE_TIER2 UNITY_HARDWARE_TIER3 UNITY_LIGHTMAP_DLDR_ENCODING UNITY_LIGHTMAP_FULL_HDR UNITY_LIGHT_PROBE_PROXY_VOLUME UNITY_METAL_SHADOWS_USE_POINT_FILTERING UNITY_NO_DXT5nm UNITY_PBS_USE_BRDF1 UNITY_PBS_USE_BRDF2 UNITY_PRETRANSFORM_TO_DISPLAY_ORIENTATION UNITY_SPECCUBE_BLENDING UNITY_SPECCUBE_BOX_PROJECTION UNITY_UNIFIED_SHADER_PRECISION_MODEL UNITY_USE_DITHER_MASK_FOR_ALPHABLENDED_SHADOWS UNITY_VIRTUAL_TEXTURING
Shader warning in 'Hidden/Sentis/ScatterND': signed/unsigned mismatch, unsigned assumed at Packages/com.unity.ai.inference/Runtime/Core/Resources/Sentis/PixelShaders/ScatterND.shader(79) (on gles3)

Compiling Subshader: 0, Pass: , Vertex program with ReduceNone
Platform defines: SHADER_API_GLES30 SHADER_API_MOBILE UNITY_ASTC_NORMALMAP_ENCODING UNITY_ENABLE_REFLECTION_BUFFERS UNITY_FRAMEBUFFER_FETCH_AVAILABLE UNITY_LIGHTMAP_RGBM_ENCODING UNITY_NO_CUBEMAP_ARRAY UNITY_NO_RGBM UNITY_NO_SCREENSPACE_SHADOWS UNITY_PBS_USE_BRDF3 UNITY_PLATFORM_SUPPORTS_DEPTH_FETCH
Disabled keywords: K_LARGE ReduceAdd ReduceMax ReduceMin ReduceMul SHADER_API_GLES31 SHADER_API_GLES32 ScatterInt UNITY_COLORSPACE_GAMMA UNITY_ENABLE_DETAIL_NORMALMAP UNITY_HARDWARE_TIER1 UNITY_HARDWARE_TIER2 UNITY_HARDWARE_TIER3 UNITY_LIGHTMAP_DLDR_ENCODING UNITY_LIGHTMAP_FULL_HDR UNITY_LIGHT_PROBE_PROXY_VOLUME UNITY_METAL_SHADOWS_USE_POINT_FILTERING UNITY_NO_DXT5nm UNITY_PBS_USE_BRDF1 UNITY_PBS_USE_BRDF2 UNITY_PRETRANSFORM_TO_DISPLAY_ORIENTATION UNITY_SPECCUBE_BLENDING UNITY_SPECCUBE_BOX_PROJECTION UNITY_UNIFIED_SHADER_PRECISION_MODEL UNITY_USE_DITHER_MASK_FOR_ALPHABLENDED_SHADOWS UNITY_VIRTUAL_TEXTURING
Shader warning in 'Hidden/Sentis/ScatterND': signed/unsigned mismatch, unsigned assumed at Packages/com.unity.ai.inference/Runtime/Core/Resources/Sentis/PixelShaders/ScatterND.shader(81) (on gles3)

Compiling Subshader: 0, Pass: , Vertex program with ReduceNone
Platform defines: SHADER_API_GLES30 SHADER_API_MOBILE UNITY_ASTC_NORMALMAP_ENCODING UNITY_ENABLE_REFLECTION_BUFFERS UNITY_FRAMEBUFFER_FETCH_AVAILABLE UNITY_LIGHTMAP_RGBM_ENCODING UNITY_NO_CUBEMAP_ARRAY UNITY_NO_RGBM UNITY_NO_SCREENSPACE_SHADOWS UNITY_PBS_USE_BRDF3 UNITY_PLATFORM_SUPPORTS_DEPTH_FETCH
Disabled keywords: K_LARGE ReduceAdd ReduceMax ReduceMin ReduceMul SHADER_API_GLES31 SHADER_API_GLES32 ScatterInt UNITY_COLORSPACE_GAMMA UNITY_ENABLE_DETAIL_NORMALMAP UNITY_HARDWARE_TIER1 UNITY_HARDWARE_TIER2 UNITY_HARDWARE_TIER3 UNITY_LIGHTMAP_DLDR_ENCODING UNITY_LIGHTMAP_FULL_HDR UNITY_LIGHT_PROBE_PROXY_VOLUME UNITY_METAL_SHADOWS_USE_POINT_FILTERING UNITY_NO_DXT5nm UNITY_PBS_USE_BRDF1 UNITY_PBS_USE_BRDF2 UNITY_PRETRANSFORM_TO_DISPLAY_ORIENTATION UNITY_SPECCUBE_BLENDING UNITY_SPECCUBE_BOX_PROJECTION UNITY_UNIFIED_SHADER_PRECISION_MODEL UNITY_USE_DITHER_MASK_FOR_ALPHABLENDED_SHADOWS UNITY_VIRTUAL_TEXTURING
Shader warning in 'Hidden/Sentis/ScatterND': signed/unsigned mismatch, unsigned assumed at Packages/com.unity.ai.inference/Runtime/Core/Resources/Sentis/PixelShaders/ScatterND.shader(86) (on gles3)

Compiling Subshader: 0, Pass: , Vertex program with K_LARGE ReduceMax STEREO_MULTIVIEW_ON ScatterInt
Platform defines: SHADER_API_GLES30 SHADER_API_MOBILE UNITY_ASTC_NORMALMAP_ENCODING UNITY_ENABLE_REFLECTION_BUFFERS UNITY_FRAMEBUFFER_FETCH_AVAILABLE UNITY_LIGHTMAP_RGBM_ENCODING UNITY_NO_CUBEMAP_ARRAY UNITY_NO_RGBM UNITY_NO_SCREENSPACE_SHADOWS UNITY_PBS_USE_BRDF3 UNITY_PLATFORM_SUPPORTS_DEPTH_FETCH
Disabled keywords: ReduceAdd ReduceMin ReduceMul ReduceNone SHADER_API_GLES31 SHADER_API_GLES32 UNITY_COLORSPACE_GAMMA UNITY_ENABLE_DETAIL_NORMALMAP UNITY_HARDWARE_TIER1 UNITY_HARDWARE_TIER2 UNITY_HARDWARE_TIER3 UNITY_LIGHTMAP_DLDR_ENCODING UNITY_LIGHTMAP_FULL_HDR UNITY_LIGHT_PROBE_PROXY_VOLUME UNITY_METAL_SHADOWS_USE_POINT_FILTERING UNITY_NO_DXT5nm UNITY_PBS_USE_BRDF1 UNITY_PBS_USE_BRDF2 UNITY_PRETRANSFORM_TO_DISPLAY_ORIENTATION UNITY_SPECCUBE_BLENDING UNITY_SPECCUBE_BOX_PROJECTION UNITY_UNIFIED_SHADER_PRECISION_MODEL UNITY_USE_DITHER_MASK_FOR_ALPHABLENDED_SHADOWS UNITY_VIRTUAL_TEXTURING
Shader warning in 'Hidden/Sentis/ScatterND': signed/unsigned mismatch, unsigned assumed at Packages/com.unity.ai.inference/Runtime/Core/Resources/Sentis/PixelShaders/ScatterND.shader(88) (on gles3)

Compiling Subshader: 0, Pass: , Vertex program with K_LARGE ReduceMax STEREO_MULTIVIEW_ON ScatterInt
Platform defines: SHADER_API_GLES30 SHADER_API_MOBILE UNITY_ASTC_NORMALMAP_ENCODING UNITY_ENABLE_REFLECTION_BUFFERS UNITY_FRAMEBUFFER_FETCH_AVAILABLE UNITY_LIGHTMAP_RGBM_ENCODING UNITY_NO_CUBEMAP_ARRAY UNITY_NO_RGBM UNITY_NO_SCREENSPACE_SHADOWS UNITY_PBS_USE_BRDF3 UNITY_PLATFORM_SUPPORTS_DEPTH_FETCH
Disabled keywords: ReduceAdd ReduceMin ReduceMul ReduceNone SHADER_API_GLES31 SHADER_API_GLES32 UNITY_COLORSPACE_GAMMA UNITY_ENABLE_DETAIL_NORMALMAP UNITY_HARDWARE_TIER1 UNITY_HARDWARE_TIER2 UNITY_HARDWARE_TIER3 UNITY_LIGHTMAP_DLDR_ENCODING UNITY_LIGHTMAP_FULL_HDR UNITY_LIGHT_PROBE_PROXY_VOLUME UNITY_METAL_SHADOWS_USE_POINT_FILTERING UNITY_NO_DXT5nm UNITY_PBS_USE_BRDF1 UNITY_PBS_USE_BRDF2 UNITY_PRETRANSFORM_TO_DISPLAY_ORIENTATION UNITY_SPECCUBE_BLENDING UNITY_SPECCUBE_BOX_PROJECTION UNITY_UNIFIED_SHADER_PRECISION_MODEL UNITY_USE_DITHER_MASK_FOR_ALPHABLENDED_SHADOWS UNITY_VIRTUAL_TEXTURING
Shader warning in 'Hidden/Sentis/ScatterND': signed/unsigned mismatch, unsigned assumed at Packages/com.unity.ai.inference/Runtime/Core/Resources/Sentis/PixelShaders/ScatterND.shader(90) (on gles3)

Compiling Subshader: 0, Pass: , Vertex program with K_LARGE ReduceMax STEREO_MULTIVIEW_ON ScatterInt
Platform defines: SHADER_API_GLES30 SHADER_API_MOBILE UNITY_ASTC_NORMALMAP_ENCODING UNITY_ENABLE_REFLECTION_BUFFERS UNITY_FRAMEBUFFER_FETCH_AVAILABLE UNITY_LIGHTMAP_RGBM_ENCODING UNITY_NO_CUBEMAP_ARRAY UNITY_NO_RGBM UNITY_NO_SCREENSPACE_SHADOWS UNITY_PBS_USE_BRDF3 UNITY_PLATFORM_SUPPORTS_DEPTH_FETCH
Disabled keywords: ReduceAdd ReduceMin ReduceMul ReduceNone SHADER_API_GLES31 SHADER_API_GLES32 UNITY_COLORSPACE_GAMMA UNITY_ENABLE_DETAIL_NORMALMAP UNITY_HARDWARE_TIER1 UNITY_HARDWARE_TIER2 UNITY_HARDWARE_TIER3 UNITY_LIGHTMAP_DLDR_ENCODING UNITY_LIGHTMAP_FULL_HDR UNITY_LIGHT_PROBE_PROXY_VOLUME UNITY_METAL_SHADOWS_USE_POINT_FILTERING UNITY_NO_DXT5nm UNITY_PBS_USE_BRDF1 UNITY_PBS_USE_BRDF2 UNITY_PRETRANSFORM_TO_DISPLAY_ORIENTATION UNITY_SPECCUBE_BLENDING UNITY_SPECCUBE_BOX_PROJECTION UNITY_UNIFIED_SHADER_PRECISION_MODEL UNITY_USE_DITHER_MASK_FOR_ALPHABLENDED_SHADOWS UNITY_VIRTUAL_TEXTURING
Shader warning in 'Hidden/Sentis/ScatterND': signed/unsigned mismatch, unsigned assumed at Packages/com.unity.ai.inference/Runtime/Core/Resources/Sentis/PixelShaders/ScatterND.shader(92) (on gles3)

Compiling Subshader: 0, Pass: , Vertex program with K_LARGE ReduceMax STEREO_MULTIVIEW_ON ScatterInt
Platform defines: SHADER_API_GLES30 SHADER_API_MOBILE UNITY_ASTC_NORMALMAP_ENCODING UNITY_ENABLE_REFLECTION_BUFFERS UNITY_FRAMEBUFFER_FETCH_AVAILABLE UNITY_LIGHTMAP_RGBM_ENCODING UNITY_NO_CUBEMAP_ARRAY UNITY_NO_RGBM UNITY_NO_SCREENSPACE_SHADOWS UNITY_PBS_USE_BRDF3 UNITY_PLATFORM_SUPPORTS_DEPTH_FETCH
Disabled keywords: ReduceAdd ReduceMin ReduceMul ReduceNone SHADER_API_GLES31 SHADER_API_GLES32 UNITY_COLORSPACE_GAMMA UNITY_ENABLE_DETAIL_NORMALMAP UNITY_HARDWARE_TIER1 UNITY_HARDWARE_TIER2 UNITY_HARDWARE_TIER3 UNITY_LIGHTMAP_DLDR_ENCODING UNITY_LIGHTMAP_FULL_HDR UNITY_LIGHT_PROBE_PROXY_VOLUME UNITY_METAL_SHADOWS_USE_POINT_FILTERING UNITY_NO_DXT5nm UNITY_PBS_USE_BRDF1 UNITY_PBS_USE_BRDF2 UNITY_PRETRANSFORM_TO_DISPLAY_ORIENTATION UNITY_SPECCUBE_BLENDING UNITY_SPECCUBE_BOX_PROJECTION UNITY_UNIFIED_SHADER_PRECISION_MODEL UNITY_USE_DITHER_MASK_FOR_ALPHABLENDED_SHADOWS UNITY_VIRTUAL_TEXTURING
Compiling compute shader "ReferenceImpl.PadA"
    starting stripping...
    finished in 0.00 seconds. 5 of 5 variants left
    5 variants, starting compilation...
    finished in 0.00 seconds. Local cache hits 5, remote cache hits 0, compiled 0 variants
Compiling compute shader "RNN"
    starting stripping...
    finished in 0.00 seconds. 1 of 1 variants left
    1 variants, starting compilation...
    finished in 0.00 seconds. Local cache hits 1, remote cache hits 0, compiled 0 variants
Compiling compute shader "CumSum"
    starting stripping...
    finished in 0.00 seconds. 8 of 8 variants left
    8 variants, starting compilation...
    finished in 0.00 seconds. Local cache hits 8, remote cache hits 0, compiled 0 variants
Compiling compute shader "ScatterOps"
    starting stripping...
    finished in 0.00 seconds. 10 of 10 variants left
    10 variants, starting compilation...
    finished in 0.00 seconds. Local cache hits 10, remote cache hits 0, compiled 0 variants
Compiling compute shader "Compute.Shaders.ReductionUnrolled.gen"
    starting stripping...
    finished in 0.00 seconds. 19 of 19 variants left
    19 variants, starting compilation...
    finished in 0.00 seconds. Local cache hits 19, remote cache hits 0, compiled 0 variants
Compiling shader "Hidden/Sentis/STFT" pass "" (vp)
    Full variant space:         10
    After settings filtering:   10
    After built-in stripping:   20
    After scriptable stripping: 20
    Processed in 0.00 seconds
    starting compilation...
    finished in 0.00 seconds. Local cache hits 20 (0.02s CPU time), remote cache hits 0 (0.00s CPU time), compiled 0 variants (0.00s CPU time), skipped 0 variants
    Prepared data for serialisation in 0.00s
Compiling shader "Hidden/Sentis/STFT" pass "" (vp)
    Full variant space:         10
    After settings filtering:   10
    After built-in stripping:   20
    After scriptable stripping: 20
    Processed in 0.00 seconds
    starting compilation...
    finished in 0.01 seconds. Local cache hits 20 (0.04s CPU time), remote cache hits 0 (0.00s CPU time), compiled 0 variants (0.00s CPU time), skipped 0 variants
    Prepared data for serialisation in 0.00s
Serialized binary data for shader Hidden/Sentis/STFT in 0.00s
    gles3 (total internal programs: 40, unique: 20)
Serialized binary data for shader Simulation/Standard Lit in 0.00s
    gles3 (total internal programs: 0, unique: 0)
Compiling shader "Hidden/Sentis/Reshape" pass "" (vp)
    Full variant space:         4
    After settings filtering:   4
    After built-in stripping:   8
    After scriptable stripping: 8
    Processed in 0.00 seconds
    starting compilation...
    finished in 0.00 seconds. Local cache hits 8 (0.01s CPU time), remote cache hits 0 (0.00s CPU time), compiled 0 variants (0.00s CPU time), skipped 0 variants
    Prepared data for serialisation in 0.00s
Serialized binary data for shader Hidden/Sentis/Reshape in 0.00s
    gles3 (total internal programs: 8, unique: 8)
Compiling shader "Hidden/Sentis/Conv" pass "" (vp)
    Full variant space:         12
    After settings filtering:   12
    After built-in stripping:   24
    After scriptable stripping: 24
    Processed in 0.00 seconds
    starting compilation...
    finished in 0.00 seconds. Local cache hits 24 (0.03s CPU time), remote cache hits 0 (0.00s CPU time), compiled 0 variants (0.00s CPU time), skipped 0 variants
    Prepared data for serialisation in 0.00s
Serialized binary data for shader Hidden/Sentis/Conv in 0.00s
    gles3 (total internal programs: 24, unique: 24)
Compiling shader "Hidden/Sentis/GridSample" pass "" (vp)
    Full variant space:         36
    After settings filtering:   36
    After built-in stripping:   72
    After scriptable stripping: 72
    Processed in 0.00 seconds
    starting compilation...
    finished in 0.01 seconds. Local cache hits 72 (0.11s CPU time), remote cache hits 0 (0.00s CPU time), compiled 0 variants (0.00s CPU time), skipped 0 variants
    Prepared data for serialisation in 0.00s
Serialized binary data for shader Hidden/Sentis/GridSample in 0.00s
    gles3 (total internal programs: 72, unique: 72)
Shader warning in 'Hidden/Sentis/GridSample': signed/unsigned mismatch, unsigned assumed at Packages/com.unity.ai.inference/Runtime/Core/Resources/Sentis/PixelShaders/GridSample.shader(44) (on gles3)

Compiling Subshader: 0, Pass: , Vertex program with GRIDSAMPLE1D LINEAR ZEROS
Platform defines: SHADER_API_GLES30 SHADER_API_MOBILE UNITY_ASTC_NORMALMAP_ENCODING UNITY_ENABLE_REFLECTION_BUFFERS UNITY_FRAMEBUFFER_FETCH_AVAILABLE UNITY_LIGHTMAP_RGBM_ENCODING UNITY_NO_CUBEMAP_ARRAY UNITY_NO_RGBM UNITY_NO_SCREENSPACE_SHADOWS UNITY_PBS_USE_BRDF3 UNITY_PLATFORM_SUPPORTS_DEPTH_FETCH
Disabled keywords: ALIGN_CORNERS BORDER GRIDSAMPLE2D GRIDSAMPLE3D NEAREST REFLECTION SHADER_API_GLES31 SHADER_API_GLES32 UNITY_COLORSPACE_GAMMA UNITY_ENABLE_DETAIL_NORMALMAP UNITY_HARDWARE_TIER1 UNITY_HARDWARE_TIER2 UNITY_HARDWARE_TIER3 UNITY_LIGHTMAP_DLDR_ENCODING UNITY_LIGHTMAP_FULL_HDR UNITY_LIGHT_PROBE_PROXY_VOLUME UNITY_METAL_SHADOWS_USE_POINT_FILTERING UNITY_NO_DXT5nm UNITY_PBS_USE_BRDF1 UNITY_PBS_USE_BRDF2 UNITY_PRETRANSFORM_TO_DISPLAY_ORIENTATION UNITY_SPECCUBE_BLENDING UNITY_SPECCUBE_BOX_PROJECTION UNITY_UNIFIED_SHADER_PRECISION_MODEL UNITY_USE_DITHER_MASK_FOR_ALPHABLENDED_SHADOWS UNITY_VIRTUAL_TEXTURING
Shader warning in 'Hidden/Sentis/GridSample': signed/unsigned mismatch, unsigned assumed at Packages/com.unity.ai.inference/Runtime/Core/Resources/Sentis/PixelShaders/GridSample.shader(47) (on gles3)

Compiling Subshader: 0, Pass: , Vertex program with ALIGN_CORNERS GRIDSAMPLE2D LINEAR STEREO_MULTIVIEW_ON ZEROS
Platform defines: SHADER_API_GLES30 SHADER_API_MOBILE UNITY_ASTC_NORMALMAP_ENCODING UNITY_ENABLE_REFLECTION_BUFFERS UNITY_FRAMEBUFFER_FETCH_AVAILABLE UNITY_LIGHTMAP_RGBM_ENCODING UNITY_NO_CUBEMAP_ARRAY UNITY_NO_RGBM UNITY_NO_SCREENSPACE_SHADOWS UNITY_PBS_USE_BRDF3 UNITY_PLATFORM_SUPPORTS_DEPTH_FETCH
Disabled keywords: BORDER GRIDSAMPLE1D GRIDSAMPLE3D NEAREST REFLECTION SHADER_API_GLES31 SHADER_API_GLES32 UNITY_COLORSPACE_GAMMA UNITY_ENABLE_DETAIL_NORMALMAP UNITY_HARDWARE_TIER1 UNITY_HARDWARE_TIER2 UNITY_HARDWARE_TIER3 UNITY_LIGHTMAP_DLDR_ENCODING UNITY_LIGHTMAP_FULL_HDR UNITY_LIGHT_PROBE_PROXY_VOLUME UNITY_METAL_SHADOWS_USE_POINT_FILTERING UNITY_NO_DXT5nm UNITY_PBS_USE_BRDF1 UNITY_PBS_USE_BRDF2 UNITY_PRETRANSFORM_TO_DISPLAY_ORIENTATION UNITY_SPECCUBE_BLENDING UNITY_SPECCUBE_BOX_PROJECTION UNITY_UNIFIED_SHADER_PRECISION_MODEL UNITY_USE_DITHER_MASK_FOR_ALPHABLENDED_SHADOWS UNITY_VIRTUAL_TEXTURING
Shader warning in 'Hidden/Sentis/GridSample': signed/unsigned mismatch, unsigned assumed at Packages/com.unity.ai.inference/Runtime/Core/Resources/Sentis/PixelShaders/GridSample.shader(50) (on gles3)

Compiling Subshader: 0, Pass: , Vertex program with ALIGN_CORNERS GRIDSAMPLE3D NEAREST STEREO_MULTIVIEW_ON ZEROS
Platform defines: SHADER_API_GLES30 SHADER_API_MOBILE UNITY_ASTC_NORMALMAP_ENCODING UNITY_ENABLE_REFLECTION_BUFFERS UNITY_FRAMEBUFFER_FETCH_AVAILABLE UNITY_LIGHTMAP_RGBM_ENCODING UNITY_NO_CUBEMAP_ARRAY UNITY_NO_RGBM UNITY_NO_SCREENSPACE_SHADOWS UNITY_PBS_USE_BRDF3 UNITY_PLATFORM_SUPPORTS_DEPTH_FETCH
Disabled keywords: BORDER GRIDSAMPLE1D GRIDSAMPLE2D LINEAR REFLECTION SHADER_API_GLES31 SHADER_API_GLES32 UNITY_COLORSPACE_GAMMA UNITY_ENABLE_DETAIL_NORMALMAP UNITY_HARDWARE_TIER1 UNITY_HARDWARE_TIER2 UNITY_HARDWARE_TIER3 UNITY_LIGHTMAP_DLDR_ENCODING UNITY_LIGHTMAP_FULL_HDR UNITY_LIGHT_PROBE_PROXY_VOLUME UNITY_METAL_SHADOWS_USE_POINT_FILTERING UNITY_NO_DXT5nm UNITY_PBS_USE_BRDF1 UNITY_PBS_USE_BRDF2 UNITY_PRETRANSFORM_TO_DISPLAY_ORIENTATION UNITY_SPECCUBE_BLENDING UNITY_SPECCUBE_BOX_PROJECTION UNITY_UNIFIED_SHADER_PRECISION_MODEL UNITY_USE_DITHER_MASK_FOR_ALPHABLENDED_SHADOWS UNITY_VIRTUAL_TEXTURING
Compiling shader "Hidden/Sentis/TextureConversion/ComputeBufferToTexture" pass "" (vp)
    Full variant space:         2
    After settings filtering:   2
    After built-in stripping:   4
    After scriptable stripping: 4
    Processed in 0.00 seconds
    starting compilation...
    finished in 0.00 seconds. Local cache hits 4 (0.00s CPU time), remote cache hits 0 (0.00s CPU time), compiled 0 variants (0.00s CPU time), skipped 0 variants
    Prepared data for serialisation in 0.00s
Serialized binary data for shader Hidden/Sentis/TextureConversion/ComputeBufferToTexture in 0.00s
    gles3 (total internal programs: 4, unique: 4)
Compiling shader "Hidden/Sentis/Gather" pass "" (vp)
    Full variant space:         2
    After settings filtering:   2
    After built-in stripping:   4
    After scriptable stripping: 4
    Processed in 0.00 seconds
    starting compilation...
    finished in 0.00 seconds. Local cache hits 4 (0.01s CPU time), remote cache hits 0 (0.00s CPU time), compiled 0 variants (0.00s CPU time), skipped 0 variants
    Prepared data for serialisation in 0.00s
Serialized binary data for shader Hidden/Sentis/Gather in 0.00s
    gles3 (total internal programs: 4, unique: 4)
Compiling shader "Hidden/Sentis/Cast" pass "" (vp)
    Full variant space:         2
    After settings filtering:   2
    After built-in stripping:   4
    After scriptable stripping: 4
    Processed in 0.00 seconds
    starting compilation...
    finished in 0.00 seconds. Local cache hits 4 (0.01s CPU time), remote cache hits 0 (0.00s CPU time), compiled 0 variants (0.00s CPU time), skipped 0 variants
    Prepared data for serialisation in 0.00s
Serialized binary data for shader Hidden/Sentis/Cast in 0.00s
    gles3 (total internal programs: 4, unique: 4)
Compiling shader "Hidden/Sentis/Broadcast" pass "" (vp)
    Full variant space:         44
    After settings filtering:   44
    After built-in stripping:   88
    After scriptable stripping: 88
    Processed in 0.00 seconds
    starting compilation...
    finished in 0.01 seconds. Local cache hits 88 (0.10s CPU time), remote cache hits 0 (0.00s CPU time), compiled 0 variants (0.00s CPU time), skipped 0 variants
    Prepared data for serialisation in 0.00s
Serialized binary data for shader Hidden/Sentis/Broadcast in 0.00s
    gles3 (total internal programs: 88, unique: 88)
Compiling compute shader "Clip"
    starting stripping...
    finished in 0.00 seconds. 8 of 8 variants left
    8 variants, starting compilation...
    finished in 0.00 seconds. Local cache hits 8, remote cache hits 0, compiled 0 variants
Compiling shader "Hidden/Sentis/BatchNormalization" pass "" (vp)
    Full variant space:         1
    After settings filtering:   1
    After built-in stripping:   2
    After scriptable stripping: 2
    Processed in 0.00 seconds
    starting compilation...
    finished in 0.00 seconds. Local cache hits 2 (0.00s CPU time), remote cache hits 0 (0.00s CPU time), compiled 0 variants (0.00s CPU time), skipped 0 variants
    Prepared data for serialisation in 0.00s
Serialized binary data for shader Hidden/Sentis/BatchNormalization in 0.00s
    gles3 (total internal programs: 2, unique: 2)
Compiling compute shader "WindowedDFTMatrix"
    starting stripping...
    finished in 0.00 seconds. 8 of 8 variants left
    8 variants, starting compilation...
    finished in 0.00 seconds. Local cache hits 8, remote cache hits 0, compiled 0 variants
Compiling shader "Hidden/Sentis/Gemm" pass "" (vp)
    Full variant space:         4
    After settings filtering:   4
    After built-in stripping:   8
    After scriptable stripping: 8
    Processed in 0.00 seconds
    starting compilation...
    finished in 0.00 seconds. Local cache hits 8 (0.01s CPU time), remote cache hits 0 (0.00s CPU time), compiled 0 variants (0.00s CPU time), skipped 0 variants
    Prepared data for serialisation in 0.00s
Serialized binary data for shader Hidden/Sentis/Gemm in 0.00s
    gles3 (total internal programs: 8, unique: 8)
Compiling shader "Hidden/Sentis/TextureTensorDataUpload" pass "" (vp)
    Full variant space:         2
    After settings filtering:   2
    After built-in stripping:   4
    After scriptable stripping: 4
    Processed in 0.00 seconds
    starting compilation...
    finished in 0.00 seconds. Local cache hits 4 (0.00s CPU time), remote cache hits 0 (0.00s CPU time), compiled 0 variants (0.00s CPU time), skipped 0 variants
    Prepared data for serialisation in 0.00s
Serialized binary data for shader Hidden/Sentis/TextureTensorDataUpload in 0.00s
    gles3 (total internal programs: 4, unique: 4)
Compiling shader "Hidden/Sentis/Reduce" pass "" (vp)
    Full variant space:         18
    After settings filtering:   18
    After built-in stripping:   36
    After scriptable stripping: 36
    Processed in 0.00 seconds
    starting compilation...
    finished in 0.01 seconds. Local cache hits 36 (0.05s CPU time), remote cache hits 0 (0.00s CPU time), compiled 0 variants (0.00s CPU time), skipped 0 variants
    Prepared data for serialisation in 0.00s
Serialized binary data for shader Hidden/Sentis/Reduce in 0.00s
    gles3 (total internal programs: 36, unique: 36)
Compiling shader "Hidden/Sentis/Softmax" pass "" (vp)
    Full variant space:         2
    After settings filtering:   2
    After built-in stripping:   4
    After scriptable stripping: 4
    Processed in 0.00 seconds
    starting compilation...
    finished in 0.00 seconds. Local cache hits 4 (0.00s CPU time), remote cache hits 0 (0.00s CPU time), compiled 0 variants (0.00s CPU time), skipped 0 variants
    Prepared data for serialisation in 0.00s
Serialized binary data for shader Hidden/Sentis/Softmax in 0.00s
    gles3 (total internal programs: 4, unique: 4)
Compiling shader "XREALSDK/CaptureBackground" pass "" (vp)
    Full variant space:         1
    After settings filtering:   1
    After built-in stripping:   2
    After scriptable stripping: 2
    Processed in 0.00 seconds
    starting compilation...
    finished in 0.00 seconds. Local cache hits 2 (0.00s CPU time), remote cache hits 0 (0.00s CPU time), compiled 0 variants (0.00s CPU time), skipped 0 variants
    Prepared data for serialisation in 0.00s
Serialized binary data for shader XREALSDK/CaptureBackground in 0.00s
    gles3 (total internal programs: 2, unique: 2)
Compiling shader "Hidden/Sentis/RoiAlign" pass "" (vp)
    Full variant space:         4
    After settings filtering:   4
    After built-in stripping:   8
    After scriptable stripping: 8
    Processed in 0.00 seconds
    starting compilation...
    finished in 0.00 seconds. Local cache hits 8 (0.01s CPU time), remote cache hits 0 (0.00s CPU time), compiled 0 variants (0.00s CPU time), skipped 0 variants
    Prepared data for serialisation in 0.00s
Serialized binary data for shader Hidden/Sentis/RoiAlign in 0.00s
    gles3 (total internal programs: 8, unique: 8)
Compiling shader "Hidden/Sentis/Random" pass "" (vp)
    Full variant space:         4
    After settings filtering:   4
    After built-in stripping:   8
    After scriptable stripping: 8
    Processed in 0.00 seconds
    starting compilation...
    finished in 0.00 seconds. Local cache hits 8 (0.01s CPU time), remote cache hits 0 (0.00s CPU time), compiled 0 variants (0.00s CPU time), skipped 0 variants
    Prepared data for serialisation in 0.00s
Serialized binary data for shader Hidden/Sentis/Random in 0.00s
    gles3 (total internal programs: 8, unique: 8)
Compiling shader "Hidden/Sentis/HardmaxEnd" pass "" (vp)
    Full variant space:         1
    After settings filtering:   1
    After built-in stripping:   2
    After scriptable stripping: 2
    Processed in 0.00 seconds
    starting compilation...
    finished in 0.00 seconds. Local cache hits 2 (0.00s CPU time), remote cache hits 0 (0.00s CPU time), compiled 0 variants (0.00s CPU time), skipped 0 variants
    Prepared data for serialisation in 0.00s
Serialized binary data for shader Hidden/Sentis/HardmaxEnd in 0.00s
    gles3 (total internal programs: 2, unique: 2)
Compiling compute shader "Dense"
    starting stripping...
    finished in 0.00 seconds. 12 of 12 variants left
    12 variants, starting compilation...
    finished in 0.00 seconds. Local cache hits 12, remote cache hits 0, compiled 0 variants
Compiling shader "Hidden/Sentis/ScatterElements" pass "" (vp)
    Full variant space:         40
    After settings filtering:   40
    After built-in stripping:   80
    After scriptable stripping: 80
    Processed in 0.00 seconds
    starting compilation...
    finished in 0.01 seconds. Local cache hits 80 (0.10s CPU time), remote cache hits 0 (0.00s CPU time), compiled 0 variants (0.00s CPU time), skipped 0 variants
    Prepared data for serialisation in 0.00s
Serialized binary data for shader Hidden/Sentis/ScatterElements in 0.00s
    gles3 (total internal programs: 80, unique: 80)
Shader warning in 'Hidden/Sentis/ScatterElements': signed/unsigned mismatch, unsigned assumed at Packages/com.unity.ai.inference/Runtime/Core/Resources/Sentis/PixelShaders/ScatterElements.shader(147) (on gles3)

Compiling Subshader: 0, Pass: , Vertex program with NoFastPath ReduceAdd
Platform defines: SHADER_API_GLES30 SHADER_API_MOBILE UNITY_ASTC_NORMALMAP_ENCODING UNITY_ENABLE_REFLECTION_BUFFERS UNITY_FRAMEBUFFER_FETCH_AVAILABLE UNITY_LIGHTMAP_RGBM_ENCODING UNITY_NO_CUBEMAP_ARRAY UNITY_NO_RGBM UNITY_NO_SCREENSPACE_SHADOWS UNITY_PBS_USE_BRDF3 UNITY_PLATFORM_SUPPORTS_DEPTH_FETCH
Disabled keywords: ReduceMax ReduceMin ReduceMul ReduceNone SHADER_API_GLES31 SHADER_API_GLES32 ScatterInt UNITY_COLORSPACE_GAMMA UNITY_ENABLE_DETAIL_NORMALMAP UNITY_HARDWARE_TIER1 UNITY_HARDWARE_TIER2 UNITY_HARDWARE_TIER3 UNITY_LIGHTMAP_DLDR_ENCODING UNITY_LIGHTMAP_FULL_HDR UNITY_LIGHT_PROBE_PROXY_VOLUME UNITY_METAL_SHADOWS_USE_POINT_FILTERING UNITY_NO_DXT5nm UNITY_PBS_USE_BRDF1 UNITY_PBS_USE_BRDF2 UNITY_PRETRANSFORM_TO_DISPLAY_ORIENTATION UNITY_SPECCUBE_BLENDING UNITY_SPECCUBE_BOX_PROJECTION UNITY_UNIFIED_SHADER_PRECISION_MODEL UNITY_USE_DITHER_MASK_FOR_ALPHABLENDED_SHADOWS UNITY_VIRTUAL_TEXTURING UseDiv4Mask
Shader warning in 'Hidden/Sentis/ScatterElements': signed/unsigned mismatch, unsigned assumed at Packages/com.unity.ai.inference/Runtime/Core/Resources/Sentis/PixelShaders/ScatterElements.shader(202) (on gles3)

Compiling Subshader: 0, Pass: , Vertex program with NoFastPath ReduceAdd
Platform defines: SHADER_API_GLES30 SHADER_API_MOBILE UNITY_ASTC_NORMALMAP_ENCODING UNITY_ENABLE_REFLECTION_BUFFERS UNITY_FRAMEBUFFER_FETCH_AVAILABLE UNITY_LIGHTMAP_RGBM_ENCODING UNITY_NO_CUBEMAP_ARRAY UNITY_NO_RGBM UNITY_NO_SCREENSPACE_SHADOWS UNITY_PBS_USE_BRDF3 UNITY_PLATFORM_SUPPORTS_DEPTH_FETCH
Disabled keywords: ReduceMax ReduceMin ReduceMul ReduceNone SHADER_API_GLES31 SHADER_API_GLES32 ScatterInt UNITY_COLORSPACE_GAMMA UNITY_ENABLE_DETAIL_NORMALMAP UNITY_HARDWARE_TIER1 UNITY_HARDWARE_TIER2 UNITY_HARDWARE_TIER3 UNITY_LIGHTMAP_DLDR_ENCODING UNITY_LIGHTMAP_FULL_HDR UNITY_LIGHT_PROBE_PROXY_VOLUME UNITY_METAL_SHADOWS_USE_POINT_FILTERING UNITY_NO_DXT5nm UNITY_PBS_USE_BRDF1 UNITY_PBS_USE_BRDF2 UNITY_PRETRANSFORM_TO_DISPLAY_ORIENTATION UNITY_SPECCUBE_BLENDING UNITY_SPECCUBE_BOX_PROJECTION UNITY_UNIFIED_SHADER_PRECISION_MODEL UNITY_USE_DITHER_MASK_FOR_ALPHABLENDED_SHADOWS UNITY_VIRTUAL_TEXTURING UseDiv4Mask
Compiling shader "Hidden/Sentis/GatherND" pass "" (vp)
    Full variant space:         2
    After settings filtering:   2
    After built-in stripping:   4
    After scriptable stripping: 4
    Processed in 0.00 seconds
    starting compilation...
    finished in 0.00 seconds. Local cache hits 4 (0.01s CPU time), remote cache hits 0 (0.00s CPU time), compiled 0 variants (0.00s CPU time), skipped 0 variants
    Prepared data for serialisation in 0.00s
Serialized binary data for shader Hidden/Sentis/GatherND in 0.00s
    gles3 (total internal programs: 4, unique: 4)
Compiling shader "Hidden/Sentis/ConstantOfShape" pass "" (vp)
    Full variant space:         2
    After settings filtering:   2
    After built-in stripping:   4
    After scriptable stripping: 4
    Processed in 0.00 seconds
    starting compilation...
    finished in 0.00 seconds. Local cache hits 4 (0.01s CPU time), remote cache hits 0 (0.00s CPU time), compiled 0 variants (0.00s CPU time), skipped 0 variants
    Prepared data for serialisation in 0.00s
Serialized binary data for shader Hidden/Sentis/ConstantOfShape in 0.00s
    gles3 (total internal programs: 4, unique: 4)
Compiling compute shader "ReferenceImpl.GenericA"
    starting stripping...
    finished in 0.00 seconds. 2 of 2 variants left
    2 variants, starting compilation...
    finished in 0.00 seconds. Local cache hits 2, remote cache hits 0, compiled 0 variants
Compiling shader "Hidden/Sentis/Clip" pass "" (vp)
    Full variant space:         8
    After settings filtering:   8
    After built-in stripping:   16
    After scriptable stripping: 16
    Processed in 0.00 seconds
    starting compilation...
    finished in 0.00 seconds. Local cache hits 16 (0.02s CPU time), remote cache hits 0 (0.00s CPU time), compiled 0 variants (0.00s CPU time), skipped 0 variants
    Prepared data for serialisation in 0.00s
Serialized binary data for shader Hidden/Sentis/Clip in 0.00s
    gles3 (total internal programs: 16, unique: 16)
Compiling compute shader "BitonicSort"
    starting stripping...
    finished in 0.00 seconds. 4 of 4 variants left
    4 variants, starting compilation...
    finished in 0.00 seconds. Local cache hits 4, remote cache hits 0, compiled 0 variants
Compiling compute shader "ConvGeneric"
    starting stripping...
    finished in 0.00 seconds. 204 of 204 variants left
    204 variants, starting compilation...
Shader warning in 'ConvGeneric': "TRANSPOSE_OUTPUT variants not supported with NON_UNIFORM_CONVGROUP_PER_OC, make sure this variant is not used" at kernel Conv1D_OutTransposed_4eoc_4esp at ConvGeneric.compute(550)
Shader warning in 'ConvGeneric': "TRANSPOSE_OUTPUT variants not supported with NON_UNIFORM_CONVGROUP_PER_OC, make sure this variant is not used" at kernel Conv1D_OutTransposed_4eoc_4esp at Packages/com.unity.ai.inference/Runtime/Core/Resources/Sentis/ComputeShaders/ConvGeneric.compute(550)
Shader warning in 'ConvGeneric': "TRANSPOSE_OUTPUT variants not supported with NON_UNIFORM_CONVGROUP_PER_OC, make sure this variant is not used" at kernel Conv1D_OutTransposed_4eoc_4esp at ConvGeneric.compute(549)
Shader warning in 'ConvGeneric': "TRANSPOSE_OUTPUT variants not supported with NON_UNIFORM_CONVGROUP_PER_OC, make sure this variant is not used" at kernel Conv1D_OutTransposed_4eoc_4esp at ConvGeneric.compute(550)
Shader warning in 'ConvGeneric': "TRANSPOSE_OUTPUT variants not supported with NON_UNIFORM_CONVGROUP_PER_OC, make sure this variant is not used" at kernel Conv1D_OutTransposed_4eoc_4esp at Packages/com.unity.ai.inference/Runtime/Core/Resources/Sentis/ComputeShaders/ConvGeneric.compute(549)
Shader warning in 'ConvGeneric': "TRANSPOSE_OUTPUT variants not supported with NON_UNIFORM_CONVGROUP_PER_OC, make sure this variant is not used" at kernel Conv1D_OutTransposed_4eoc_4esp at Packages/com.unity.ai.inference/Runtime/Core/Resources/Sentis/ComputeShaders/ConvGeneric.compute(550)
Shader warning in 'ConvGeneric': "TRANSPOSE_OUTPUT variants not supported with NON_UNIFORM_CONVGROUP_PER_OC, make sure this variant is not used" at kernel Conv1D_OutTransposed_4eoc_4esp at ConvGeneric.compute(549)
Shader warning in 'ConvGeneric': "TRANSPOSE_OUTPUT variants not supported with NON_UNIFORM_CONVGROUP_PER_OC, make sure this variant is not used" at kernel Conv1D_OutTransposed_4eoc_4esp at ConvGeneric.compute(550)
Shader warning in 'ConvGeneric': "TRANSPOSE_OUTPUT variants not supported with NON_UNIFORM_CONVGROUP_PER_OC, make sure this variant is not used" at kernel Conv1D_OutTransposed_4eoc_4esp at Packages/com.unity.ai.inference/Runtime/Core/Resources/Sentis/ComputeShaders/ConvGeneric.compute(549)
Shader warning in 'ConvGeneric': "TRANSPOSE_OUTPUT variants not supported with NON_UNIFORM_CONVGROUP_PER_OC, make sure this variant is not used" at kernel Conv1D_OutTransposed_4eoc_4esp at Packages/com.unity.ai.inference/Runtime/Core/Resources/Sentis/ComputeShaders/ConvGeneric.compute(550)
Shader warning in 'ConvGeneric': "TRANSPOSE_OUTPUT variants not supported with NON_UNIFORM_CONVGROUP_PER_OC, make sure this variant is not used" at kernel Conv1D_OutTransposed_4eoc_4esp at ConvGeneric.compute(548)
Shader warning in 'ConvGeneric': "TRANSPOSE_OUTPUT variants not supported with NON_UNIFORM_CONVGROUP_PER_OC, make sure this variant is not used" at kernel Conv1D_OutTransposed_4eoc_4esp at ConvGeneric.compute(549)
Shader warning in 'ConvGeneric': "TRANSPOSE_OUTPUT variants not supported with NON_UNIFORM_CONVGROUP_PER_OC, make sure this variant is not used" at kernel Conv1D_OutTransposed_4eoc_4esp at ConvGeneric.compute(550)
Shader warning in 'ConvGeneric': "TRANSPOSE_OUTPUT variants not supported with NON_UNIFORM_CONVGROUP_PER_OC, make sure this variant is not used" at kernel Conv1D_OutTransposed_4eoc_4esp at Packages/com.unity.ai.inference/Runtime/Core/Resources/Sentis/ComputeShaders/ConvGeneric.compute(548)
Shader warning in 'ConvGeneric': "TRANSPOSE_OUTPUT variants not supported with NON_UNIFORM_CONVGROUP_PER_OC, make sure this variant is not used" at kernel Conv1D_OutTransposed_4eoc_4esp at Packages/com.unity.ai.inference/Runtime/Core/Resources/Sentis/ComputeShaders/ConvGeneric.compute(549)
Shader warning in 'ConvGeneric': "TRANSPOSE_OUTPUT variants not supported with NON_UNIFORM_CONVGROUP_PER_OC, make sure this variant is not used" at kernel Conv1D_OutTransposed_4eoc_4esp at Packages/com.unity.ai.inference/Runtime/Core/Resources/Sentis/ComputeShaders/ConvGeneric.compute(550)
Shader warning in 'ConvGeneric': "TRANSPOSE_OUTPUT variants not supported with NON_UNIFORM_CONVGROUP_PER_OC, make sure this variant is not used" at kernel Conv1D_OutTransposed_4eoc_4esp at ConvGeneric.compute(548)
Shader warning in 'ConvGeneric': "TRANSPOSE_OUTPUT variants not supported with NON_UNIFORM_CONVGROUP_PER_OC, make sure this variant is not used" at kernel Conv1D_OutTransposed_4eoc_4esp at ConvGeneric.compute(549)
Shader warning in 'ConvGeneric': "TRANSPOSE_OUTPUT variants not supported with NON_UNIFORM_CONVGROUP_PER_OC, make sure this variant is not used" at kernel Conv1DComplex_OutTransposed_4eoc_4esp at ConvGeneric.compute(550)
Shader warning in 'ConvGeneric': "TRANSPOSE_OUTPUT variants not supported with NON_UNIFORM_CONVGROUP_PER_OC, make sure this variant is not used" at kernel Conv1D_OutTransposed_4eoc_4esp at ConvGeneric.compute(550)
Shader warning in 'ConvGeneric': "TRANSPOSE_OUTPUT variants not supported with NON_UNIFORM_CONVGROUP_PER_OC, make sure this variant is not used" at kernel Conv1D_OutTransposed_4eoc_4esp at Packages/com.unity.ai.inference/Runtime/Core/Resources/Sentis/ComputeShaders/ConvGeneric.compute(548)
Shader warning in 'ConvGeneric': "TRANSPOSE_OUTPUT variants not supported with NON_UNIFORM_CONVGROUP_PER_OC, make sure this variant is not used" at kernel Conv1D_OutTransposed_4eoc_4esp at Packages/com.unity.ai.inference/Runtime/Core/Resources/Sentis/ComputeShaders/ConvGeneric.compute(549)
Shader warning in 'ConvGeneric': "TRANSPOSE_OUTPUT variants not supported with NON_UNIFORM_CONVGROUP_PER_OC, make sure this variant is not used" at kernel Conv1DComplex_OutTransposed_4eoc_4esp at Packages/com.unity.ai.inference/Runtime/Core/Resources/Sentis/ComputeShaders/ConvGeneric.compute(550)
Shader warning in 'ConvGeneric': "TRANSPOSE_OUTPUT variants not supported with NON_UNIFORM_CONVGROUP_PER_OC, make sure this variant is not used" at kernel Conv1D_OutTransposed_4eoc_4esp at Packages/com.unity.ai.inference/Runtime/Core/Resources/Sentis/ComputeShaders/ConvGeneric.compute(550)
Shader warning in 'ConvGeneric': "TRANSPOSE_OUTPUT variants not supported with NON_UNIFORM_CONVGROUP_PER_OC, make sure this variant is not used" at kernel Conv1D_OutTransposed_4eoc_4esp at ConvGeneric.compute(548)
Shader warning in 'ConvGeneric': "TRANSPOSE_OUTPUT variants not supported with NON_UNIFORM_CONVGROUP_PER_OC, make sure this variant is not used" at kernel Conv1DComplex_OutTransposed_4eoc_4esp at ConvGeneric.compute(549)
Shader warning in 'ConvGeneric': "TRANSPOSE_OUTPUT variants not supported with NON_UNIFORM_CONVGROUP_PER_OC, make sure this variant is not used" at kernel Conv1D_OutTransposed_4eoc_4esp at ConvGeneric.compute(549)
Shader warning in 'ConvGeneric': "TRANSPOSE_OUTPUT variants not supported with NON_UNIFORM_CONVGROUP_PER_OC, make sure this variant is not used" at kernel Conv1DComplex_OutTransposed_4eoc_4esp at ConvGeneric.compute(550)
Shader warning in 'ConvGeneric': "TRANSPOSE_OUTPUT variants not supported with NON_UNIFORM_CONVGROUP_PER_OC, make sure this variant is not used" at kernel Conv1D_OutTransposed_4eoc_4esp at ConvGeneric.compute(550)
Shader warning in 'ConvGeneric': "TRANSPOSE_OUTPUT variants not supported with NON_UNIFORM_CONVGROUP_PER_OC, make sure this variant is not used" at kernel Conv1D_OutTransposed_4eoc_4esp at Packages/com.unity.ai.inference/Runtime/Core/Resources/Sentis/ComputeShaders/ConvGeneric.compute(548)
Shader warning in 'ConvGeneric': "TRANSPOSE_OUTPUT variants not supported with NON_UNIFORM_CONVGROUP_PER_OC, make sure this variant is not used" at kernel Conv1DComplex_OutTransposed_4eoc_4esp at Packages/com.unity.ai.inference/Runtime/Core/Resources/Sentis/ComputeShaders/ConvGeneric.compute(549)
Shader warning in 'ConvGeneric': "TRANSPOSE_OUTPUT variants not supported with NON_UNIFORM_CONVGROUP_PER_OC, make sure this variant is not used" at kernel Conv1D_OutTransposed_4eoc_4esp at Packages/com.unity.ai.inference/Runtime/Core/Resources/Sentis/ComputeShaders/ConvGeneric.compute(549)
Shader warning in 'ConvGeneric': "TRANSPOSE_OUTPUT variants not supported with NON_UNIFORM_CONVGROUP_PER_OC, make sure this variant is not used" at kernel Conv1DComplex_OutTransposed_4eoc_4esp at Packages/com.unity.ai.inference/Runtime/Core/Resources/Sentis/ComputeShaders/ConvGeneric.compute(550)
Shader warning in 'ConvGeneric': "TRANSPOSE_OUTPUT variants not supported with NON_UNIFORM_CONVGROUP_PER_OC, make sure this variant is not used" at kernel Conv1D_OutTransposed_4eoc_4esp at Packages/com.unity.ai.inference/Runtime/Core/Resources/Sentis/ComputeShaders/ConvGeneric.compute(550)
Shader warning in 'ConvGeneric': "TRANSPOSE_OUTPUT variants not supported with NON_UNIFORM_CONVGROUP_PER_OC, make sure this variant is not used" at kernel Conv1D_OutTransposed_4eoc_4esp at ConvGeneric.compute(548)
Shader warning in 'ConvGeneric': "TRANSPOSE_OUTPUT variants not supported with NON_UNIFORM_CONVGROUP_PER_OC, make sure this variant is not used" at kernel Conv1DComplex_OutTransposed_4eoc_4esp at ConvGeneric.compute(549)
Shader warning in 'ConvGeneric': "TRANSPOSE_OUTPUT variants not supported with NON_UNIFORM_CONVGROUP_PER_OC, make sure this variant is not used" at kernel Conv1D_OutTransposed_4eoc_4esp at ConvGeneric.compute(549)
Shader warning in 'ConvGeneric': "TRANSPOSE_OUTPUT variants not supported with NON_UNIFORM_CONVGROUP_PER_OC, make sure this variant is not used" at kernel Conv1DComplex_OutTransposed_4eoc_4esp at ConvGeneric.compute(550)
Shader warning in 'ConvGeneric': "TRANSPOSE_OUTPUT variants not supported with NON_UNIFORM_CONVGROUP_PER_OC, make sure this variant is not used" at kernel Conv1D_OutTransposed_4eoc_4esp at ConvGeneric.compute(550)
Shader warning in 'ConvGeneric': "TRANSPOSE_OUTPUT variants not supported with NON_UNIFORM_CONVGROUP_PER_OC, make sure this variant is not used" at kernel Conv1D_OutTransposed_4eoc_4esp at Packages/com.unity.ai.inference/Runtime/Core/Resources/Sentis/ComputeShaders/ConvGeneric.compute(548)
Shader warning in 'ConvGeneric': "TRANSPOSE_OUTPUT variants not supported with NON_UNIFORM_CONVGROUP_PER_OC, make sure this variant is not used" at kernel Conv1DComplex_OutTransposed_4eoc_4esp at Packages/com.unity.ai.inference/Runtime/Core/Resources/Sentis/ComputeShaders/ConvGeneric.compute(549)
Shader warning in 'ConvGeneric': "TRANSPOSE_OUTPUT variants not supported with NON_UNIFORM_CONVGROUP_PER_OC, make sure this variant is not used" at kernel Conv1D_OutTransposed_4eoc_4esp at Packages/com.unity.ai.inference/Runtime/Core/Resources/Sentis/ComputeShaders/ConvGeneric.compute(549)
Shader warning in 'ConvGeneric': "TRANSPOSE_OUTPUT variants not supported with NON_UNIFORM_CONVGROUP_PER_OC, make sure this variant is not used" at kernel Conv1DComplex_OutTransposed_4eoc_4esp at Packages/com.unity.ai.inference/Runtime/Core/Resources/Sentis/ComputeShaders/ConvGeneric.compute(550)
Shader warning in 'ConvGeneric': "TRANSPOSE_OUTPUT variants not supported with NON_UNIFORM_CONVGROUP_PER_OC, make sure this variant is not used" at kernel Conv1D_OutTransposed_4eoc_4esp at Packages/com.unity.ai.inference/Runtime/Core/Resources/Sentis/ComputeShaders/ConvGeneric.compute(550)
Shader warning in 'ConvGeneric': "TRANSPOSE_OUTPUT variants not supported with NON_UNIFORM_CONVGROUP_PER_OC, make sure this variant is not used" at kernel Conv1DComplex_OutTransposed_4eoc_4esp at ConvGeneric.compute(548)
Shader warning in 'ConvGeneric': "TRANSPOSE_OUTPUT variants not supported with NON_UNIFORM_CONVGROUP_PER_OC, make sure this variant is not used" at kernel Conv1D_OutTransposed_4eoc_4esp at ConvGeneric.compute(548)
Shader warning in 'ConvGeneric': "TRANSPOSE_OUTPUT variants not supported with NON_UNIFORM_CONVGROUP_PER_OC, make sure this variant is not used" at kernel Conv1DComplex_OutTransposed_4eoc_4esp at ConvGeneric.compute(549)
Shader warning in 'ConvGeneric': "TRANSPOSE_OUTPUT variants not supported with NON_UNIFORM_CONVGROUP_PER_OC, make sure this variant is not used" at kernel Conv1D_OutTransposed_4eoc_4esp at ConvGeneric.compute(549)
Shader warning in 'ConvGeneric': "TRANSPOSE_OUTPUT variants not supported with NON_UNIFORM_CONVGROUP_PER_OC, make sure this variant is not used" at kernel Conv1DComplex_OutTransposed_4eoc_4esp at ConvGeneric.compute(550)
Shader warning in 'ConvGeneric': "TRANSPOSE_OUTPUT variants not supported with NON_UNIFORM_CONVGROUP_PER_OC, make sure this variant is not used" at kernel Conv1D_OutTransposed_4eoc_4esp at ConvGeneric.compute(550)
Shader warning in 'ConvGeneric': "TRANSPOSE_OUTPUT variants not supported with NON_UNIFORM_CONVGROUP_PER_OC, make sure this variant is not used" at kernel Conv1DComplex_OutTransposed_4eoc_4esp at Packages/com.unity.ai.inference/Runtime/Core/Resources/Sentis/ComputeShaders/ConvGeneric.compute(548)
Shader warning in 'ConvGeneric': "TRANSPOSE_OUTPUT variants not supported with NON_UNIFORM_CONVGROUP_PER_OC, make sure this variant is not used" at kernel Conv1D_OutTransposed_4eoc_4esp at Packages/com.unity.ai.inference/Runtime/Core/Resources/Sentis/ComputeShaders/ConvGeneric.compute(548)
Shader warning in 'ConvGeneric': "TRANSPOSE_OUTPUT variants not supported with NON_UNIFORM_CONVGROUP_PER_OC, make sure this variant is not used" at kernel Conv1DComplex_OutTransposed_4eoc_4esp at Packages/com.unity.ai.inference/Runtime/Core/Resources/Sentis/ComputeShaders/ConvGeneric.compute(549)
Shader warning in 'ConvGeneric': "TRANSPOSE_OUTPUT variants not supported with NON_UNIFORM_CONVGROUP_PER_OC, make sure this variant is not used" at kernel Conv1D_OutTransposed_4eoc_4esp at Packages/com.unity.ai.inference/Runtime/Core/Resources/Sentis/ComputeShaders/ConvGeneric.compute(549)
Shader warning in 'ConvGeneric': "TRANSPOSE_OUTPUT variants not supported with NON_UNIFORM_CONVGROUP_PER_OC, make sure this variant is not used" at kernel Conv1DComplex_OutTransposed_4eoc_4esp at Packages/com.unity.ai.inference/Runtime/Core/Resources/Sentis/ComputeShaders/ConvGeneric.compute(550)
Shader warning in 'ConvGeneric': "TRANSPOSE_OUTPUT variants not supported with NON_UNIFORM_CONVGROUP_PER_OC, make sure this variant is not used" at kernel Conv1D_OutTransposed_4eoc_4esp at Packages/com.unity.ai.inference/Runtime/Core/Resources/Sentis/ComputeShaders/ConvGeneric.compute(550)
Shader warning in 'ConvGeneric': "TRANSPOSE_OUTPUT variants not supported with NON_UNIFORM_CONVGROUP_PER_OC, make sure this variant is not used" at kernel Conv1DComplex_OutTransposed_4eoc_4esp at ConvGeneric.compute(548)
Shader warning in 'ConvGeneric': "TRANSPOSE_OUTPUT variants not supported with NON_UNIFORM_CONVGROUP_PER_OC, make sure this variant is not used" at kernel Conv1D_OutTransposed_4eoc_4esp at ConvGeneric.compute(548)
Shader warning in 'ConvGeneric': "TRANSPOSE_OUTPUT variants not supported with NON_UNIFORM_CONVGROUP_PER_OC, make sure this variant is not used" at kernel Conv1DComplex_OutTransposed_4eoc_4esp at ConvGeneric.compute(549)
Shader warning in 'ConvGeneric': "TRANSPOSE_OUTPUT variants not supported with NON_UNIFORM_CONVGROUP_PER_OC, make sure this variant is not used" at kernel Conv1D_OutTransposed_4eoc_4esp at ConvGeneric.compute(549)
Shader warning in 'ConvGeneric': "TRANSPOSE_OUTPUT variants not supported with NON_UNIFORM_CONVGROUP_PER_OC, make sure this variant is not used" at kernel Conv1DComplex_OutTransposed_4eoc_4esp at ConvGeneric.compute(550)
Shader warning in 'ConvGeneric': "TRANSPOSE_OUTPUT variants not supported with NON_UNIFORM_CONVGROUP_PER_OC, make sure this variant is not used" at kernel Conv1D_OutTransposed_4eoc_4esp at ConvGeneric.compute(550)
Shader warning in 'ConvGeneric': "TRANSPOSE_OUTPUT variants not supported with NON_UNIFORM_CONVGROUP_PER_OC, make sure this variant is not used" at kernel Conv1D_Scaled_OutTransposed_4eoc_4esp at ConvGeneric.compute(550)
Shader warning in 'ConvGeneric': "TRANSPOSE_OUTPUT variants not supported with NON_UNIFORM_CONVGROUP_PER_OC, make sure this variant is not used" at kernel Conv1DComplex_OutTransposed_4eoc_4esp at Packages/com.unity.ai.inference/Runtime/Core/Resources/Sentis/ComputeShaders/ConvGeneric.compute(548)
Shader warning in 'ConvGeneric': "TRANSPOSE_OUTPUT variants not supported with NON_UNIFORM_CONVGROUP_PER_OC, make sure this variant is not used" at kernel Conv1D_OutTransposed_4eoc_4esp at Packages/com.unity.ai.inference/Runtime/Core/Resources/Sentis/ComputeShaders/ConvGeneric.compute(548)
Shader warning in 'ConvGeneric': "TRANSPOSE_OUTPUT variants not supported with NON_UNIFORM_CONVGROUP_PER_OC, make sure this variant is not used" at kernel Conv1DComplex_OutTransposed_4eoc_4esp at Packages/com.unity.ai.inference/Runtime/Core/Resources/Sentis/ComputeShaders/ConvGeneric.compute(549)
Shader warning in 'ConvGeneric': "TRANSPOSE_OUTPUT variants not supported with NON_UNIFORM_CONVGROUP_PER_OC, make sure this variant is not used" at kernel Conv1D_OutTransposed_4eoc_4esp at Packages/com.unity.ai.inference/Runtime/Core/Resources/Sentis/ComputeShaders/ConvGeneric.compute(549)
Shader warning in 'ConvGeneric': "TRANSPOSE_OUTPUT variants not supported with NON_UNIFORM_CONVGROUP_PER_OC, make sure this variant is not used" at kernel Conv1DComplex_OutTransposed_4eoc_4esp at Packages/com.unity.ai.inference/Runtime/Core/Resources/Sentis/ComputeShaders/ConvGeneric.compute(550)
Shader warning in 'ConvGeneric': "TRANSPOSE_OUTPUT variants not supported with NON_UNIFORM_CONVGROUP_PER_OC, make sure this variant is not used" at kernel Conv1D_OutTransposed_4eoc_4esp at Packages/com.unity.ai.inference/Runtime/Core/Resources/Sentis/ComputeShaders/ConvGeneric.compute(550)
Shader warning in 'ConvGeneric': "TRANSPOSE_OUTPUT variants not supported with NON_UNIFORM_CONVGROUP_PER_OC, make sure this variant is not used" at kernel Conv1D_Scaled_OutTransposed_4eoc_4esp at Packages/com.unity.ai.inference/Runtime/Core/Resources/Sentis/ComputeShaders/ConvGeneric.compute(550)
Shader warning in 'ConvGeneric': "TRANSPOSE_OUTPUT variants not supported with NON_UNIFORM_CONVGROUP_PER_OC, make sure this variant is not used" at kernel Conv1DComplex_OutTransposed_4eoc_4esp at ConvGeneric.compute(548)
Shader warning in 'ConvGeneric': "TRANSPOSE_OUTPUT variants not supported with NON_UNIFORM_CONVGROUP_PER_OC, make sure this variant is not used" at kernel Conv1D_OutTransposed_4eoc_4esp at ConvGeneric.compute(548)
Shader warning in 'ConvGeneric': "TRANSPOSE_OUTPUT variants not supported with NON_UNIFORM_CONVGROUP_PER_OC, make sure this variant is not used" at kernel Conv1DComplex_OutTransposed_4eoc_4esp at ConvGeneric.compute(549)
Shader warning in 'ConvGeneric': "TRANSPOSE_OUTPUT variants not supported with NON_UNIFORM_CONVGROUP_PER_OC, make sure this variant is not used" at kernel Conv1D_OutTransposed_4eoc_4esp at ConvGeneric.compute(549)
Shader warning in 'ConvGeneric': "TRANSPOSE_OUTPUT variants not supported with NON_UNIFORM_CONVGROUP_PER_OC, make sure this variant is not used" at kernel Conv1D_Scaled_OutTransposed_4eoc_4esp at ConvGeneric.compute(549)
Shader warning in 'ConvGeneric': "TRANSPOSE_OUTPUT variants not supported with NON_UNIFORM_CONVGROUP_PER_OC, make sure this variant is not used" at kernel Conv1DComplex_OutTransposed_4eoc_4esp at ConvGeneric.compute(550)
Shader warning in 'ConvGeneric': "TRANSPOSE_OUTPUT variants not supported with NON_UNIFORM_CONVGROUP_PER_OC, make sure this variant is not used" at kernel Conv1D_OutTransposed_4eoc_4esp at ConvGeneric.compute(550)
Shader warning in 'ConvGeneric': "TRANSPOSE_OUTPUT variants not supported with NON_UNIFORM_CONVGROUP_PER_OC, make sure this variant is not used" at kernel Conv1D_Scaled_OutTransposed_4eoc_4esp at ConvGeneric.compute(550)
Shader warning in 'ConvGeneric': "TRANSPOSE_OUTPUT variants not supported with NON_UNIFORM_CONVGROUP_PER_OC, make sure this variant is not used" at kernel Conv1DComplex_OutTransposed_4eoc_4esp at Packages/com.unity.ai.inference/Runtime/Core/Resources/Sentis/ComputeShaders/ConvGeneric.compute(548)
Shader warning in 'ConvGeneric': "TRANSPOSE_OUTPUT variants not supported with NON_UNIFORM_CONVGROUP_PER_OC, make sure this variant is not used" at kernel Conv1D_OutTransposed_4eoc_4esp at Packages/com.unity.ai.inference/Runtime/Core/Resources/Sentis/ComputeShaders/ConvGeneric.compute(548)
Shader warning in 'ConvGeneric': "TRANSPOSE_OUTPUT variants not supported with NON_UNIFORM_CONVGROUP_PER_OC, make sure this variant is not used" at kernel Conv1DComplex_OutTransposed_4eoc_4esp at Packages/com.unity.ai.inference/Runtime/Core/Resources/Sentis/ComputeShaders/ConvGeneric.compute(549)
Shader warning in 'ConvGeneric': "TRANSPOSE_OUTPUT variants not supported with NON_UNIFORM_CONVGROUP_PER_OC, make sure this variant is not used" at kernel Conv1D_OutTransposed_4eoc_4esp at Packages/com.unity.ai.inference/Runtime/Core/Resources/Sentis/ComputeShaders/ConvGeneric.compute(549)
Shader warning in 'ConvGeneric': "TRANSPOSE_OUTPUT variants not supported with NON_UNIFORM_CONVGROUP_PER_OC, make sure this variant is not used" at kernel Conv1D_Scaled_OutTransposed_4eoc_4esp at Packages/com.unity.ai.inference/Runtime/Core/Resources/Sentis/ComputeShaders/ConvGeneric.compute(549)
Shader warning in 'ConvGeneric': "TRANSPOSE_OUTPUT variants not supported with NON_UNIFORM_CONVGROUP_PER_OC, make sure this variant is not used" at kernel Conv1DComplex_OutTransposed_4eoc_4esp at Packages/com.unity.ai.inference/Runtime/Core/Resources/Sentis/ComputeShaders/ConvGeneric.compute(550)
Shader warning in 'ConvGeneric': "TRANSPOSE_OUTPUT variants not supported with NON_UNIFORM_CONVGROUP_PER_OC, make sure this variant is not used" at kernel Conv1D_OutTransposed_4eoc_4esp at Packages/com.unity.ai.inference/Runtime/Core/Resources/Sentis/ComputeShaders/ConvGeneric.compute(550)
Shader warning in 'ConvGeneric': "TRANSPOSE_OUTPUT variants not supported with NON_UNIFORM_CONVGROUP_PER_OC, make sure this variant is not used" at kernel Conv1D_Scaled_OutTransposed_4eoc_4esp at Packages/com.unity.ai.inference/Runtime/Core/Resources/Sentis/ComputeShaders/ConvGeneric.compute(550)
Shader warning in 'ConvGeneric': "TRANSPOSE_OUTPUT variants not supported with NON_UNIFORM_CONVGROUP_PER_OC, make sure this variant is not used" at kernel Conv1DComplex_OutTransposed_4eoc_4esp at ConvGeneric.compute(548)
Shader warning in 'ConvGeneric': "TRANSPOSE_OUTPUT variants not supported with NON_UNIFORM_CONVGROUP_PER_OC, make sure this variant is not used" at kernel Conv1D_OutTransposed_4eoc_4esp at ConvGeneric.compute(548)
Shader warning in 'ConvGeneric': "TRANSPOSE_OUTPUT variants not supported with NON_UNIFORM_CONVGROUP_PER_OC, make sure this variant is not used" at kernel Conv1DComplex_OutTransposed_4eoc_4esp at ConvGeneric.compute(549)
Shader warning in 'ConvGeneric': "TRANSPOSE_OUTPUT variants not supported with NON_UNIFORM_CONVGROUP_PER_OC, make sure this variant is not used" at kernel Conv1D_OutTransposed_4eoc_4esp at ConvGeneric.compute(549)
Shader warning in 'ConvGeneric': "TRANSPOSE_OUTPUT variants not supported with NON_UNIFORM_CONVGROUP_PER_OC, make sure this variant is not used" at kernel Conv1D_Scaled_OutTransposed_4eoc_4esp at ConvGeneric.compute(549)
Shader warning in 'ConvGeneric': "TRANSPOSE_OUTPUT variants not supported with NON_UNIFORM_CONVGROUP_PER_OC, make sure this variant is not used" at kernel Conv1DComplex_OutTransposed_4eoc_4esp at ConvGeneric.compute(550)
Shader warning in 'ConvGeneric': "TRANSPOSE_OUTPUT variants not supported with NON_UNIFORM_CONVGROUP_PER_OC, make sure this variant is not used" at kernel Conv1D_OutTransposed_4eoc_4esp at ConvGeneric.compute(550)
Shader warning in 'ConvGeneric': "TRANSPOSE_OUTPUT variants not supported with NON_UNIFORM_CONVGROUP_PER_OC, make sure this variant is not used" at kernel Conv1D_Scaled_OutTransposed_4eoc_4esp at ConvGeneric.compute(550)
Shader warning in 'ConvGeneric': "TRANSPOSE_OUTPUT variants not supported with NON_UNIFORM_CONVGROUP_PER_OC, make sure this variant is not used" at kernel Conv1DComplex_OutTransposed_4eoc_4esp at Packages/com.unity.ai.inference/Runtime/Core/Resources/Sentis/ComputeShaders/ConvGeneric.compute(548)
Shader warning in 'ConvGeneric': "TRANSPOSE_OUTPUT variants not supported with NON_UNIFORM_CONVGROUP_PER_OC, make sure this variant is not used" at kernel Conv1D_OutTransposed_4eoc_4esp at Packages/com.unity.ai.inference/Runtime/Core/Resources/Sentis/ComputeShaders/ConvGeneric.compute(548)
Shader warning in 'ConvGeneric': "TRANSPOSE_OUTPUT variants not supported with NON_UNIFORM_CONVGROUP_PER_OC, make sure this variant is not used" at kernel Conv1DComplex_OutTransposed_4eoc_4esp at Packages/com.unity.ai.inference/Runtime/Core/Resources/Sentis/ComputeShaders/ConvGeneric.compute(549)
Shader warning in 'ConvGeneric': "TRANSPOSE_OUTPUT variants not supported with NON_UNIFORM_CONVGROUP_PER_OC, make sure this variant is not used" at kernel Conv1D_OutTransposed_4eoc_4esp at Packages/com.unity.ai.inference/Runtime/Core/Resources/Sentis/ComputeShaders/ConvGeneric.compute(549)
Shader warning in 'ConvGeneric': "TRANSPOSE_OUTPUT variants not supported with NON_UNIFORM_CONVGROUP_PER_OC, make sure this variant is not used" at kernel Conv1D_Scaled_OutTransposed_4eoc_4esp at Packages/com.unity.ai.inference/Runtime/Core/Resources/Sentis/ComputeShaders/ConvGeneric.compute(549)
Shader warning in 'ConvGeneric': "TRANSPOSE_OUTPUT variants not supported with NON_UNIFORM_CONVGROUP_PER_OC, make sure this variant is not used" at kernel Conv1DComplex_OutTransposed_4eoc_4esp at Packages/com.unity.ai.inference/Runtime/Core/Resources/Sentis/ComputeShaders/ConvGeneric.compute(550)
Shader warning in 'ConvGeneric': "TRANSPOSE_OUTPUT variants not supported with NON_UNIFORM_CONVGROUP_PER_OC, make sure this variant is not used" at kernel Conv1D_OutTransposed_4eoc_4esp at Packages/com.unity.ai.inference/Runtime/Core/Resources/Sentis/ComputeShaders/ConvGeneric.compute(550)
Shader warning in 'ConvGeneric': "TRANSPOSE_OUTPUT variants not supported with NON_UNIFORM_CONVGROUP_PER_OC, make sure this variant is not used" at kernel Conv1D_Scaled_OutTransposed_4eoc_4esp at Packages/com.unity.ai.inference/Runtime/Core/Resources/Sentis/ComputeShaders/ConvGeneric.compute(550)
Shader warning in 'ConvGeneric': "TRANSPOSE_OUTPUT variants not supported with NON_UNIFORM_CONVGROUP_PER_OC, make sure this variant is not used" at kernel Conv1DComplex_OutTransposed_4eoc_4esp at ConvGeneric.compute(548)
Shader warning in 'ConvGeneric': "TRANSPOSE_OUTPUT variants not supported with NON_UNIFORM_CONVGROUP_PER_OC, make sure this variant is not used" at kernel Conv1D_OutTransposed_4eoc_4esp at ConvGeneric.compute(548)
Shader warning in 'ConvGeneric': "TRANSPOSE_OUTPUT variants not supported with NON_UNIFORM_CONVGROUP_PER_OC, make sure this variant is not used" at kernel Conv1D_Scaled_OutTransposed_4eoc_4esp at ConvGeneric.compute(548)
Shader warning in 'ConvGeneric': "TRANSPOSE_OUTPUT variants not supported with NON_UNIFORM_CONVGROUP_PER_OC, make sure this variant is not used" at kernel Conv1DComplex_OutTransposed_4eoc_4esp at ConvGeneric.compute(549)
Shader warning in 'ConvGeneric': "TRANSPOSE_OUTPUT variants not supported with NON_UNIFORM_CONVGROUP_PER_OC, make sure this variant is not used" at kernel Conv1D_OutTransposed_4eoc_4esp at ConvGeneric.compute(549)
Shader warning in 'ConvGeneric': "TRANSPOSE_OUTPUT variants not supported with NON_UNIFORM_CONVGROUP_PER_OC, make sure this variant is not used" at kernel Conv1D_Scaled_OutTransposed_4eoc_4esp at ConvGeneric.compute(549)
Shader warning in 'ConvGeneric': "TRANSPOSE_OUTPUT variants not supported with NON_UNIFORM_CONVGROUP_PER_OC, make sure this variant is not used" at kernel Conv1DComplex_OutTransposed_4eoc_4esp at ConvGeneric.compute(550)
Shader warning in 'ConvGeneric': "TRANSPOSE_OUTPUT variants not supported with NON_UNIFORM_CONVGROUP_PER_OC, make sure this variant is not used" at kernel Conv1D_OutTransposed_4eoc_4esp at ConvGeneric.compute(550)
Shader warning in 'ConvGeneric': "TRANSPOSE_OUTPUT variants not supported with NON_UNIFORM_CONVGROUP_PER_OC, make sure this variant is not used" at kernel Conv1D_Scaled_OutTransposed_4eoc_4esp at ConvGeneric.compute(550)
Shader warning in 'ConvGeneric': "TRANSPOSE_OUTPUT variants not supported with NON_UNIFORM_CONVGROUP_PER_OC, make sure this variant is not used" at kernel Conv1DComplex_OutTransposed_4eoc_4esp at Packages/com.unity.ai.inference/Runtime/Core/Resources/Sentis/ComputeShaders/ConvGeneric.compute(548)
Shader warning in 'ConvGeneric': "TRANSPOSE_OUTPUT variants not supported with NON_UNIFORM_CONVGROUP_PER_OC, make sure this variant is not used" at kernel Conv1D_OutTransposed_4eoc_4esp at Packages/com.unity.ai.inference/Runtime/Core/Resources/Sentis/ComputeShaders/ConvGeneric.compute(548)
Shader warning in 'ConvGeneric': "TRANSPOSE_OUTPUT variants not supported with NON_UNIFORM_CONVGROUP_PER_OC, make sure this variant is not used" at kernel Conv1D_Scaled_OutTransposed_4eoc_4esp at Packages/com.unity.ai.inference/Runtime/Core/Resources/Sentis/ComputeShaders/ConvGeneric.compute(548)
Shader warning in 'ConvGeneric': "TRANSPOSE_OUTPUT variants not supported with NON_UNIFORM_CONVGROUP_PER_OC, make sure this variant is not used" at kernel Conv1DComplex_OutTransposed_4eoc_4esp at Packages/com.unity.ai.inference/Runtime/Core/Resources/Sentis/ComputeShaders/ConvGeneric.compute(549)
Shader warning in 'ConvGeneric': "TRANSPOSE_OUTPUT variants not supported with NON_UNIFORM_CONVGROUP_PER_OC, make sure this variant is not used" at kernel Conv1D_OutTransposed_4eoc_4esp at Packages/com.unity.ai.inference/Runtime/Core/Resources/Sentis/ComputeShaders/ConvGeneric.compute(549)
Shader warning in 'ConvGeneric': "TRANSPOSE_OUTPUT variants not supported with NON_UNIFORM_CONVGROUP_PER_OC, make sure this variant is not used" at kernel Conv1D_Scaled_OutTransposed_4eoc_4esp at Packages/com.unity.ai.inference/Runtime/Core/Resources/Sentis/ComputeShaders/ConvGeneric.compute(549)
Shader warning in 'ConvGeneric': "TRANSPOSE_OUTPUT variants not supported with NON_UNIFORM_CONVGROUP_PER_OC, make sure this variant is not used" at kernel Conv1DComplex_OutTransposed_4eoc_4esp at Packages/com.unity.ai.inference/Runtime/Core/Resources/Sentis/ComputeShaders/ConvGeneric.compute(550)
Shader warning in 'ConvGeneric': "TRANSPOSE_OUTPUT variants not supported with NON_UNIFORM_CONVGROUP_PER_OC, make sure this variant is not used" at kernel Conv1D_OutTransposed_4eoc_4esp at Packages/com.unity.ai.inference/Runtime/Core/Resources/Sentis/ComputeShaders/ConvGeneric.compute(550)
Shader warning in 'ConvGeneric': "TRANSPOSE_OUTPUT variants not supported with NON_UNIFORM_CONVGROUP_PER_OC, make sure this variant is not used" at kernel Conv1D_Scaled_OutTransposed_4eoc_4esp at Packages/com.unity.ai.inference/Runtime/Core/Resources/Sentis/ComputeShaders/ConvGeneric.compute(550)
Shader warning in 'ConvGeneric': "TRANSPOSE_OUTPUT variants not supported with NON_UNIFORM_CONVGROUP_PER_OC, make sure this variant is not used" at kernel Conv1DComplex_OutTransposed_4eoc_4esp at ConvGeneric.compute(548)
Shader warning in 'ConvGeneric': "TRANSPOSE_OUTPUT variants not supported with NON_UNIFORM_CONVGROUP_PER_OC, make sure this variant is not used" at kernel Conv1D_OutTransposed_4eoc_4esp at ConvGeneric.compute(548)
Shader warning in 'ConvGeneric': "TRANSPOSE_OUTPUT variants not supported with NON_UNIFORM_CONVGROUP_PER_OC, make sure this variant is not used" at kernel Conv1D_Scaled_OutTransposed_4eoc_4esp at ConvGeneric.compute(548)
Shader warning in 'ConvGeneric': "TRANSPOSE_OUTPUT variants not supported with NON_UNIFORM_CONVGROUP_PER_OC, make sure this variant is not used" at kernel Conv1DComplex_OutTransposed_4eoc_4esp at ConvGeneric.compute(549)
Shader warning in 'ConvGeneric': "TRANSPOSE_OUTPUT variants not supported with NON_UNIFORM_CONVGROUP_PER_OC, make sure this variant is not used" at kernel Conv1D_OutTransposed_4eoc_4esp at ConvGeneric.compute(549)
Shader warning in 'ConvGeneric': "TRANSPOSE_OUTPUT variants not supported with NON_UNIFORM_CONVGROUP_PER_OC, make sure this variant is not used" at kernel Conv1D_Scaled_OutTransposed_4eoc_4esp at ConvGeneric.compute(549)
Shader warning in 'ConvGeneric': "TRANSPOSE_OUTPUT variants not supported with NON_UNIFORM_CONVGROUP_PER_OC, make sure this variant is not used" at kernel Conv1DComplex_OutTransposed_4eoc_4esp at ConvGeneric.compute(550)
Shader warning in 'ConvGeneric': "TRANSPOSE_OUTPUT variants not supported with NON_UNIFORM_CONVGROUP_PER_OC, make sure this variant is not used" at kernel Conv1D_OutTransposed_4eoc_4esp at ConvGeneric.compute(550)
Shader warning in 'ConvGeneric': "TRANSPOSE_OUTPUT variants not supported with NON_UNIFORM_CONVGROUP_PER_OC, make sure this variant is not used" at kernel Conv1D_Scaled_Complex_OutTransposed_4eoc_4esp at ConvGeneric.compute(550)
Shader warning in 'ConvGeneric': "TRANSPOSE_OUTPUT variants not supported with NON_UNIFORM_CONVGROUP_PER_OC, make sure this variant is not used" at kernel Conv1D_Scaled_OutTransposed_4eoc_4esp at ConvGeneric.compute(550)
Shader warning in 'ConvGeneric': "TRANSPOSE_OUTPUT variants not supported with NON_UNIFORM_CONVGROUP_PER_OC, make sure this variant is not used" at kernel Conv1DComplex_OutTransposed_4eoc_4esp at Packages/com.unity.ai.inference/Runtime/Core/Resources/Sentis/ComputeShaders/ConvGeneric.compute(548)
Shader warning in 'ConvGeneric': "TRANSPOSE_OUTPUT variants not supported with NON_UNIFORM_CONVGROUP_PER_OC, make sure this variant is not used" at kernel Conv1D_OutTransposed_4eoc_4esp at Packages/com.unity.ai.inference/Runtime/Core/Resources/Sentis/ComputeShaders/ConvGeneric.compute(548)
Shader warning in 'ConvGeneric': "TRANSPOSE_OUTPUT variants not supported with NON_UNIFORM_CONVGROUP_PER_OC, make sure this variant is not used" at kernel Conv1D_Scaled_OutTransposed_4eoc_4esp at Packages/com.unity.ai.inference/Runtime/Core/Resources/Sentis/ComputeShaders/ConvGeneric.compute(548)
Shader warning in 'ConvGeneric': "TRANSPOSE_OUTPUT variants not supported with NON_UNIFORM_CONVGROUP_PER_OC, make sure this variant is not used" at kernel Conv1DComplex_OutTransposed_4eoc_4esp at Packages/com.unity.ai.inference/Runtime/Core/Resources/Sentis/ComputeShaders/ConvGeneric.compute(549)
Shader warning in 'ConvGeneric': "TRANSPOSE_OUTPUT variants not supported with NON_UNIFORM_CONVGROUP_PER_OC, make sure this variant is not used" at kernel Conv1D_OutTransposed_4eoc_4esp at Packages/com.unity.ai.inference/Runtime/Core/Resources/Sentis/ComputeShaders/ConvGeneric.compute(549)
Shader warning in 'ConvGeneric': "TRANSPOSE_OUTPUT variants not supported with NON_UNIFORM_CONVGROUP_PER_OC, make sure this variant is not used" at kernel Conv1D_Scaled_OutTransposed_4eoc_4esp at Packages/com.unity.ai.inference/Runtime/Core/Resources/Sentis/ComputeShaders/ConvGeneric.compute(549)
Shader warning in 'ConvGeneric': "TRANSPOSE_OUTPUT variants not supported with NON_UNIFORM_CONVGROUP_PER_OC, make sure this variant is not used" at kernel Conv1DComplex_OutTransposed_4eoc_4esp at Packages/com.unity.ai.inference/Runtime/Core/Resources/Sentis/ComputeShaders/ConvGeneric.compute(550)
Shader warning in 'ConvGeneric': "TRANSPOSE_OUTPUT variants not supported with NON_UNIFORM_CONVGROUP_PER_OC, make sure this variant is not used" at kernel Conv1D_OutTransposed_4eoc_4esp at Packages/com.unity.ai.inference/Runtime/Core/Resources/Sentis/ComputeShaders/ConvGeneric.compute(550)
Shader warning in 'ConvGeneric': "TRANSPOSE_OUTPUT variants not supported with NON_UNIFORM_CONVGROUP_PER_OC, make sure this variant is not used" at kernel Conv1D_Scaled_Complex_OutTransposed_4eoc_4esp at Packages/com.unity.ai.inference/Runtime/Core/Resources/Sentis/ComputeShaders/ConvGeneric.compute(550)
Shader warning in 'ConvGeneric': "TRANSPOSE_OUTPUT variants not supported with NON_UNIFORM_CONVGROUP_PER_OC, make sure this variant is not used" at kernel Conv1D_Scaled_OutTransposed_4eoc_4esp at Packages/com.unity.ai.inference/Runtime/Core/Resources/Sentis/ComputeShaders/ConvGeneric.compute(550)
Shader warning in 'ConvGeneric': "TRANSPOSE_OUTPUT variants not supported with NON_UNIFORM_CONVGROUP_PER_OC, make sure this variant is not used" at kernel Conv1DComplex_OutTransposed_4eoc_4esp at ConvGeneric.compute(548)
Shader warning in 'ConvGeneric': "TRANSPOSE_OUTPUT variants not supported with NON_UNIFORM_CONVGROUP_PER_OC, make sure this variant is not used" at kernel Conv1D_OutTransposed_4eoc_4esp at ConvGeneric.compute(548)
Shader warning in 'ConvGeneric': "TRANSPOSE_OUTPUT variants not supported with NON_UNIFORM_CONVGROUP_PER_OC, make sure this variant is not used" at kernel Conv1D_Scaled_OutTransposed_4eoc_4esp at ConvGeneric.compute(548)
Shader warning in 'ConvGeneric': "TRANSPOSE_OUTPUT variants not supported with NON_UNIFORM_CONVGROUP_PER_OC, make sure this variant is not used" at kernel Conv1DComplex_OutTransposed_4eoc_4esp at ConvGeneric.compute(549)
Shader warning in 'ConvGeneric': "TRANSPOSE_OUTPUT variants not supported with NON_UNIFORM_CONVGROUP_PER_OC, make sure this variant is not used" at kernel Conv1D_OutTransposed_4eoc_4esp at ConvGeneric.compute(549)
Shader warning in 'ConvGeneric': "TRANSPOSE_OUTPUT variants not supported with NON_UNIFORM_CONVGROUP_PER_OC, make sure this variant is not used" at kernel Conv1D_Scaled_Complex_OutTransposed_4eoc_4esp at ConvGeneric.compute(549)
Shader warning in 'ConvGeneric': "TRANSPOSE_OUTPUT variants not supported with NON_UNIFORM_CONVGROUP_PER_OC, make sure this variant is not used" at kernel Conv1D_Scaled_OutTransposed_4eoc_4esp at ConvGeneric.compute(549)
Shader warning in 'ConvGeneric': "TRANSPOSE_OUTPUT variants not supported with NON_UNIFORM_CONVGROUP_PER_OC, make sure this variant is not used" at kernel Conv1DComplex_OutTransposed_4eoc_4esp at ConvGeneric.compute(550)
Shader warning in 'ConvGeneric': "TRANSPOSE_OUTPUT variants not supported with NON_UNIFORM_CONVGROUP_PER_OC, make sure this variant is not used" at kernel Conv1D_OutTransposed_4eoc_4esp at ConvGeneric.compute(550)
Shader warning in 'ConvGeneric': "TRANSPOSE_OUTPUT variants not supported with NON_UNIFORM_CONVGROUP_PER_OC, make sure this variant is not used" at kernel Conv1D_Scaled_Complex_OutTransposed_4eoc_4esp at ConvGeneric.compute(550)
Shader warning in 'ConvGeneric': "TRANSPOSE_OUTPUT variants not supported with NON_UNIFORM_CONVGROUP_PER_OC, make sure this variant is not used" at kernel Conv1D_Scaled_OutTransposed_4eoc_4esp at ConvGeneric.compute(550)
Shader warning in 'ConvGeneric': "TRANSPOSE_OUTPUT variants not supported with NON_UNIFORM_CONVGROUP_PER_OC, make sure this variant is not used" at kernel Conv1DComplex_OutTransposed_4eoc_4esp at Packages/com.unity.ai.inference/Runtime/Core/Resources/Sentis/ComputeShaders/ConvGeneric.compute(548)
Shader warning in 'ConvGeneric': "TRANSPOSE_OUTPUT variants not supported with NON_UNIFORM_CONVGROUP_PER_OC, make sure this variant is not used" at kernel Conv1D_OutTransposed_4eoc_4esp at Packages/com.unity.ai.inference/Runtime/Core/Resources/Sentis/ComputeShaders/ConvGeneric.compute(548)
Shader warning in 'ConvGeneric': "TRANSPOSE_OUTPUT variants not supported with NON_UNIFORM_CONVGROUP_PER_OC, make sure this variant is not used" at kernel Conv1D_Scaled_OutTransposed_4eoc_4esp at Packages/com.unity.ai.inference/Runtime/Core/Resources/Sentis/ComputeShaders/ConvGeneric.compute(548)
Shader warning in 'ConvGeneric': "TRANSPOSE_OUTPUT variants not supported with NON_UNIFORM_CONVGROUP_PER_OC, make sure this variant is not used" at kernel Conv1DComplex_OutTransposed_4eoc_4esp at Packages/com.unity.ai.inference/Runtime/Core/Resources/Sentis/ComputeShaders/ConvGeneric.compute(549)
Shader warning in 'ConvGeneric': "TRANSPOSE_OUTPUT variants not supported with NON_UNIFORM_CONVGROUP_PER_OC, make sure this variant is not used" at kernel Conv1D_OutTransposed_4eoc_4esp at Packages/com.unity.ai.inference/Runtime/Core/Resources/Sentis/ComputeShaders/ConvGeneric.compute(549)
Shader warning in 'ConvGeneric': "TRANSPOSE_OUTPUT variants not supported with NON_UNIFORM_CONVGROUP_PER_OC, make sure this variant is not used" at kernel Conv1D_Scaled_Complex_OutTransposed_4eoc_4esp at Packages/com.unity.ai.inference/Runtime/Core/Resources/Sentis/ComputeShaders/ConvGeneric.compute(549)
Shader warning in 'ConvGeneric': "TRANSPOSE_OUTPUT variants not supported with NON_UNIFORM_CONVGROUP_PER_OC, make sure this variant is not used" at kernel Conv1D_Scaled_OutTransposed_4eoc_4esp at Packages/com.unity.ai.inference/Runtime/Core/Resources/Sentis/ComputeShaders/ConvGeneric.compute(549)
Shader warning in 'ConvGeneric': "TRANSPOSE_OUTPUT variants not supported with NON_UNIFORM_CONVGROUP_PER_OC, make sure this variant is not used" at kernel Conv1DComplex_OutTransposed_4eoc_4esp at Packages/com.unity.ai.inference/Runtime/Core/Resources/Sentis/ComputeShaders/ConvGeneric.compute(550)
Shader warning in 'ConvGeneric': "TRANSPOSE_OUTPUT variants not supported with NON_UNIFORM_CONVGROUP_PER_OC, make sure this variant is not used" at kernel Conv1D_OutTransposed_4eoc_4esp at Packages/com.unity.ai.inference/Runtime/Core/Resources/Sentis/ComputeShaders/ConvGeneric.compute(550)
Shader warning in 'ConvGeneric': "TRANSPOSE_OUTPUT variants not supported with NON_UNIFORM_CONVGROUP_PER_OC, make sure this variant is not used" at kernel Conv1D_Scaled_Complex_OutTransposed_4eoc_4esp at Packages/com.unity.ai.inference/Runtime/Core/Resources/Sentis/ComputeShaders/ConvGeneric.compute(550)
Shader warning in 'ConvGeneric': "TRANSPOSE_OUTPUT variants not supported with NON_UNIFORM_CONVGROUP_PER_OC, make sure this variant is not used" at kernel Conv1D_Scaled_OutTransposed_4eoc_4esp at Packages/com.unity.ai.inference/Runtime/Core/Resources/Sentis/ComputeShaders/ConvGeneric.compute(550)
Shader warning in 'ConvGeneric': "TRANSPOSE_OUTPUT variants not supported with NON_UNIFORM_CONVGROUP_PER_OC, make sure this variant is not used" at kernel Conv1DComplex_OutTransposed_4eoc_4esp at ConvGeneric.compute(548)
Shader warning in 'ConvGeneric': "TRANSPOSE_OUTPUT variants not supported with NON_UNIFORM_CONVGROUP_PER_OC, make sure this variant is not used" at kernel Conv1D_OutTransposed_4eoc_4esp at ConvGeneric.compute(548)
Shader warning in 'ConvGeneric': "TRANSPOSE_OUTPUT variants not supported with NON_UNIFORM_CONVGROUP_PER_OC, make sure this variant is not used" at kernel Conv1D_Scaled_OutTransposed_4eoc_4esp at ConvGeneric.compute(548)
Shader warning in 'ConvGeneric': "TRANSPOSE_OUTPUT variants not supported with NON_UNIFORM_CONVGROUP_PER_OC, make sure this variant is not used" at kernel Conv1DComplex_OutTransposed_4eoc_4esp at ConvGeneric.compute(549)
Shader warning in 'ConvGeneric': "TRANSPOSE_OUTPUT variants not supported with NON_UNIFORM_CONVGROUP_PER_OC, make sure this variant is not used" at kernel Conv1D_OutTransposed_4eoc_4esp at ConvGeneric.compute(549)
Shader warning in 'ConvGeneric': "TRANSPOSE_OUTPUT variants not supported with NON_UNIFORM_CONVGROUP_PER_OC, make sure this variant is not used" at kernel Conv1D_Scaled_Complex_OutTransposed_4eoc_4esp at ConvGeneric.compute(549)
Shader warning in 'ConvGeneric': "TRANSPOSE_OUTPUT variants not supported with NON_UNIFORM_CONVGROUP_PER_OC, make sure this variant is not used" at kernel Conv1D_Scaled_OutTransposed_4eoc_4esp at ConvGeneric.compute(549)
Shader warning in 'ConvGeneric': "TRANSPOSE_OUTPUT variants not supported with NON_UNIFORM_CONVGROUP_PER_OC, make sure this variant is not used" at kernel Conv1DComplex_OutTransposed_4eoc_4esp at ConvGeneric.compute(550)
Shader warning in 'ConvGeneric': "TRANSPOSE_OUTPUT variants not supported with NON_UNIFORM_CONVGROUP_PER_OC, make sure this variant is not used" at kernel Conv1D_OutTransposed_4eoc_4esp at ConvGeneric.compute(550)
Shader warning in 'ConvGeneric': "TRANSPOSE_OUTPUT variants not supported with NON_UNIFORM_CONVGROUP_PER_OC, make sure this variant is not used" at kernel Conv1D_Scaled_Complex_OutTransposed_4eoc_4esp at ConvGeneric.compute(550)
Shader warning in 'ConvGeneric': "TRANSPOSE_OUTPUT variants not supported with NON_UNIFORM_CONVGROUP_PER_OC, make sure this variant is not used" at kernel Conv1D_Scaled_OutTransposed_4eoc_4esp at ConvGeneric.compute(550)
Shader warning in 'ConvGeneric': "TRANSPOSE_OUTPUT variants not supported with NON_UNIFORM_CONVGROUP_PER_OC, make sure this variant is not used" at kernel Conv1DComplex_OutTransposed_4eoc_4esp at Packages/com.unity.ai.inference/Runtime/Core/Resources/Sentis/ComputeShaders/ConvGeneric.compute(548)
Shader warning in 'ConvGeneric': "TRANSPOSE_OUTPUT variants not supported with NON_UNIFORM_CONVGROUP_PER_OC, make sure this variant is not used" at kernel Conv1D_OutTransposed_4eoc_4esp at Packages/com.unity.ai.inference/Runtime/Core/Resources/Sentis/ComputeShaders/ConvGeneric.compute(548)
Shader warning in 'ConvGeneric': "TRANSPOSE_OUTPUT variants not supported with NON_UNIFORM_CONVGROUP_PER_OC, make sure this variant is not used" at kernel Conv1D_Scaled_OutTransposed_4eoc_4esp at Packages/com.unity.ai.inference/Runtime/Core/Resources/Sentis/ComputeShaders/ConvGeneric.compute(548)
Shader warning in 'ConvGeneric': "TRANSPOSE_OUTPUT variants not supported with NON_UNIFORM_CONVGROUP_PER_OC, make sure this variant is not used" at kernel Conv1DComplex_OutTransposed_4eoc_4esp at Packages/com.unity.ai.inference/Runtime/Core/Resources/Sentis/ComputeShaders/ConvGeneric.compute(549)
Shader warning in 'ConvGeneric': "TRANSPOSE_OUTPUT variants not supported with NON_UNIFORM_CONVGROUP_PER_OC, make sure this variant is not used" at kernel Conv1D_OutTransposed_4eoc_4esp at Packages/com.unity.ai.inference/Runtime/Core/Resources/Sentis/ComputeShaders/ConvGeneric.compute(549)
Shader warning in 'ConvGeneric': "TRANSPOSE_OUTPUT variants not supported with NON_UNIFORM_CONVGROUP_PER_OC, make sure this variant is not used" at kernel Conv1D_Scaled_Complex_OutTransposed_4eoc_4esp at Packages/com.unity.ai.inference/Runtime/Core/Resources/Sentis/ComputeShaders/ConvGeneric.compute(549)
Shader warning in 'ConvGeneric': "TRANSPOSE_OUTPUT variants not supported with NON_UNIFORM_CONVGROUP_PER_OC, make sure this variant is not used" at kernel Conv1D_Scaled_OutTransposed_4eoc_4esp at Packages/com.unity.ai.inference/Runtime/Core/Resources/Sentis/ComputeShaders/ConvGeneric.compute(549)
Shader warning in 'ConvGeneric': "TRANSPOSE_OUTPUT variants not supported with NON_UNIFORM_CONVGROUP_PER_OC, make sure this variant is not used" at kernel Conv1DComplex_OutTransposed_4eoc_4esp at Packages/com.unity.ai.inference/Runtime/Core/Resources/Sentis/ComputeShaders/ConvGeneric.compute(550)
Shader warning in 'ConvGeneric': "TRANSPOSE_OUTPUT variants not supported with NON_UNIFORM_CONVGROUP_PER_OC, make sure this variant is not used" at kernel Conv1D_OutTransposed_4eoc_4esp at Packages/com.unity.ai.inference/Runtime/Core/Resources/Sentis/ComputeShaders/ConvGeneric.compute(550)
Shader warning in 'ConvGeneric': "TRANSPOSE_OUTPUT variants not supported with NON_UNIFORM_CONVGROUP_PER_OC, make sure this variant is not used" at kernel Conv1D_Scaled_Complex_OutTransposed_4eoc_4esp at Packages/com.unity.ai.inference/Runtime/Core/Resources/Sentis/ComputeShaders/ConvGeneric.compute(550)
Shader warning in 'ConvGeneric': "TRANSPOSE_OUTPUT variants not supported with NON_UNIFORM_CONVGROUP_PER_OC, make sure this variant is not used" at kernel Conv1D_Scaled_OutTransposed_4eoc_4esp at Packages/com.unity.ai.inference/Runtime/Core/Resources/Sentis/ComputeShaders/ConvGeneric.compute(550)
Shader warning in 'ConvGeneric': "TRANSPOSE_OUTPUT variants not supported with NON_UNIFORM_CONVGROUP_PER_OC, make sure this variant is not used" at kernel Conv1DComplex_OutTransposed_4eoc_4esp at ConvGeneric.compute(548)
Shader warning in 'ConvGeneric': "TRANSPOSE_OUTPUT variants not supported with NON_UNIFORM_CONVGROUP_PER_OC, make sure this variant is not used" at kernel Conv1D_OutTransposed_4eoc_4esp at ConvGeneric.compute(548)
Shader warning in 'ConvGeneric': "TRANSPOSE_OUTPUT variants not supported with NON_UNIFORM_CONVGROUP_PER_OC, make sure this variant is not used" at kernel Conv1D_Scaled_Complex_OutTransposed_4eoc_4esp at ConvGeneric.compute(548)
Shader warning in 'ConvGeneric': "TRANSPOSE_OUTPUT variants not supported with NON_UNIFORM_CONVGROUP_PER_OC, make sure this variant is not used" at kernel Conv1D_Scaled_OutTransposed_4eoc_4esp at ConvGeneric.compute(548)
Shader warning in 'ConvGeneric': "TRANSPOSE_OUTPUT variants not supported with NON_UNIFORM_CONVGROUP_PER_OC, make sure this variant is not used" at kernel Conv1DComplex_OutTransposed_4eoc_4esp at ConvGeneric.compute(549)
Shader warning in 'ConvGeneric': "TRANSPOSE_OUTPUT variants not supported with NON_UNIFORM_CONVGROUP_PER_OC, make sure this variant is not used" at kernel Conv1D_OutTransposed_4eoc_4esp at ConvGeneric.compute(549)
Shader warning in 'ConvGeneric': "TRANSPOSE_OUTPUT variants not supported with NON_UNIFORM_CONVGROUP_PER_OC, make sure this variant is not used" at kernel Conv1D_Scaled_Complex_OutTransposed_4eoc_4esp at ConvGeneric.compute(549)
Shader warning in 'ConvGeneric': "TRANSPOSE_OUTPUT variants not supported with NON_UNIFORM_CONVGROUP_PER_OC, make sure this variant is not used" at kernel Conv1D_Scaled_OutTransposed_4eoc_4esp at ConvGeneric.compute(549)
Shader warning in 'ConvGeneric': "TRANSPOSE_OUTPUT variants not supported with NON_UNIFORM_CONVGROUP_PER_OC, make sure this variant is not used" at kernel Conv1DComplex_OutTransposed_4eoc_4esp at ConvGeneric.compute(550)
Shader warning in 'ConvGeneric': "TRANSPOSE_OUTPUT variants not supported with NON_UNIFORM_CONVGROUP_PER_OC, make sure this variant is not used" at kernel Conv1D_OutTransposed_4eoc_4esp at ConvGeneric.compute(550)
Shader warning in 'ConvGeneric': "TRANSPOSE_OUTPUT variants not supported with NON_UNIFORM_CONVGROUP_PER_OC, make sure this variant is not used" at kernel Conv1D_Scaled_Complex_OutTransposed_4eoc_4esp at ConvGeneric.compute(550)
Shader warning in 'ConvGeneric': "TRANSPOSE_OUTPUT variants not supported with NON_UNIFORM_CONVGROUP_PER_OC, make sure this variant is not used" at kernel Conv1D_Scaled_OutTransposed_4eoc_4esp at ConvGeneric.compute(550)
Shader warning in 'ConvGeneric': "TRANSPOSE_OUTPUT variants not supported with NON_UNIFORM_CONVGROUP_PER_OC, make sure this variant is not used" at kernel Conv1DComplex_OutTransposed_4eoc_4esp at Packages/com.unity.ai.inference/Runtime/Core/Resources/Sentis/ComputeShaders/ConvGeneric.compute(548)
Shader warning in 'ConvGeneric': "TRANSPOSE_OUTPUT variants not supported with NON_UNIFORM_CONVGROUP_PER_OC, make sure this variant is not used" at kernel Conv1D_OutTransposed_4eoc_4esp at Packages/com.unity.ai.inference/Runtime/Core/Resources/Sentis/ComputeShaders/ConvGeneric.compute(548)
Shader warning in 'ConvGeneric': "TRANSPOSE_OUTPUT variants not supported with NON_UNIFORM_CONVGROUP_PER_OC, make sure this variant is not used" at kernel Conv1D_Scaled_Complex_OutTransposed_4eoc_4esp at Packages/com.unity.ai.inference/Runtime/Core/Resources/Sentis/ComputeShaders/ConvGeneric.compute(548)
Shader warning in 'ConvGeneric': "TRANSPOSE_OUTPUT variants not supported with NON_UNIFORM_CONVGROUP_PER_OC, make sure this variant is not used" at kernel Conv1D_Scaled_OutTransposed_4eoc_4esp at Packages/com.unity.ai.inference/Runtime/Core/Resources/Sentis/ComputeShaders/ConvGeneric.compute(548)
Shader warning in 'ConvGeneric': "TRANSPOSE_OUTPUT variants not supported with NON_UNIFORM_CONVGROUP_PER_OC, make sure this variant is not used" at kernel Conv1DComplex_OutTransposed_4eoc_4esp at Packages/com.unity.ai.inference/Runtime/Core/Resources/Sentis/ComputeShaders/ConvGeneric.compute(549)
Shader warning in 'ConvGeneric': "TRANSPOSE_OUTPUT variants not supported with NON_UNIFORM_CONVGROUP_PER_OC, make sure this variant is not used" at kernel Conv1D_OutTransposed_4eoc_4esp at Packages/com.unity.ai.inference/Runtime/Core/Resources/Sentis/ComputeShaders/ConvGeneric.compute(549)
Shader warning in 'ConvGeneric': "TRANSPOSE_OUTPUT variants not supported with NON_UNIFORM_CONVGROUP_PER_OC, make sure this variant is not used" at kernel Conv1D_Scaled_Complex_OutTransposed_4eoc_4esp at Packages/com.unity.ai.inference/Runtime/Core/Resources/Sentis/ComputeShaders/ConvGeneric.compute(549)
Shader warning in 'ConvGeneric': "TRANSPOSE_OUTPUT variants not supported with NON_UNIFORM_CONVGROUP_PER_OC, make sure this variant is not used" at kernel Conv1D_Scaled_OutTransposed_4eoc_4esp at Packages/com.unity.ai.inference/Runtime/Core/Resources/Sentis/ComputeShaders/ConvGeneric.compute(549)
Shader warning in 'ConvGeneric': "TRANSPOSE_OUTPUT variants not supported with NON_UNIFORM_CONVGROUP_PER_OC, make sure this variant is not used" at kernel Conv1DComplex_OutTransposed_4eoc_4esp at Packages/com.unity.ai.inference/Runtime/Core/Resources/Sentis/ComputeShaders/ConvGeneric.compute(550)
Shader warning in 'ConvGeneric': "TRANSPOSE_OUTPUT variants not supported with NON_UNIFORM_CONVGROUP_PER_OC, make sure this variant is not used" at kernel Conv1D_OutTransposed_4eoc_4esp at Packages/com.unity.ai.inference/Runtime/Core/Resources/Sentis/ComputeShaders/ConvGeneric.compute(550)
Shader warning in 'ConvGeneric': "TRANSPOSE_OUTPUT variants not supported with NON_UNIFORM_CONVGROUP_PER_OC, make sure this variant is not used" at kernel Conv1D_Scaled_Complex_OutTransposed_4eoc_4esp at Packages/com.unity.ai.inference/Runtime/Core/Resources/Sentis/ComputeShaders/ConvGeneric.compute(550)
Shader warning in 'ConvGeneric': "TRANSPOSE_OUTPUT variants not supported with NON_UNIFORM_CONVGROUP_PER_OC, make sure this variant is not used" at kernel Conv1D_Scaled_OutTransposed_4eoc_4esp at Packages/com.unity.ai.inference/Runtime/Core/Resources/Sentis/ComputeShaders/ConvGeneric.compute(550)
Shader warning in 'ConvGeneric': "TRANSPOSE_OUTPUT variants not supported with NON_UNIFORM_CONVGROUP_PER_OC, make sure this variant is not used" at kernel Conv1DComplex_OutTransposed_4eoc_4esp at ConvGeneric.compute(548)
Shader warning in 'ConvGeneric': "TRANSPOSE_OUTPUT variants not supported with NON_UNIFORM_CONVGROUP_PER_OC, make sure this variant is not used" at kernel Conv1D_OutTransposed_4eoc_4esp at ConvGeneric.compute(548)
Shader warning in 'ConvGeneric': "TRANSPOSE_OUTPUT variants not supported with NON_UNIFORM_CONVGROUP_PER_OC, make sure this variant is not used" at kernel Conv1D_Scaled_Complex_OutTransposed_4eoc_4esp at ConvGeneric.compute(548)
Shader warning in 'ConvGeneric': "TRANSPOSE_OUTPUT variants not supported with NON_UNIFORM_CONVGROUP_PER_OC, make sure this variant is not used" at kernel Conv1D_Scaled_OutTransposed_4eoc_4esp at ConvGeneric.compute(548)
Shader warning in 'ConvGeneric': "TRANSPOSE_OUTPUT variants not supported with NON_UNIFORM_CONVGROUP_PER_OC, make sure this variant is not used" at kernel Conv1DComplex_OutTransposed_4eoc_4esp at ConvGeneric.compute(549)
Shader warning in 'ConvGeneric': "TRANSPOSE_OUTPUT variants not supported with NON_UNIFORM_CONVGROUP_PER_OC, make sure this variant is not used" at kernel Conv1D_OutTransposed_4eoc_4esp at ConvGeneric.compute(549)
Shader warning in 'ConvGeneric': "TRANSPOSE_OUTPUT variants not supported with NON_UNIFORM_CONVGROUP_PER_OC, make sure this variant is not used" at kernel Conv1D_Scaled_Complex_OutTransposed_4eoc_4esp at ConvGeneric.compute(549)
Shader warning in 'ConvGeneric': "TRANSPOSE_OUTPUT variants not supported with NON_UNIFORM_CONVGROUP_PER_OC, make sure this variant is not used" at kernel Conv1D_Scaled_OutTransposed_4eoc_4esp at ConvGeneric.compute(549)
Shader warning in 'ConvGeneric': "TRANSPOSE_OUTPUT variants not supported with NON_UNIFORM_CONVGROUP_PER_OC, make sure this variant is not used" at kernel Conv1DComplex_OutTransposed_4eoc_4esp at ConvGeneric.compute(550)
Shader warning in 'ConvGeneric': "TRANSPOSE_OUTPUT variants not supported with NON_UNIFORM_CONVGROUP_PER_OC, make sure this variant is not used" at kernel Conv1D_OutTransposedDouble_4eoc_4esp at ConvGeneric.compute(550)
Shader warning in 'ConvGeneric': "TRANSPOSE_OUTPUT variants not supported with NON_UNIFORM_CONVGROUP_PER_OC, make sure this variant is not used" at kernel Conv1D_OutTransposed_4eoc_4esp at ConvGeneric.compute(550)
Shader warning in 'ConvGeneric': "TRANSPOSE_OUTPUT variants not supported with NON_UNIFORM_CONVGROUP_PER_OC, make sure this variant is not used" at kernel Conv1D_Scaled_Complex_OutTransposed_4eoc_4esp at ConvGeneric.compute(550)
Shader warning in 'ConvGeneric': "TRANSPOSE_OUTPUT variants not supported with NON_UNIFORM_CONVGROUP_PER_OC, make sure this variant is not used" at kernel Conv1D_Scaled_OutTransposed_4eoc_4esp at ConvGeneric.compute(550)
Shader warning in 'ConvGeneric': "TRANSPOSE_OUTPUT variants not supported with NON_UNIFORM_CONVGROUP_PER_OC, make sure this variant is not used" at kernel Conv1DComplex_OutTransposed_4eoc_4esp at Packages/com.unity.ai.inference/Runtime/Core/Resources/Sentis/ComputeShaders/ConvGeneric.compute(548)
Shader warning in 'ConvGeneric': "TRANSPOSE_OUTPUT variants not supported with NON_UNIFORM_CONVGROUP_PER_OC, make sure this variant is not used" at kernel Conv1D_OutTransposed_4eoc_4esp at Packages/com.unity.ai.inference/Runtime/Core/Resources/Sentis/ComputeShaders/ConvGeneric.compute(548)
Shader warning in 'ConvGeneric': "TRANSPOSE_OUTPUT variants not supported with NON_UNIFORM_CONVGROUP_PER_OC, make sure this variant is not used" at kernel Conv1D_Scaled_Complex_OutTransposed_4eoc_4esp at Packages/com.unity.ai.inference/Runtime/Core/Resources/Sentis/ComputeShaders/ConvGeneric.compute(548)
Shader warning in 'ConvGeneric': "TRANSPOSE_OUTPUT variants not supported with NON_UNIFORM_CONVGROUP_PER_OC, make sure this variant is not used" at kernel Conv1D_Scaled_OutTransposed_4eoc_4esp at Packages/com.unity.ai.inference/Runtime/Core/Resources/Sentis/ComputeShaders/ConvGeneric.compute(548)
Shader warning in 'ConvGeneric': "TRANSPOSE_OUTPUT variants not supported with NON_UNIFORM_CONVGROUP_PER_OC, make sure this variant is not used" at kernel Conv1DComplex_OutTransposed_4eoc_4esp at Packages/com.unity.ai.inference/Runtime/Core/Resources/Sentis/ComputeShaders/ConvGeneric.compute(549)
Shader warning in 'ConvGeneric': "TRANSPOSE_OUTPUT variants not supported with NON_UNIFORM_CONVGROUP_PER_OC, make sure this variant is not used" at kernel Conv1D_OutTransposed_4eoc_4esp at Packages/com.unity.ai.inference/Runtime/Core/Resources/Sentis/ComputeShaders/ConvGeneric.compute(549)
Shader warning in 'ConvGeneric': "TRANSPOSE_OUTPUT variants not supported with NON_UNIFORM_CONVGROUP_PER_OC, make sure this variant is not used" at kernel Conv1D_Scaled_Complex_OutTransposed_4eoc_4esp at Packages/com.unity.ai.inference/Runtime/Core/Resources/Sentis/ComputeShaders/ConvGeneric.compute(549)
Shader warning in 'ConvGeneric': "TRANSPOSE_OUTPUT variants not supported with NON_UNIFORM_CONVGROUP_PER_OC, make sure this variant is not used" at kernel Conv1D_Scaled_OutTransposed_4eoc_4esp at Packages/com.unity.ai.inference/Runtime/Core/Resources/Sentis/ComputeShaders/ConvGeneric.compute(549)
Shader warning in 'ConvGeneric': "TRANSPOSE_OUTPUT variants not supported with NON_UNIFORM_CONVGROUP_PER_OC, make sure this variant is not used" at kernel Conv1DComplex_OutTransposed_4eoc_4esp at Packages/com.unity.ai.inference/Runtime/Core/Resources/Sentis/ComputeShaders/ConvGeneric.compute(550)
Shader warning in 'ConvGeneric': "TRANSPOSE_OUTPUT variants not supported with NON_UNIFORM_CONVGROUP_PER_OC, make sure this variant is not used" at kernel Conv1D_OutTransposedDouble_4eoc_4esp at Packages/com.unity.ai.inference/Runtime/Core/Resources/Sentis/ComputeShaders/ConvGeneric.compute(550)
Shader warning in 'ConvGeneric': "TRANSPOSE_OUTPUT variants not supported with NON_UNIFORM_CONVGROUP_PER_OC, make sure this variant is not used" at kernel Conv1D_OutTransposed_4eoc_4esp at Packages/com.unity.ai.inference/Runtime/Core/Resources/Sentis/ComputeShaders/ConvGeneric.compute(550)
Shader warning in 'ConvGeneric': "TRANSPOSE_OUTPUT variants not supported with NON_UNIFORM_CONVGROUP_PER_OC, make sure this variant is not used" at kernel Conv1D_Scaled_Complex_OutTransposed_4eoc_4esp at Packages/com.unity.ai.inference/Runtime/Core/Resources/Sentis/ComputeShaders/ConvGeneric.compute(550)
Shader warning in 'ConvGeneric': "TRANSPOSE_OUTPUT variants not supported with NON_UNIFORM_CONVGROUP_PER_OC, make sure this variant is not used" at kernel Conv1D_Scaled_OutTransposed_4eoc_4esp at Packages/com.unity.ai.inference/Runtime/Core/Resources/Sentis/ComputeShaders/ConvGeneric.compute(550)
Shader warning in 'ConvGeneric': "TRANSPOSE_OUTPUT variants not supported with NON_UNIFORM_CONVGROUP_PER_OC, make sure this variant is not used" at kernel Conv1DComplex_OutTransposed_4eoc_4esp at ConvGeneric.compute(548)
Shader warning in 'ConvGeneric': "TRANSPOSE_OUTPUT variants not supported with NON_UNIFORM_CONVGROUP_PER_OC, make sure this variant is not used" at kernel Conv1D_OutTransposed_4eoc_4esp at ConvGeneric.compute(548)
Shader warning in 'ConvGeneric': "TRANSPOSE_OUTPUT variants not supported with NON_UNIFORM_CONVGROUP_PER_OC, make sure this variant is not used" at kernel Conv1D_Scaled_Complex_OutTransposed_4eoc_4esp at ConvGeneric.compute(548)
Shader warning in 'ConvGeneric': "TRANSPOSE_OUTPUT variants not supported with NON_UNIFORM_CONVGROUP_PER_OC, make sure this variant is not used" at kernel Conv1D_Scaled_OutTransposed_4eoc_4esp at ConvGeneric.compute(548)
Shader warning in 'ConvGeneric': "TRANSPOSE_OUTPUT variants not supported with NON_UNIFORM_CONVGROUP_PER_OC, make sure this variant is not used" at kernel Conv1DComplex_OutTransposed_4eoc_4esp at ConvGeneric.compute(549)
Shader warning in 'ConvGeneric': "TRANSPOSE_OUTPUT variants not supported with NON_UNIFORM_CONVGROUP_PER_OC, make sure this variant is not used" at kernel Conv1D_OutTransposedDouble_4eoc_4esp at ConvGeneric.compute(549)
Shader warning in 'ConvGeneric': "TRANSPOSE_OUTPUT variants not supported with NON_UNIFORM_CONVGROUP_PER_OC, make sure this variant is not used" at kernel Conv1D_OutTransposed_4eoc_4esp at ConvGeneric.compute(549)
Shader warning in 'ConvGeneric': "TRANSPOSE_OUTPUT variants not supported with NON_UNIFORM_CONVGROUP_PER_OC, make sure this variant is not used" at kernel Conv1D_Scaled_Complex_OutTransposed_4eoc_4esp at ConvGeneric.compute(549)
Shader warning in 'ConvGeneric': "TRANSPOSE_OUTPUT variants not supported with NON_UNIFORM_CONVGROUP_PER_OC, make sure this variant is not used" at kernel Conv1D_Scaled_OutTransposed_4eoc_4esp at ConvGeneric.compute(549)
Shader warning in 'ConvGeneric': "TRANSPOSE_OUTPUT variants not supported with NON_UNIFORM_CONVGROUP_PER_OC, make sure this variant is not used" at kernel Conv1DComplex_OutTransposed_4eoc_4esp at ConvGeneric.compute(550)
Shader warning in 'ConvGeneric': "TRANSPOSE_OUTPUT variants not supported with NON_UNIFORM_CONVGROUP_PER_OC, make sure this variant is not used" at kernel Conv1D_OutTransposedDouble_4eoc_4esp at ConvGeneric.compute(550)
Shader warning in 'ConvGeneric': "TRANSPOSE_OUTPUT variants not supported with NON_UNIFORM_CONVGROUP_PER_OC, make sure this variant is not used" at kernel Conv1D_OutTransposed_4eoc_4esp at ConvGeneric.compute(550)
Shader warning in 'ConvGeneric': "TRANSPOSE_OUTPUT variants not supported with NON_UNIFORM_CONVGROUP_PER_OC, make sure this variant is not used" at kernel Conv1D_Scaled_Complex_OutTransposed_4eoc_4esp at ConvGeneric.compute(550)
Shader warning in 'ConvGeneric': "TRANSPOSE_OUTPUT variants not supported with NON_UNIFORM_CONVGROUP_PER_OC, make sure this variant is not used" at kernel Conv1D_Scaled_OutTransposed_4eoc_4esp at ConvGeneric.compute(550)
Shader warning in 'ConvGeneric': "TRANSPOSE_OUTPUT variants not supported with NON_UNIFORM_CONVGROUP_PER_OC, make sure this variant is not used" at kernel Conv1DComplex_OutTransposed_4eoc_4esp at Packages/com.unity.ai.inference/Runtime/Core/Resources/Sentis/ComputeShaders/ConvGeneric.compute(548)
Shader warning in 'ConvGeneric': "TRANSPOSE_OUTPUT variants not supported with NON_UNIFORM_CONVGROUP_PER_OC, make sure this variant is not used" at kernel Conv1D_OutTransposed_4eoc_4esp at Packages/com.unity.ai.inference/Runtime/Core/Resources/Sentis/ComputeShaders/ConvGeneric.compute(548)
Shader warning in 'ConvGeneric': "TRANSPOSE_OUTPUT variants not supported with NON_UNIFORM_CONVGROUP_PER_OC, make sure this variant is not used" at kernel Conv1D_Scaled_Complex_OutTransposed_4eoc_4esp at Packages/com.unity.ai.inference/Runtime/Core/Resources/Sentis/ComputeShaders/ConvGeneric.compute(548)
Shader warning in 'ConvGeneric': "TRANSPOSE_OUTPUT variants not supported with NON_UNIFORM_CONVGROUP_PER_OC, make sure this variant is not used" at kernel Conv1D_Scaled_OutTransposed_4eoc_4esp at Packages/com.unity.ai.inference/Runtime/Core/Resources/Sentis/ComputeShaders/ConvGeneric.compute(548)
Shader warning in 'ConvGeneric': "TRANSPOSE_OUTPUT variants not supported with NON_UNIFORM_CONVGROUP_PER_OC, make sure this variant is not used" at kernel Conv1DComplex_OutTransposed_4eoc_4esp at Packages/com.unity.ai.inference/Runtime/Core/Resources/Sentis/ComputeShaders/ConvGeneric.compute(549)
Shader warning in 'ConvGeneric': "TRANSPOSE_OUTPUT variants not supported with NON_UNIFORM_CONVGROUP_PER_OC, make sure this variant is not used" at kernel Conv1D_OutTransposedDouble_4eoc_4esp at Packages/com.unity.ai.inference/Runtime/Core/Resources/Sentis/ComputeShaders/ConvGeneric.compute(549)
Shader warning in 'ConvGeneric': "TRANSPOSE_OUTPUT variants not supported with NON_UNIFORM_CONVGROUP_PER_OC, make sure this variant is not used" at kernel Conv1D_OutTransposed_4eoc_4esp at Packages/com.unity.ai.inference/Runtime/Core/Resources/Sentis/ComputeShaders/ConvGeneric.compute(549)
Shader warning in 'ConvGeneric': "TRANSPOSE_OUTPUT variants not supported with NON_UNIFORM_CONVGROUP_PER_OC, make sure this variant is not used" at kernel Conv1D_Scaled_Complex_OutTransposed_4eoc_4esp at Packages/com.unity.ai.inference/Runtime/Core/Resources/Sentis/ComputeShaders/ConvGeneric.compute(549)
Shader warning in 'ConvGeneric': "TRANSPOSE_OUTPUT variants not supported with NON_UNIFORM_CONVGROUP_PER_OC, make sure this variant is not used" at kernel Conv1D_Scaled_OutTransposed_4eoc_4esp at Packages/com.unity.ai.inference/Runtime/Core/Resources/Sentis/ComputeShaders/ConvGeneric.compute(549)
Shader warning in 'ConvGeneric': "TRANSPOSE_OUTPUT variants not supported with NON_UNIFORM_CONVGROUP_PER_OC, make sure this variant is not used" at kernel Conv1DComplex_OutTransposed_4eoc_4esp at Packages/com.unity.ai.inference/Runtime/Core/Resources/Sentis/ComputeShaders/ConvGeneric.compute(550)
Shader warning in 'ConvGeneric': "TRANSPOSE_OUTPUT variants not supported with NON_UNIFORM_CONVGROUP_PER_OC, make sure this variant is not used" at kernel Conv1D_OutTransposedDouble_4eoc_4esp at Packages/com.unity.ai.inference/Runtime/Core/Resources/Sentis/ComputeShaders/ConvGeneric.compute(550)
Shader warning in 'ConvGeneric': "TRANSPOSE_OUTPUT variants not supported with NON_UNIFORM_CONVGROUP_PER_OC, make sure this variant is not used" at kernel Conv1D_OutTransposed_4eoc_4esp at Packages/com.unity.ai.inference/Runtime/Core/Resources/Sentis/ComputeShaders/ConvGeneric.compute(550)
Shader warning in 'ConvGeneric': "TRANSPOSE_OUTPUT variants not supported with NON_UNIFORM_CONVGROUP_PER_OC, make sure this variant is not used" at kernel Conv1D_Scaled_Complex_OutTransposed_4eoc_4esp at Packages/com.unity.ai.inference/Runtime/Core/Resources/Sentis/ComputeShaders/ConvGeneric.compute(550)
Shader warning in 'ConvGeneric': "TRANSPOSE_OUTPUT variants not supported with NON_UNIFORM_CONVGROUP_PER_OC, make sure this variant is not used" at kernel Conv1D_Scaled_OutTransposed_4eoc_4esp at Packages/com.unity.ai.inference/Runtime/Core/Resources/Sentis/ComputeShaders/ConvGeneric.compute(550)
Shader warning in 'ConvGeneric': "TRANSPOSE_OUTPUT variants not supported with NON_UNIFORM_CONVGROUP_PER_OC, make sure this variant is not used" at kernel Conv1DComplex_OutTransposed_4eoc_4esp at ConvGeneric.compute(548)
Shader warning in 'ConvGeneric': "TRANSPOSE_OUTPUT variants not supported with NON_UNIFORM_CONVGROUP_PER_OC, make sure this variant is not used" at kernel Conv1D_OutTransposed_4eoc_4esp at ConvGeneric.compute(548)
Shader warning in 'ConvGeneric': "TRANSPOSE_OUTPUT variants not supported with NON_UNIFORM_CONVGROUP_PER_OC, make sure this variant is not used" at kernel Conv1D_Scaled_Complex_OutTransposed_4eoc_4esp at ConvGeneric.compute(548)
Shader warning in 'ConvGeneric': "TRANSPOSE_OUTPUT variants not supported with NON_UNIFORM_CONVGROUP_PER_OC, make sure this variant is not used" at kernel Conv1D_Scaled_OutTransposed_4eoc_4esp at ConvGeneric.compute(548)
Shader warning in 'ConvGeneric': "TRANSPOSE_OUTPUT variants not supported with NON_UNIFORM_CONVGROUP_PER_OC, make sure this variant is not used" at kernel Conv1DComplex_OutTransposed_4eoc_4esp at ConvGeneric.compute(549)
Shader warning in 'ConvGeneric': "TRANSPOSE_OUTPUT variants not supported with NON_UNIFORM_CONVGROUP_PER_OC, make sure this variant is not used" at kernel Conv1D_OutTransposedDouble_4eoc_4esp at ConvGeneric.compute(549)
Shader warning in 'ConvGeneric': "TRANSPOSE_OUTPUT variants not supported with NON_UNIFORM_CONVGROUP_PER_OC, make sure this variant is not used" at kernel Conv1D_OutTransposed_4eoc_4esp at ConvGeneric.compute(549)
Shader warning in 'ConvGeneric': "TRANSPOSE_OUTPUT variants not supported with NON_UNIFORM_CONVGROUP_PER_OC, make sure this variant is not used" at kernel Conv1D_Scaled_Complex_OutTransposed_4eoc_4esp at ConvGeneric.compute(549)
Shader warning in 'ConvGeneric': "TRANSPOSE_OUTPUT variants not supported with NON_UNIFORM_CONVGROUP_PER_OC, make sure this variant is not used" at kernel Conv1D_Scaled_OutTransposed_4eoc_4esp at ConvGeneric.compute(549)
Shader warning in 'ConvGeneric': "TRANSPOSE_OUTPUT variants not supported with NON_UNIFORM_CONVGROUP_PER_OC, make sure this variant is not used" at kernel Conv1DComplex_OutTransposed_4eoc_4esp at ConvGeneric.compute(550)
Shader warning in 'ConvGeneric': "TRANSPOSE_OUTPUT variants not supported with NON_UNIFORM_CONVGROUP_PER_OC, make sure this variant is not used" at kernel Conv1D_OutTransposedDouble_4eoc_4esp at ConvGeneric.compute(550)
Shader warning in 'ConvGeneric': "TRANSPOSE_OUTPUT variants not supported with NON_UNIFORM_CONVGROUP_PER_OC, make sure this variant is not used" at kernel Conv1D_OutTransposed_4eoc_4esp at ConvGeneric.compute(550)
Shader warning in 'ConvGeneric': "TRANSPOSE_OUTPUT variants not supported with NON_UNIFORM_CONVGROUP_PER_OC, make sure this variant is not used" at kernel Conv1D_Scaled_Complex_OutTransposed_4eoc_4esp at ConvGeneric.compute(550)
Shader warning in 'ConvGeneric': "TRANSPOSE_OUTPUT variants not supported with NON_UNIFORM_CONVGROUP_PER_OC, make sure this variant is not used" at kernel Conv1D_Scaled_OutTransposed_4eoc_4esp at ConvGeneric.compute(550)
Shader warning in 'ConvGeneric': "TRANSPOSE_OUTPUT variants not supported with NON_UNIFORM_CONVGROUP_PER_OC, make sure this variant is not used" at kernel Conv1DComplex_OutTransposed_4eoc_4esp at Packages/com.unity.ai.inference/Runtime/Core/Resources/Sentis/ComputeShaders/ConvGeneric.compute(548)
Shader warning in 'ConvGeneric': "TRANSPOSE_OUTPUT variants not supported with NON_UNIFORM_CONVGROUP_PER_OC, make sure this variant is not used" at kernel Conv1D_OutTransposed_4eoc_4esp at Packages/com.unity.ai.inference/Runtime/Core/Resources/Sentis/ComputeShaders/ConvGeneric.compute(548)
Shader warning in 'ConvGeneric': "TRANSPOSE_OUTPUT variants not supported with NON_UNIFORM_CONVGROUP_PER_OC, make sure this variant is not used" at kernel Conv1D_Scaled_Complex_OutTransposed_4eoc_4esp at Packages/com.unity.ai.inference/Runtime/Core/Resources/Sentis/ComputeShaders/ConvGeneric.compute(548)
Shader warning in 'ConvGeneric': "TRANSPOSE_OUTPUT variants not supported with NON_UNIFORM_CONVGROUP_PER_OC, make sure this variant is not used" at kernel Conv1D_Scaled_OutTransposed_4eoc_4esp at Packages/com.unity.ai.inference/Runtime/Core/Resources/Sentis/ComputeShaders/ConvGeneric.compute(548)
Shader warning in 'ConvGeneric': "TRANSPOSE_OUTPUT variants not supported with NON_UNIFORM_CONVGROUP_PER_OC, make sure this variant is not used" at kernel Conv1DComplex_OutTransposed_4eoc_4esp at Packages/com.unity.ai.inference/Runtime/Core/Resources/Sentis/ComputeShaders/ConvGeneric.compute(549)
Shader warning in 'ConvGeneric': "TRANSPOSE_OUTPUT variants not supported with NON_UNIFORM_CONVGROUP_PER_OC, make sure this variant is not used" at kernel Conv1D_OutTransposedDouble_4eoc_4esp at Packages/com.unity.ai.inference/Runtime/Core/Resources/Sentis/ComputeShaders/ConvGeneric.compute(549)
Shader warning in 'ConvGeneric': "TRANSPOSE_OUTPUT variants not supported with NON_UNIFORM_CONVGROUP_PER_OC, make sure this variant is not used" at kernel Conv1D_OutTransposed_4eoc_4esp at Packages/com.unity.ai.inference/Runtime/Core/Resources/Sentis/ComputeShaders/ConvGeneric.compute(549)
Shader warning in 'ConvGeneric': "TRANSPOSE_OUTPUT variants not supported with NON_UNIFORM_CONVGROUP_PER_OC, make sure this variant is not used" at kernel Conv1D_Scaled_Complex_OutTransposed_4eoc_4esp at Packages/com.unity.ai.inference/Runtime/Core/Resources/Sentis/ComputeShaders/ConvGeneric.compute(549)
Shader warning in 'ConvGeneric': "TRANSPOSE_OUTPUT variants not supported with NON_UNIFORM_CONVGROUP_PER_OC, make sure this variant is not used" at kernel Conv1D_Scaled_OutTransposed_4eoc_4esp at Packages/com.unity.ai.inference/Runtime/Core/Resources/Sentis/ComputeShaders/ConvGeneric.compute(549)
Shader warning in 'ConvGeneric': "TRANSPOSE_OUTPUT variants not supported with NON_UNIFORM_CONVGROUP_PER_OC, make sure this variant is not used" at kernel Conv1DComplex_OutTransposed_4eoc_4esp at Packages/com.unity.ai.inference/Runtime/Core/Resources/Sentis/ComputeShaders/ConvGeneric.compute(550)
Shader warning in 'ConvGeneric': "TRANSPOSE_OUTPUT variants not supported with NON_UNIFORM_CONVGROUP_PER_OC, make sure this variant is not used" at kernel Conv1D_OutTransposedDouble_4eoc_4esp at Packages/com.unity.ai.inference/Runtime/Core/Resources/Sentis/ComputeShaders/ConvGeneric.compute(550)
Shader warning in 'ConvGeneric': "TRANSPOSE_OUTPUT variants not supported with NON_UNIFORM_CONVGROUP_PER_OC, make sure this variant is not used" at kernel Conv1D_OutTransposed_4eoc_4esp at Packages/com.unity.ai.inference/Runtime/Core/Resources/Sentis/ComputeShaders/ConvGeneric.compute(550)
Shader warning in 'ConvGeneric': "TRANSPOSE_OUTPUT variants not supported with NON_UNIFORM_CONVGROUP_PER_OC, make sure this variant is not used" at kernel Conv1D_Scaled_Complex_OutTransposed_4eoc_4esp at Packages/com.unity.ai.inference/Runtime/Core/Resources/Sentis/ComputeShaders/ConvGeneric.compute(550)
Shader warning in 'ConvGeneric': "TRANSPOSE_OUTPUT variants not supported with NON_UNIFORM_CONVGROUP_PER_OC, make sure this variant is not used" at kernel Conv1D_Scaled_OutTransposed_4eoc_4esp at Packages/com.unity.ai.inference/Runtime/Core/Resources/Sentis/ComputeShaders/ConvGeneric.compute(550)
Shader warning in 'ConvGeneric': "TRANSPOSE_OUTPUT variants not supported with NON_UNIFORM_CONVGROUP_PER_OC, make sure this variant is not used" at kernel Conv1DComplex_OutTransposed_4eoc_4esp at ConvGeneric.compute(548)
Shader warning in 'ConvGeneric': "TRANSPOSE_OUTPUT variants not supported with NON_UNIFORM_CONVGROUP_PER_OC, make sure this variant is not used" at kernel Conv1D_OutTransposedDouble_4eoc_4esp at ConvGeneric.compute(548)
Shader warning in 'ConvGeneric': "TRANSPOSE_OUTPUT variants not supported with NON_UNIFORM_CONVGROUP_PER_OC, make sure this variant is not used" at kernel Conv1D_OutTransposed_4eoc_4esp at ConvGeneric.compute(548)
Shader warning in 'ConvGeneric': "TRANSPOSE_OUTPUT variants not supported with NON_UNIFORM_CONVGROUP_PER_OC, make sure this variant is not used" at kernel Conv1D_Scaled_Complex_OutTransposed_4eoc_4esp at ConvGeneric.compute(548)
Shader warning in 'ConvGeneric': "TRANSPOSE_OUTPUT variants not supported with NON_UNIFORM_CONVGROUP_PER_OC, make sure this variant is not used" at kernel Conv1D_Scaled_OutTransposed_4eoc_4esp at ConvGeneric.compute(548)
Shader warning in 'ConvGeneric': "TRANSPOSE_OUTPUT variants not supported with NON_UNIFORM_CONVGROUP_PER_OC, make sure this variant is not used" at kernel Conv1DComplex_OutTransposed_4eoc_4esp at ConvGeneric.compute(549)
Shader warning in 'ConvGeneric': "TRANSPOSE_OUTPUT variants not supported with NON_UNIFORM_CONVGROUP_PER_OC, make sure this variant is not used" at kernel Conv1D_OutTransposedDouble_4eoc_4esp at ConvGeneric.compute(549)
Shader warning in 'ConvGeneric': "TRANSPOSE_OUTPUT variants not supported with NON_UNIFORM_CONVGROUP_PER_OC, make sure this variant is not used" at kernel Conv1D_OutTransposed_4eoc_4esp at ConvGeneric.compute(549)
Shader warning in 'ConvGeneric': "TRANSPOSE_OUTPUT variants not supported with NON_UNIFORM_CONVGROUP_PER_OC, make sure this variant is not used" at kernel Conv1D_Scaled_Complex_OutTransposed_4eoc_4esp at ConvGeneric.compute(549)
Shader warning in 'ConvGeneric': "TRANSPOSE_OUTPUT variants not supported with NON_UNIFORM_CONVGROUP_PER_OC, make sure this variant is not used" at kernel Conv1D_Scaled_OutTransposed_4eoc_4esp at ConvGeneric.compute(549)
Shader warning in 'ConvGeneric': "TRANSPOSE_OUTPUT variants not supported with NON_UNIFORM_CONVGROUP_PER_OC, make sure this variant is not used" at kernel Conv1DComplex_OutTransposed_4eoc_4esp at ConvGeneric.compute(550)
Shader warning in 'ConvGeneric': "TRANSPOSE_OUTPUT variants not supported with NON_UNIFORM_CONVGROUP_PER_OC, make sure this variant is not used" at kernel Conv1D_OutTransposedDouble_4eoc_4esp at ConvGeneric.compute(550)
Shader warning in 'ConvGeneric': "TRANSPOSE_OUTPUT variants not supported with NON_UNIFORM_CONVGROUP_PER_OC, make sure this variant is not used" at kernel Conv1D_OutTransposed_4eoc_4esp at ConvGeneric.compute(550)
Shader warning in 'ConvGeneric': "TRANSPOSE_OUTPUT variants not supported with NON_UNIFORM_CONVGROUP_PER_OC, make sure this variant is not used" at kernel Conv1D_Scaled_Complex_OutTransposed_4eoc_4esp at ConvGeneric.compute(550)
Shader warning in 'ConvGeneric': "TRANSPOSE_OUTPUT variants not supported with NON_UNIFORM_CONVGROUP_PER_OC, make sure this variant is not used" at kernel Conv1D_Scaled_OutTransposed_4eoc_4esp at ConvGeneric.compute(550)
Shader warning in 'ConvGeneric': "TRANSPOSE_OUTPUT variants not supported with NON_UNIFORM_CONVGROUP_PER_OC, make sure this variant is not used" at kernel Conv1DComplex_OutTransposed_4eoc_4esp at Packages/com.unity.ai.inference/Runtime/Core/Resources/Sentis/ComputeShaders/ConvGeneric.compute(548)
Shader warning in 'ConvGeneric': "TRANSPOSE_OUTPUT variants not supported with NON_UNIFORM_CONVGROUP_PER_OC, make sure this variant is not used" at kernel Conv1D_OutTransposedDouble_4eoc_4esp at Packages/com.unity.ai.inference/Runtime/Core/Resources/Sentis/ComputeShaders/ConvGeneric.compute(548)
Shader warning in 'ConvGeneric': "TRANSPOSE_OUTPUT variants not supported with NON_UNIFORM_CONVGROUP_PER_OC, make sure this variant is not used" at kernel Conv1D_OutTransposed_4eoc_4esp at Packages/com.unity.ai.inference/Runtime/Core/Resources/Sentis/ComputeShaders/ConvGeneric.compute(548)
Shader warning in 'ConvGeneric': "TRANSPOSE_OUTPUT variants not supported with NON_UNIFORM_CONVGROUP_PER_OC, make sure this variant is not used" at kernel Conv1D_Scaled_Complex_OutTransposed_4eoc_4esp at Packages/com.unity.ai.inference/Runtime/Core/Resources/Sentis/ComputeShaders/ConvGeneric.compute(548)
Shader warning in 'ConvGeneric': "TRANSPOSE_OUTPUT variants not supported with NON_UNIFORM_CONVGROUP_PER_OC, make sure this variant is not used" at kernel Conv1D_Scaled_OutTransposed_4eoc_4esp at Packages/com.unity.ai.inference/Runtime/Core/Resources/Sentis/ComputeShaders/ConvGeneric.compute(548)
Shader warning in 'ConvGeneric': "TRANSPOSE_OUTPUT variants not supported with NON_UNIFORM_CONVGROUP_PER_OC, make sure this variant is not used" at kernel Conv1DComplex_OutTransposed_4eoc_4esp at Packages/com.unity.ai.inference/Runtime/Core/Resources/Sentis/ComputeShaders/ConvGeneric.compute(549)
Shader warning in 'ConvGeneric': "TRANSPOSE_OUTPUT variants not supported with NON_UNIFORM_CONVGROUP_PER_OC, make sure this variant is not used" at kernel Conv1D_OutTransposedDouble_4eoc_4esp at Packages/com.unity.ai.inference/Runtime/Core/Resources/Sentis/ComputeShaders/ConvGeneric.compute(549)
Shader warning in 'ConvGeneric': "TRANSPOSE_OUTPUT variants not supported with NON_UNIFORM_CONVGROUP_PER_OC, make sure this variant is not used" at kernel Conv1D_OutTransposed_4eoc_4esp at Packages/com.unity.ai.inference/Runtime/Core/Resources/Sentis/ComputeShaders/ConvGeneric.compute(549)
Shader warning in 'ConvGeneric': "TRANSPOSE_OUTPUT variants not supported with NON_UNIFORM_CONVGROUP_PER_OC, make sure this variant is not used" at kernel Conv1D_Scaled_Complex_OutTransposed_4eoc_4esp at Packages/com.unity.ai.inference/Runtime/Core/Resources/Sentis/ComputeShaders/ConvGeneric.compute(549)
Shader warning in 'ConvGeneric': "TRANSPOSE_OUTPUT variants not supported with NON_UNIFORM_CONVGROUP_PER_OC, make sure this variant is not used" at kernel Conv1D_Scaled_OutTransposed_4eoc_4esp at Packages/com.unity.ai.inference/Runtime/Core/Resources/Sentis/ComputeShaders/ConvGeneric.compute(549)
Shader warning in 'ConvGeneric': "TRANSPOSE_OUTPUT variants not supported with NON_UNIFORM_CONVGROUP_PER_OC, make sure this variant is not used" at kernel Conv1DComplex_OutTransposed_4eoc_4esp at Packages/com.unity.ai.inference/Runtime/Core/Resources/Sentis/ComputeShaders/ConvGeneric.compute(550)
Shader warning in 'ConvGeneric': "TRANSPOSE_OUTPUT variants not supported with NON_UNIFORM_CONVGROUP_PER_OC, make sure this variant is not used" at kernel Conv1D_OutTransposedDouble_4eoc_4esp at Packages/com.unity.ai.inference/Runtime/Core/Resources/Sentis/ComputeShaders/ConvGeneric.compute(550)
Shader warning in 'ConvGeneric': "TRANSPOSE_OUTPUT variants not supported with NON_UNIFORM_CONVGROUP_PER_OC, make sure this variant is not used" at kernel Conv1D_OutTransposed_4eoc_4esp at Packages/com.unity.ai.inference/Runtime/Core/Resources/Sentis/ComputeShaders/ConvGeneric.compute(550)
Shader warning in 'ConvGeneric': "TRANSPOSE_OUTPUT variants not supported with NON_UNIFORM_CONVGROUP_PER_OC, make sure this variant is not used" at kernel Conv1D_Scaled_Complex_OutTransposed_4eoc_4esp at Packages/com.unity.ai.inference/Runtime/Core/Resources/Sentis/ComputeShaders/ConvGeneric.compute(550)
Shader warning in 'ConvGeneric': "TRANSPOSE_OUTPUT variants not supported with NON_UNIFORM_CONVGROUP_PER_OC, make sure this variant is not used" at kernel Conv1D_Scaled_OutTransposed_4eoc_4esp at Packages/com.unity.ai.inference/Runtime/Core/Resources/Sentis/ComputeShaders/ConvGeneric.compute(550)
    finished in 0.04 seconds. Local cache hits 204, remote cache hits 0, compiled 0 variants
Compiling compute shader "Compute.Shaders.Broadcast.gen"
    starting stripping...
    finished in 0.00 seconds. 87 of 87 variants left
    87 variants, starting compilation...
    finished in 0.01 seconds. Local cache hits 87, remote cache hits 0, compiled 0 variants
Compiling shader "Hidden/Sentis/Where" pass "" (vp)
    Full variant space:         2
    After settings filtering:   2
    After built-in stripping:   4
    After scriptable stripping: 4
    Processed in 0.00 seconds
    starting compilation...
    finished in 0.00 seconds. Local cache hits 4 (0.00s CPU time), remote cache hits 0 (0.00s CPU time), compiled 0 variants (0.00s CPU time), skipped 0 variants
    Prepared data for serialisation in 0.00s
Serialized binary data for shader Hidden/Sentis/Where in 0.00s
    gles3 (total internal programs: 4, unique: 4)
Compiling compute shader "SortingOps"
    starting stripping...
    finished in 0.00 seconds. 2 of 2 variants left
    2 variants, starting compilation...
    finished in 0.00 seconds. Local cache hits 2, remote cache hits 0, compiled 0 variants
Compiling compute shader "CopyOps"
    starting stripping...
    finished in 0.00 seconds. 9 of 9 variants left
    9 variants, starting compilation...
    finished in 0.00 seconds. Local cache hits 9, remote cache hits 0, compiled 0 variants
Compiling shader "Hidden/Sentis/Copy" pass "" (vp)
    Full variant space:         2
    After settings filtering:   2
    After built-in stripping:   4
    After scriptable stripping: 4
    Processed in 0.00 seconds
    starting compilation...
    finished in 0.00 seconds. Local cache hits 4 (0.00s CPU time), remote cache hits 0 (0.00s CPU time), compiled 0 variants (0.00s CPU time), skipped 0 variants
    Prepared data for serialisation in 0.00s
Serialized binary data for shader Hidden/Sentis/Copy in 0.00s
    gles3 (total internal programs: 4, unique: 4)
Compiling compute shader "TextureToTensor"
    starting stripping...
    finished in 0.00 seconds. 4 of 4 variants left
    4 variants, starting compilation...
    finished in 0.00 seconds. Local cache hits 4, remote cache hits 0, compiled 0 variants
Compiling shader "Hidden/Sentis/RMSNormalizationTail" pass "" (vp)
    Full variant space:         1
    After settings filtering:   1
    After built-in stripping:   2
    After scriptable stripping: 2
    Processed in 0.00 seconds
    starting compilation...
    finished in 0.00 seconds. Local cache hits 2 (0.00s CPU time), remote cache hits 0 (0.00s CPU time), compiled 0 variants (0.00s CPU time), skipped 0 variants
    Prepared data for serialisation in 0.00s
Serialized binary data for shader Hidden/Sentis/RMSNormalizationTail in 0.00s
    gles3 (total internal programs: 2, unique: 2)
Compiling shader "Hidden/Sentis/Upsample" pass "" (vp)
    Full variant space:         9
    After settings filtering:   9
    After built-in stripping:   18
    After scriptable stripping: 18
    Processed in 0.00 seconds
    starting compilation...
    finished in 0.00 seconds. Local cache hits 18 (0.02s CPU time), remote cache hits 0 (0.00s CPU time), compiled 0 variants (0.00s CPU time), skipped 0 variants
    Prepared data for serialisation in 0.00s
Serialized binary data for shader Hidden/Sentis/Upsample in 0.00s
    gles3 (total internal programs: 18, unique: 18)
Compiling compute shader "LocalResponseNormalization"
    starting stripping...
    finished in 0.00 seconds. 1 of 1 variants left
    1 variants, starting compilation...
    finished in 0.00 seconds. Local cache hits 1, remote cache hits 0, compiled 0 variants
Compiling shader "Hidden/Sentis/SliceSet" pass "" (vp)
    Full variant space:         4
    After settings filtering:   4
    After built-in stripping:   8
    After scriptable stripping: 8
    Processed in 0.00 seconds
    starting compilation...
    finished in 0.01 seconds. Local cache hits 8 (0.02s CPU time), remote cache hits 0 (0.00s CPU time), compiled 0 variants (0.00s CPU time), skipped 0 variants
    Prepared data for serialisation in 0.00s
Serialized binary data for shader Hidden/Sentis/SliceSet in 0.00s
    gles3 (total internal programs: 8, unique: 8)
Shader warning in 'Hidden/Sentis/SliceSet': integer divides may be much slower, try using uints if possible. at Packages/com.unity.ai.inference/Runtime/Core/Resources/Sentis/PixelShaders/SliceSet.shader(55) (on gles3)

Compiling Subshader: 0, Pass: , Vertex program with BLOCKWISE
Platform defines: SHADER_API_GLES30 SHADER_API_MOBILE UNITY_ASTC_NORMALMAP_ENCODING UNITY_ENABLE_REFLECTION_BUFFERS UNITY_FRAMEBUFFER_FETCH_AVAILABLE UNITY_LIGHTMAP_RGBM_ENCODING UNITY_NO_CUBEMAP_ARRAY UNITY_NO_RGBM UNITY_NO_SCREENSPACE_SHADOWS UNITY_PBS_USE_BRDF3 UNITY_PLATFORM_SUPPORTS_DEPTH_FETCH
Disabled keywords: INT SHADER_API_GLES31 SHADER_API_GLES32 UNITY_COLORSPACE_GAMMA UNITY_ENABLE_DETAIL_NORMALMAP UNITY_HARDWARE_TIER1 UNITY_HARDWARE_TIER2 UNITY_HARDWARE_TIER3 UNITY_LIGHTMAP_DLDR_ENCODING UNITY_LIGHTMAP_FULL_HDR UNITY_LIGHT_PROBE_PROXY_VOLUME UNITY_METAL_SHADOWS_USE_POINT_FILTERING UNITY_NO_DXT5nm UNITY_PBS_USE_BRDF1 UNITY_PBS_USE_BRDF2 UNITY_PRETRANSFORM_TO_DISPLAY_ORIENTATION UNITY_SPECCUBE_BLENDING UNITY_SPECCUBE_BOX_PROJECTION UNITY_UNIFIED_SHADER_PRECISION_MODEL UNITY_USE_DITHER_MASK_FOR_ALPHABLENDED_SHADOWS UNITY_VIRTUAL_TEXTURING
Shader warning in 'Hidden/Sentis/SliceSet': signed/unsigned mismatch, unsigned assumed at Packages/com.unity.ai.inference/Runtime/Core/Resources/Sentis/PixelShaders/SliceSet.shader(57) (on gles3)

Compiling Subshader: 0, Pass: , Vertex program with BLOCKWISE
Platform defines: SHADER_API_GLES30 SHADER_API_MOBILE UNITY_ASTC_NORMALMAP_ENCODING UNITY_ENABLE_REFLECTION_BUFFERS UNITY_FRAMEBUFFER_FETCH_AVAILABLE UNITY_LIGHTMAP_RGBM_ENCODING UNITY_NO_CUBEMAP_ARRAY UNITY_NO_RGBM UNITY_NO_SCREENSPACE_SHADOWS UNITY_PBS_USE_BRDF3 UNITY_PLATFORM_SUPPORTS_DEPTH_FETCH
Disabled keywords: INT SHADER_API_GLES31 SHADER_API_GLES32 UNITY_COLORSPACE_GAMMA UNITY_ENABLE_DETAIL_NORMALMAP UNITY_HARDWARE_TIER1 UNITY_HARDWARE_TIER2 UNITY_HARDWARE_TIER3 UNITY_LIGHTMAP_DLDR_ENCODING UNITY_LIGHTMAP_FULL_HDR UNITY_LIGHT_PROBE_PROXY_VOLUME UNITY_METAL_SHADOWS_USE_POINT_FILTERING UNITY_NO_DXT5nm UNITY_PBS_USE_BRDF1 UNITY_PBS_USE_BRDF2 UNITY_PRETRANSFORM_TO_DISPLAY_ORIENTATION UNITY_SPECCUBE_BLENDING UNITY_SPECCUBE_BOX_PROJECTION UNITY_UNIFIED_SHADER_PRECISION_MODEL UNITY_USE_DITHER_MASK_FOR_ALPHABLENDED_SHADOWS UNITY_VIRTUAL_TEXTURING
Shader warning in 'Hidden/Sentis/SliceSet': integer divides may be much slower, try using uints if possible. at Packages/com.unity.ai.inference/Runtime/Core/Resources/Sentis/PixelShaders/SliceSet.shader(69) (on gles3)

Compiling Subshader: 0, Pass: , Vertex program with INT STEREO_MULTIVIEW_ON
Platform defines: SHADER_API_GLES30 SHADER_API_MOBILE UNITY_ASTC_NORMALMAP_ENCODING UNITY_ENABLE_REFLECTION_BUFFERS UNITY_FRAMEBUFFER_FETCH_AVAILABLE UNITY_LIGHTMAP_RGBM_ENCODING UNITY_NO_CUBEMAP_ARRAY UNITY_NO_RGBM UNITY_NO_SCREENSPACE_SHADOWS UNITY_PBS_USE_BRDF3 UNITY_PLATFORM_SUPPORTS_DEPTH_FETCH
Disabled keywords: BLOCKWISE SHADER_API_GLES31 SHADER_API_GLES32 UNITY_COLORSPACE_GAMMA UNITY_ENABLE_DETAIL_NORMALMAP UNITY_HARDWARE_TIER1 UNITY_HARDWARE_TIER2 UNITY_HARDWARE_TIER3 UNITY_LIGHTMAP_DLDR_ENCODING UNITY_LIGHTMAP_FULL_HDR UNITY_LIGHT_PROBE_PROXY_VOLUME UNITY_METAL_SHADOWS_USE_POINT_FILTERING UNITY_NO_DXT5nm UNITY_PBS_USE_BRDF1 UNITY_PBS_USE_BRDF2 UNITY_PRETRANSFORM_TO_DISPLAY_ORIENTATION UNITY_SPECCUBE_BLENDING UNITY_SPECCUBE_BOX_PROJECTION UNITY_UNIFIED_SHADER_PRECISION_MODEL UNITY_USE_DITHER_MASK_FOR_ALPHABLENDED_SHADOWS UNITY_VIRTUAL_TEXTURING
Shader warning in 'Hidden/Sentis/SliceSet': signed/unsigned mismatch, unsigned assumed at Packages/com.unity.ai.inference/Runtime/Core/Resources/Sentis/PixelShaders/SliceSet.shader(71) (on gles3)

Compiling Subshader: 0, Pass: , Vertex program with INT STEREO_MULTIVIEW_ON
Platform defines: SHADER_API_GLES30 SHADER_API_MOBILE UNITY_ASTC_NORMALMAP_ENCODING UNITY_ENABLE_REFLECTION_BUFFERS UNITY_FRAMEBUFFER_FETCH_AVAILABLE UNITY_LIGHTMAP_RGBM_ENCODING UNITY_NO_CUBEMAP_ARRAY UNITY_NO_RGBM UNITY_NO_SCREENSPACE_SHADOWS UNITY_PBS_USE_BRDF3 UNITY_PLATFORM_SUPPORTS_DEPTH_FETCH
Disabled keywords: BLOCKWISE SHADER_API_GLES31 SHADER_API_GLES32 UNITY_COLORSPACE_GAMMA UNITY_ENABLE_DETAIL_NORMALMAP UNITY_HARDWARE_TIER1 UNITY_HARDWARE_TIER2 UNITY_HARDWARE_TIER3 UNITY_LIGHTMAP_DLDR_ENCODING UNITY_LIGHTMAP_FULL_HDR UNITY_LIGHT_PROBE_PROXY_VOLUME UNITY_METAL_SHADOWS_USE_POINT_FILTERING UNITY_NO_DXT5nm UNITY_PBS_USE_BRDF1 UNITY_PBS_USE_BRDF2 UNITY_PRETRANSFORM_TO_DISPLAY_ORIENTATION UNITY_SPECCUBE_BLENDING UNITY_SPECCUBE_BOX_PROJECTION UNITY_UNIFIED_SHADER_PRECISION_MODEL UNITY_USE_DITHER_MASK_FOR_ALPHABLENDED_SHADOWS UNITY_VIRTUAL_TEXTURING
Compiling compute shader "DepthwiseConv"
    starting stripping...
    finished in 0.00 seconds. 6 of 6 variants left
    6 variants, starting compilation...
    finished in 0.00 seconds. Local cache hits 6, remote cache hits 0, compiled 0 variants
Compiling compute shader "Compute.Shaders.ConvTranspose.gen"
    starting stripping...
    finished in 0.00 seconds. 4 of 4 variants left
    4 variants, starting compilation...
    finished in 0.00 seconds. Local cache hits 4, remote cache hits 0, compiled 0 variants
Compiling shader "Hidden/Sentis/Expand" pass "" (vp)
    Full variant space:         2
    After settings filtering:   2
    After built-in stripping:   4
    After scriptable stripping: 4
    Processed in 0.00 seconds
    starting compilation...
    finished in 0.00 seconds. Local cache hits 4 (0.00s CPU time), remote cache hits 0 (0.00s CPU time), compiled 0 variants (0.00s CPU time), skipped 0 variants
    Prepared data for serialisation in 0.00s
Serialized binary data for shader Hidden/Sentis/Expand in 0.00s
    gles3 (total internal programs: 4, unique: 4)
Compiling shader "Hidden/Sentis/GlobalPool" pass "" (vp)
    Full variant space:         3
    After settings filtering:   3
    After built-in stripping:   6
    After scriptable stripping: 6
    Processed in 0.00 seconds
    starting compilation...
    finished in 0.00 seconds. Local cache hits 6 (0.01s CPU time), remote cache hits 0 (0.00s CPU time), compiled 0 variants (0.00s CPU time), skipped 0 variants
    Prepared data for serialisation in 0.00s
Serialized binary data for shader Hidden/Sentis/GlobalPool in 0.00s
    gles3 (total internal programs: 6, unique: 6)
Compiling shader "TextMeshPro/Sprite" pass "Default" (vp)
    Full variant space:         4
    After settings filtering:   4
    After built-in stripping:   8
    After scriptable stripping: 8
    Processed in 0.00 seconds
    starting compilation...
    finished in 0.00 seconds. Local cache hits 8 (0.01s CPU time), remote cache hits 0 (0.00s CPU time), compiled 0 variants (0.00s CPU time), skipped 0 variants
    Prepared data for serialisation in 0.00s
Serialized binary data for shader TextMeshPro/Sprite in 0.00s
    gles3 (total internal programs: 8, unique: 8)
Compiling compute shader "Pool"
    starting stripping...
    finished in 0.00 seconds. 8 of 8 variants left
    8 variants, starting compilation...
    finished in 0.00 seconds. Local cache hits 8, remote cache hits 0, compiled 0 variants
Compiling shader "Hidden/Sentis/GroupedConv" pass "" (vp)
    Full variant space:         12
    After settings filtering:   12
    After built-in stripping:   24
    After scriptable stripping: 24
    Processed in 0.00 seconds
    starting compilation...
    finished in 0.00 seconds. Local cache hits 24 (0.03s CPU time), remote cache hits 0 (0.00s CPU time), compiled 0 variants (0.00s CPU time), skipped 0 variants
    Prepared data for serialisation in 0.00s
Serialized binary data for shader Hidden/Sentis/GroupedConv in 0.00s
    gles3 (total internal programs: 24, unique: 24)
Compiling compute shader "ReferenceImpl.Logical"
    starting stripping...
    finished in 0.00 seconds. 1 of 1 variants left
    1 variants, starting compilation...
    finished in 0.00 seconds. Local cache hits 1, remote cache hits 0, compiled 0 variants
Compiling compute shader "Compute.Shaders.PointwiseUnary.gen"
    starting stripping...
    finished in 0.00 seconds. 61 of 61 variants left
    61 variants, starting compilation...
    finished in 0.01 seconds. Local cache hits 61, remote cache hits 0, compiled 0 variants
Compiling shader "Hidden/Sentis/Split" pass "" (vp)
    Full variant space:         4
    After settings filtering:   4
    After built-in stripping:   8
    After scriptable stripping: 8
    Processed in 0.00 seconds
    starting compilation...
    finished in 0.00 seconds. Local cache hits 8 (0.01s CPU time), remote cache hits 0 (0.00s CPU time), compiled 0 variants (0.00s CPU time), skipped 0 variants
    Prepared data for serialisation in 0.00s
Serialized binary data for shader Hidden/Sentis/Split in 0.00s
    gles3 (total internal programs: 8, unique: 8)
Compiling shader "Simulation/Legacy/Standard" pass "FORWARD" (vp)
    Full variant space:         664
    After settings filtering:   664
    After built-in stripping:   16
    After scriptable stripping: 16
    Processed in 0.00 seconds
    starting compilation...
    finished in 0.00 seconds. Local cache hits 16 (0.02s CPU time), remote cache hits 0 (0.00s CPU time), compiled 0 variants (0.00s CPU time), skipped 0 variants
    Prepared data for serialisation in 0.00s
Compiling shader "Simulation/Legacy/Standard" pass "FORWARD_DELTA" (vp)
    Full variant space:         188
    After settings filtering:   188
    After built-in stripping:   26
    After scriptable stripping: 26
    Processed in 0.00 seconds
    starting compilation...
    finished in 0.01 seconds. Local cache hits 26 (0.04s CPU time), remote cache hits 0 (0.00s CPU time), compiled 0 variants (0.00s CPU time), skipped 0 variants
    Prepared data for serialisation in 0.00s
Compiling shader "Simulation/Legacy/Standard" pass "ShadowCaster" (vp)
    Full variant space:         4
    After settings filtering:   4
    After built-in stripping:   4
    After scriptable stripping: 4
    Processed in 0.00 seconds
    starting compilation...
    finished in 0.00 seconds. Local cache hits 4 (0.01s CPU time), remote cache hits 0 (0.00s CPU time), compiled 0 variants (0.00s CPU time), skipped 0 variants
    Prepared data for serialisation in 0.00s
Compiling shader "Simulation/Legacy/Standard" pass "DEFERRED" (vp)
    Full variant space:         76
    After settings filtering:   76
    After built-in stripping:   8
    After scriptable stripping: 8
    Processed in 0.00 seconds
    starting compilation...
    finished in 0.00 seconds. Local cache hits 8 (0.01s CPU time), remote cache hits 0 (0.00s CPU time), compiled 0 variants (0.00s CPU time), skipped 0 variants
    Prepared data for serialisation in 0.00s
Serialized binary data for shader Simulation/Legacy/Standard in 0.00s
    gles3 (total internal programs: 54, unique: 54)
Compiling compute shader "ReferenceImpl.PoolA"
    starting stripping...
    finished in 0.00 seconds. 6 of 6 variants left
    6 variants, starting compilation...
    finished in 0.00 seconds. Local cache hits 6, remote cache hits 0, compiled 0 variants
Compiling compute shader "ReferenceImpl.Einsum"
    starting stripping...
    finished in 0.00 seconds. 2 of 2 variants left
    2 variants, starting compilation...
    finished in 0.00 seconds. Local cache hits 2, remote cache hits 0, compiled 0 variants
Compiling shader "XREALSDK/CaptureBackgroundYUV" pass "" (vp)
    Full variant space:         1
    After settings filtering:   1
    After built-in stripping:   2
    After scriptable stripping: 2
    Processed in 0.00 seconds
    starting compilation...
    finished in 0.00 seconds. Local cache hits 2 (0.00s CPU time), remote cache hits 0 (0.00s CPU time), compiled 0 variants (0.00s CPU time), skipped 0 variants
    Prepared data for serialisation in 0.00s
Serialized binary data for shader XREALSDK/CaptureBackgroundYUV in 0.00s
    gles3 (total internal programs: 2, unique: 2)
Compiling shader "Hidden/Sentis/Range" pass "" (vp)
    Full variant space:         2
    After settings filtering:   2
    After built-in stripping:   4
    After scriptable stripping: 4
    Processed in 0.00 seconds
    starting compilation...
    finished in 0.00 seconds. Local cache hits 4 (0.00s CPU time), remote cache hits 0 (0.00s CPU time), compiled 0 variants (0.00s CPU time), skipped 0 variants
    Prepared data for serialisation in 0.00s
Serialized binary data for shader Hidden/Sentis/Range in 0.00s
    gles3 (total internal programs: 4, unique: 4)
Compiling shader "Hidden/Sentis/OneHot" pass "" (vp)
    Full variant space:         2
    After settings filtering:   2
    After built-in stripping:   4
    After scriptable stripping: 4
    Processed in 0.00 seconds
    starting compilation...
    finished in 0.00 seconds. Local cache hits 4 (0.01s CPU time), remote cache hits 0 (0.00s CPU time), compiled 0 variants (0.00s CPU time), skipped 0 variants
    Prepared data for serialisation in 0.00s
Serialized binary data for shader Hidden/Sentis/OneHot in 0.00s
    gles3 (total internal programs: 4, unique: 4)
Compiling shader "Hidden/Sentis/Resize1D" pass "" (vp)
    Full variant space:         3
    After settings filtering:   3
    After built-in stripping:   6
    After scriptable stripping: 6
    Processed in 0.00 seconds
    starting compilation...
    finished in 0.00 seconds. Local cache hits 6 (0.01s CPU time), remote cache hits 0 (0.00s CPU time), compiled 0 variants (0.00s CPU time), skipped 0 variants
    Prepared data for serialisation in 0.00s
Serialized binary data for shader Hidden/Sentis/Resize1D in 0.00s
    gles3 (total internal programs: 6, unique: 6)
Compiling compute shader "LogicalOps"
    starting stripping...
    finished in 0.00 seconds. 4 of 4 variants left
    4 variants, starting compilation...
    finished in 0.00 seconds. Local cache hits 4, remote cache hits 0, compiled 0 variants
Compiling shader "Hidden/Sentis/LocalPool" pass "" (vp)
    Full variant space:         6
    After settings filtering:   6
    After built-in stripping:   12
    After scriptable stripping: 12
    Processed in 0.00 seconds
    starting compilation...
    finished in 0.00 seconds. Local cache hits 12 (0.02s CPU time), remote cache hits 0 (0.00s CPU time), compiled 0 variants (0.00s CPU time), skipped 0 variants
    Prepared data for serialisation in 0.00s
Serialized binary data for shader Hidden/Sentis/LocalPool in 0.00s
    gles3 (total internal programs: 12, unique: 12)
Compiling shader "Hidden/Sentis/ScalarMad" pass "" (vp)
    Full variant space:         2
    After settings filtering:   2
    After built-in stripping:   4
    After scriptable stripping: 4
    Processed in 0.00 seconds
    starting compilation...
    finished in 0.00 seconds. Local cache hits 4 (0.01s CPU time), remote cache hits 0 (0.00s CPU time), compiled 0 variants (0.00s CPU time), skipped 0 variants
    Prepared data for serialisation in 0.00s
Serialized binary data for shader Hidden/Sentis/ScalarMad in 0.00s
    gles3 (total internal programs: 4, unique: 4)
Compiling compute shader "Compute.Shaders.Conv.gen"
    starting stripping...
    finished in 0.00 seconds. 8 of 8 variants left
    8 variants, starting compilation...
    finished in 0.00 seconds. Local cache hits 8, remote cache hits 0, compiled 0 variants
Compiling compute shader "RoiAlign"
    starting stripping...
    finished in 0.00 seconds. 4 of 4 variants left
    4 variants, starting compilation...
    finished in 0.00 seconds. Local cache hits 4, remote cache hits 0, compiled 0 variants
Compiling shader "Hidden/Sentis/ReduceIndices" pass "" (vp)
    Full variant space:         8
    After settings filtering:   8
    After built-in stripping:   16
    After scriptable stripping: 16
    Processed in 0.00 seconds
    starting compilation...
    finished in 0.00 seconds. Local cache hits 16 (0.02s CPU time), remote cache hits 0 (0.00s CPU time), compiled 0 variants (0.00s CPU time), skipped 0 variants
    Prepared data for serialisation in 0.00s
Serialized binary data for shader Hidden/Sentis/ReduceIndices in 0.00s
    gles3 (total internal programs: 16, unique: 16)
Compiling shader "Hidden/Sentis/Slice" pass "" (vp)
    Full variant space:         4
    After settings filtering:   4
    After built-in stripping:   8
    After scriptable stripping: 8
    Processed in 0.00 seconds
    starting compilation...
    finished in 0.00 seconds. Local cache hits 8 (0.01s CPU time), remote cache hits 0 (0.00s CPU time), compiled 0 variants (0.00s CPU time), skipped 0 variants
    Prepared data for serialisation in 0.00s
Serialized binary data for shader Hidden/Sentis/Slice in 0.00s
    gles3 (total internal programs: 8, unique: 8)
Compiling shader "Hidden/Sentis/ScaleBias" pass "" (vp)
    Full variant space:         2
    After settings filtering:   2
    After built-in stripping:   4
    After scriptable stripping: 4
    Processed in 0.00 seconds
    starting compilation...
    finished in 0.00 seconds. Local cache hits 4 (0.00s CPU time), remote cache hits 0 (0.00s CPU time), compiled 0 variants (0.00s CPU time), skipped 0 variants
    Prepared data for serialisation in 0.00s
Serialized binary data for shader Hidden/Sentis/ScaleBias in 0.00s
    gles3 (total internal programs: 4, unique: 4)
Compiling compute shader "GridSample"
    starting stripping...
    finished in 0.00 seconds. 24 of 24 variants left
    24 variants, starting compilation...
    finished in 0.00 seconds. Local cache hits 24, remote cache hits 0, compiled 0 variants
Compiling shader "Hidden/Sentis/LayoutSwitchBlockedAxis" pass "" (vp)
    Full variant space:         2
    After settings filtering:   2
    After built-in stripping:   4
    After scriptable stripping: 4
    Processed in 0.00 seconds
    starting compilation...
    finished in 0.00 seconds. Local cache hits 4 (0.00s CPU time), remote cache hits 0 (0.00s CPU time), compiled 0 variants (0.00s CPU time), skipped 0 variants
    Prepared data for serialisation in 0.00s
Serialized binary data for shader Hidden/Sentis/LayoutSwitchBlockedAxis in 0.00s
    gles3 (total internal programs: 4, unique: 4)
Compiling compute shader "Compute.Shaders.Reduction.gen"
    starting stripping...
    finished in 0.00 seconds. 38 of 38 variants left
    38 variants, starting compilation...
    finished in 0.01 seconds. Local cache hits 38, remote cache hits 0, compiled 0 variants
Compiling compute shader "CompareOps"
    starting stripping...
    finished in 0.00 seconds. 12 of 12 variants left
    12 variants, starting compilation...
    finished in 0.00 seconds. Local cache hits 12, remote cache hits 0, compiled 0 variants
Compiling shader "Hidden/Sentis/TopP" pass "" (vp)
    Full variant space:         1
    After settings filtering:   1
    After built-in stripping:   2
    After scriptable stripping: 2
    Processed in 0.00 seconds
    starting compilation...
    finished in 0.00 seconds. Local cache hits 2 (0.00s CPU time), remote cache hits 0 (0.00s CPU time), compiled 0 variants (0.00s CPU time), skipped 0 variants
    Prepared data for serialisation in 0.00s
Serialized binary data for shader Hidden/Sentis/TopP in 0.00s
    gles3 (total internal programs: 2, unique: 2)
Compiling shader "Hidden/Universal Render Pipeline/Sampling" pass "BoxDownsample" (vp)
    Full variant space:         1
    After settings filtering:   1
    After built-in stripping:   2
    After scriptable stripping: 2
    Processed in 0.00 seconds
    starting compilation...
    finished in 0.01 seconds. Local cache hits 2 (0.01s CPU time), remote cache hits 0 (0.00s CPU time), compiled 0 variants (0.00s CPU time), skipped 0 variants
    Prepared data for serialisation in 0.00s
Serialized binary data for shader Hidden/Universal Render Pipeline/Sampling in 0.00s
    gles3 (total internal programs: 2, unique: 2)
Compiling shader "CyberEye/YUVtoRGB" pass "" (vp)
    Full variant space:         1
    After settings filtering:   1
    After built-in stripping:   2
    After scriptable stripping: 2
    Processed in 0.00 seconds
    starting compilation...
    finished in 0.00 seconds. Local cache hits 2 (0.00s CPU time), remote cache hits 0 (0.00s CPU time), compiled 0 variants (0.00s CPU time), skipped 0 variants
    Prepared data for serialisation in 0.00s
Serialized binary data for shader CyberEye/YUVtoRGB in 0.00s
    gles3 (total internal programs: 2, unique: 2)
Compiling shader "Hidden/CoreSRP/CoreCopy" pass "Copy" (vp)
    Full variant space:         2
    After settings filtering:   2
    After built-in stripping:   4
    After scriptable stripping: 4
    Processed in 0.00 seconds
    starting compilation...
    finished in 0.00 seconds. Local cache hits 4 (0.00s CPU time), remote cache hits 0 (0.00s CPU time), compiled 0 variants (0.00s CPU time), skipped 0 variants
    Prepared data for serialisation in 0.00s
Compiling shader "Hidden/CoreSRP/CoreCopy" pass "CopyMS" (vp)
    Full variant space:         2
    After settings filtering:   2
    After built-in stripping:   4
    After scriptable stripping: 4
    Processed in 0.00 seconds
    starting compilation...
    finished in 0.00 seconds. Local cache hits 4 (0.00s CPU time), remote cache hits 0 (0.00s CPU time), compiled 0 variants (0.00s CPU time), skipped 0 variants
    Prepared data for serialisation in 0.00s
Serialized binary data for shader Hidden/CoreSRP/CoreCopy in 0.00s
    gles3 (total internal programs: 8, unique: 8)
Compiling shader "TextMeshPro/Distance Field SSD" pass "" (vp)
    Full variant space:         96
    After settings filtering:   96
    After built-in stripping:   192
    After scriptable stripping: 192
    Processed in 0.00 seconds
    starting compilation...
    finished in 0.04 seconds. Local cache hits 192 (0.28s CPU time), remote cache hits 0 (0.00s CPU time), compiled 0 variants (0.00s CPU time), skipped 0 variants
    Prepared data for serialisation in 0.00s
Serialized binary data for shader TextMeshPro/Distance Field SSD in 0.00s
    gles3 (total internal programs: 192, unique: 192)
Compressed shader 'TextMeshPro/Distance Field SSD' on gles3 from 2.53MB to 0.07MB
Compressed shader 'TextMeshPro/Distance Field SSD' in 0.03s
Compiling shader "Hidden/TerrainEngine/Details/UniversalPipeline/BillboardWavingDoublePass" pass "ForwardLit" (vp)
    Full variant space:         61440
    After settings filtering:   512
    After built-in stripping:   8
    After scriptable stripping: 8
    Processed in 0.00 seconds
    starting compilation...
    finished in 0.00 seconds. Local cache hits 8 (0.01s CPU time), remote cache hits 0 (0.00s CPU time), compiled 0 variants (0.00s CPU time), skipped 0 variants
    Prepared data for serialisation in 0.00s
    Prepared data for serialisation in 0.00s
Compiling shader "Hidden/TerrainEngine/Details/UniversalPipeline/BillboardWavingDoublePass" pass "DepthOnly" (vp)
    Full variant space:         2
    After settings filtering:   2
    After built-in stripping:   2
    After scriptable stripping: 2
    Processed in 0.00 seconds
    starting compilation...
    finished in 0.00 seconds. Local cache hits 2 (0.00s CPU time), remote cache hits 0 (0.00s CPU time), compiled 0 variants (0.00s CPU time), skipped 0 variants
    Prepared data for serialisation in 0.00s
Compiling shader "Hidden/TerrainEngine/Details/UniversalPipeline/BillboardWavingDoublePass" pass "DepthNormals" (vp)
    Full variant space:         2
    After settings filtering:   2
    After built-in stripping:   2
    After scriptable stripping: 2
    Processed in 0.00 seconds
    starting compilation...
    finished in 0.00 seconds. Local cache hits 2 (0.01s CPU time), remote cache hits 0 (0.00s CPU time), compiled 0 variants (0.00s CPU time), skipped 0 variants
    Prepared data for serialisation in 0.00s
Serialized binary data for shader Hidden/TerrainEngine/Details/UniversalPipeline/BillboardWavingDoublePass in 0.00s
    gles3 (total internal programs: 12, unique: 12)
Compiling shader "Hidden/Core/FallbackError" pass "" (vp)
    Full variant space:         3
    After settings filtering:   3
    After built-in stripping:   2
    After scriptable stripping: 2
    Processed in 0.00 seconds
    starting compilation...
    finished in 0.00 seconds. Local cache hits 2 (0.00s CPU time), remote cache hits 0 (0.00s CPU time), compiled 0 variants (0.00s CPU time), skipped 0 variants
    Prepared data for serialisation in 0.00s
Serialized binary data for shader Hidden/Core/FallbackError in 0.00s
    gles3 (total internal programs: 2, unique: 2)
Compiling shader "Hidden/Universal Render Pipeline/XR/XROcclusionMesh" pass "" (vp)
    Full variant space:         2
    After settings filtering:   2
    After built-in stripping:   4
    After scriptable stripping: 4
    Processed in 0.00 seconds
    starting compilation...
    finished in 0.00 seconds. Local cache hits 4 (0.01s CPU time), remote cache hits 0 (0.00s CPU time), compiled 0 variants (0.00s CPU time), skipped 0 variants
    Prepared data for serialisation in 0.00s
Serialized binary data for shader Hidden/Universal Render Pipeline/XR/XROcclusionMesh in 0.00s
    gles3 (total internal programs: 4, unique: 4)
Compiling shader "Hidden/Universal/HDRDebugView" pass "" (vp)
    Full variant space:         4
    After settings filtering:   1
    After built-in stripping:   2
    After scriptable stripping: 2
    Processed in 0.00 seconds
    starting compilation...
    finished in 0.00 seconds. Local cache hits 2 (0.00s CPU time), remote cache hits 0 (0.00s CPU time), compiled 0 variants (0.00s CPU time), skipped 0 variants
    Prepared data for serialisation in 0.00s
Compiling shader "Hidden/Universal/HDRDebugView" pass "" (vp)
    Full variant space:         4
    After settings filtering:   1
    After built-in stripping:   2
    After scriptable stripping: 2
    Processed in 0.00 seconds
    starting compilation...
    finished in 0.00 seconds. Local cache hits 2 (0.00s CPU time), remote cache hits 0 (0.00s CPU time), compiled 0 variants (0.00s CPU time), skipped 0 variants
    Prepared data for serialisation in 0.00s
Serialized binary data for shader Hidden/Universal/HDRDebugView in 0.00s
    gles3 (total internal programs: 4, unique: 4)
Compiling shader "TextMeshPro/Distance Field" pass "" (vp)
    Full variant space:         48
    After settings filtering:   48
    After built-in stripping:   96
    After scriptable stripping: 96
    Processed in 0.00 seconds
    starting compilation...
    finished in 0.02 seconds. Local cache hits 96 (0.13s CPU time), remote cache hits 0 (0.00s CPU time), compiled 0 variants (0.00s CPU time), skipped 0 variants
    Prepared data for serialisation in 0.00s
Serialized binary data for shader TextMeshPro/Distance Field in 0.00s
    gles3 (total internal programs: 96, unique: 96)
Compressed shader 'TextMeshPro/Distance Field' on gles3 from 1.47MB to 0.03MB
Compressed shader 'TextMeshPro/Distance Field' in 0.01s
Compiling shader "CyberEye/FeedUnlit" pass "" (vp)
    Full variant space:         1
    After settings filtering:   1
    After built-in stripping:   2
    After scriptable stripping: 2
    Processed in 0.00 seconds
    starting compilation...
    finished in 0.00 seconds. Local cache hits 2 (0.00s CPU time), remote cache hits 0 (0.00s CPU time), compiled 0 variants (0.00s CPU time), skipped 0 variants
    Prepared data for serialisation in 0.00s
Serialized binary data for shader CyberEye/FeedUnlit in 0.00s
    gles3 (total internal programs: 2, unique: 2)
Compiling shader "Hidden/Universal/CoreBlit" pass "Nearest" (vp)
    Full variant space:         1
    After settings filtering:   1
    After built-in stripping:   2
    After scriptable stripping: 2
    Processed in 0.00 seconds
    starting compilation...
    finished in 0.00 seconds. Local cache hits 2 (0.00s CPU time), remote cache hits 0 (0.00s CPU time), compiled 0 variants (0.00s CPU time), skipped 0 variants
    Prepared data for serialisation in 0.00s
Compiling shader "Hidden/Universal/CoreBlit" pass "Bilinear" (vp)
    Full variant space:         1
    After settings filtering:   1
    After built-in stripping:   2
    After scriptable stripping: 2
    Processed in 0.00 seconds
    starting compilation...
    finished in 0.00 seconds. Local cache hits 2 (0.00s CPU time), remote cache hits 0 (0.00s CPU time), compiled 0 variants (0.00s CPU time), skipped 0 variants
    Prepared data for serialisation in 0.00s
Compiling shader "Hidden/Universal/CoreBlit" pass "NearestQuad" (vp)
    Full variant space:         1
    After settings filtering:   1
    After built-in stripping:   2
    After scriptable stripping: 2
    Processed in 0.00 seconds
    starting compilation...
    finished in 0.00 seconds. Local cache hits 2 (0.00s CPU time), remote cache hits 0 (0.00s CPU time), compiled 0 variants (0.00s CPU time), skipped 0 variants
    Prepared data for serialisation in 0.00s
Compiling shader "Hidden/Universal/CoreBlit" pass "BilinearQuad" (vp)
    Full variant space:         1
    After settings filtering:   1
    After built-in stripping:   2
    After scriptable stripping: 2
    Processed in 0.00 seconds
    starting compilation...
    finished in 0.00 seconds. Local cache hits 2 (0.00s CPU time), remote cache hits 0 (0.00s CPU time), compiled 0 variants (0.00s CPU time), skipped 0 variants
    Prepared data for serialisation in 0.00s
Compiling shader "Hidden/Universal/CoreBlit" pass "NearestQuadPadding" (vp)
    Full variant space:         1
    After settings filtering:   1
    After built-in stripping:   2
    After scriptable stripping: 2
    Processed in 0.00 seconds
    starting compilation...
    finished in 0.00 seconds. Local cache hits 2 (0.00s CPU time), remote cache hits 0 (0.00s CPU time), compiled 0 variants (0.00s CPU time), skipped 0 variants
    Prepared data for serialisation in 0.00s
Compiling shader "Hidden/Universal/CoreBlit" pass "BilinearQuadPadding" (vp)
    Full variant space:         1
    After settings filtering:   1
    After built-in stripping:   2
    After scriptable stripping: 2
    Processed in 0.00 seconds
    starting compilation...
    finished in 0.00 seconds. Local cache hits 2 (0.00s CPU time), remote cache hits 0 (0.00s CPU time), compiled 0 variants (0.00s CPU time), skipped 0 variants
    Prepared data for serialisation in 0.00s
Compiling shader "Hidden/Universal/CoreBlit" pass "NearestQuadPaddingRepeat" (vp)
    Full variant space:         1
    After settings filtering:   1
    After built-in stripping:   2
    After scriptable stripping: 2
    Processed in 0.00 seconds
    starting compilation...
    finished in 0.00 seconds. Local cache hits 2 (0.00s CPU time), remote cache hits 0 (0.00s CPU time), compiled 0 variants (0.00s CPU time), skipped 0 variants
    Prepared data for serialisation in 0.00s
Compiling shader "Hidden/Universal/CoreBlit" pass "BilinearQuadPaddingRepeat" (vp)
    Full variant space:         1
    After settings filtering:   1
    After built-in stripping:   2
    After scriptable stripping: 2
    Processed in 0.00 seconds
    starting compilation...
    finished in 0.00 seconds. Local cache hits 2 (0.00s CPU time), remote cache hits 0 (0.00s CPU time), compiled 0 variants (0.00s CPU time), skipped 0 variants
    Prepared data for serialisation in 0.00s
Compiling shader "Hidden/Universal/CoreBlit" pass "BilinearQuadPaddingOctahedral" (vp)
    Full variant space:         1
    After settings filtering:   1
    After built-in stripping:   2
    After scriptable stripping: 2
    Processed in 0.00 seconds
    starting compilation...
    finished in 0.00 seconds. Local cache hits 2 (0.00s CPU time), remote cache hits 0 (0.00s CPU time), compiled 0 variants (0.00s CPU time), skipped 0 variants
    Prepared data for serialisation in 0.00s
Compiling shader "Hidden/Universal/CoreBlit" pass "NearestQuadPaddingAlphaBlend" (vp)
    Full variant space:         1
    After settings filtering:   1
    After built-in stripping:   2
    After scriptable stripping: 2
    Processed in 0.00 seconds
    starting compilation...
    finished in 0.00 seconds. Local cache hits 2 (0.00s CPU time), remote cache hits 0 (0.00s CPU time), compiled 0 variants (0.00s CPU time), skipped 0 variants
    Prepared data for serialisation in 0.00s
Compiling shader "Hidden/Universal/CoreBlit" pass "BilinearQuadPaddingAlphaBlend" (vp)
    Full variant space:         1
    After settings filtering:   1
    After built-in stripping:   2
    After scriptable stripping: 2
    Processed in 0.00 seconds
    starting compilation...
    finished in 0.00 seconds. Local cache hits 2 (0.00s CPU time), remote cache hits 0 (0.00s CPU time), compiled 0 variants (0.00s CPU time), skipped 0 variants
    Prepared data for serialisation in 0.00s
Compiling shader "Hidden/Universal/CoreBlit" pass "NearestQuadPaddingAlphaBlendRepeat" (vp)
    Full variant space:         1
    After settings filtering:   1
    After built-in stripping:   2
    After scriptable stripping: 2
    Processed in 0.00 seconds
    starting compilation...
    finished in 0.00 seconds. Local cache hits 2 (0.00s CPU time), remote cache hits 0 (0.00s CPU time), compiled 0 variants (0.00s CPU time), skipped 0 variants
    Prepared data for serialisation in 0.00s
Compiling shader "Hidden/Universal/CoreBlit" pass "BilinearQuadPaddingAlphaBlendRepeat" (vp)
    Full variant space:         1
    After settings filtering:   1
    After built-in stripping:   2
    After scriptable stripping: 2
    Processed in 0.00 seconds
    starting compilation...
    finished in 0.00 seconds. Local cache hits 2 (0.00s CPU time), remote cache hits 0 (0.00s CPU time), compiled 0 variants (0.00s CPU time), skipped 0 variants
    Prepared data for serialisation in 0.00s
Compiling shader "Hidden/Universal/CoreBlit" pass "BilinearQuadPaddingAlphaBlendOctahedral" (vp)
    Full variant space:         1
    After settings filtering:   1
    After built-in stripping:   2
    After scriptable stripping: 2
    Processed in 0.00 seconds
    starting compilation...
    finished in 0.00 seconds. Local cache hits 2 (0.00s CPU time), remote cache hits 0 (0.00s CPU time), compiled 0 variants (0.00s CPU time), skipped 0 variants
    Prepared data for serialisation in 0.00s
Compiling shader "Hidden/Universal/CoreBlit" pass "CubeToOctahedral" (vp)
    Full variant space:         1
    After settings filtering:   1
    After built-in stripping:   2
    After scriptable stripping: 2
    Processed in 0.00 seconds
    starting compilation...
    finished in 0.00 seconds. Local cache hits 2 (0.00s CPU time), remote cache hits 0 (0.00s CPU time), compiled 0 variants (0.00s CPU time), skipped 0 variants
    Prepared data for serialisation in 0.00s
Compiling shader "Hidden/Universal/CoreBlit" pass "CubeToOctahedralLuminance" (vp)
    Full variant space:         1
    After settings filtering:   1
    After built-in stripping:   2
    After scriptable stripping: 2
    Processed in 0.00 seconds
    starting compilation...
    finished in 0.00 seconds. Local cache hits 2 (0.00s CPU time), remote cache hits 0 (0.00s CPU time), compiled 0 variants (0.00s CPU time), skipped 0 variants
    Prepared data for serialisation in 0.00s
Compiling shader "Hidden/Universal/CoreBlit" pass "CubeToOctahedralAlpha" (vp)
    Full variant space:         1
    After settings filtering:   1
    After built-in stripping:   2
    After scriptable stripping: 2
    Processed in 0.00 seconds
    starting compilation...
    finished in 0.00 seconds. Local cache hits 2 (0.00s CPU time), remote cache hits 0 (0.00s CPU time), compiled 0 variants (0.00s CPU time), skipped 0 variants
    Prepared data for serialisation in 0.00s
Compiling shader "Hidden/Universal/CoreBlit" pass "CubeToOctahedralRed" (vp)
    Full variant space:         1
    After settings filtering:   1
    After built-in stripping:   2
    After scriptable stripping: 2
    Processed in 0.00 seconds
    starting compilation...
    finished in 0.00 seconds. Local cache hits 2 (0.00s CPU time), remote cache hits 0 (0.00s CPU time), compiled 0 variants (0.00s CPU time), skipped 0 variants
    Prepared data for serialisation in 0.00s
Compiling shader "Hidden/Universal/CoreBlit" pass "BilinearQuadLuminance" (vp)
    Full variant space:         1
    After settings filtering:   1
    After built-in stripping:   2
    After scriptable stripping: 2
    Processed in 0.00 seconds
    starting compilation...
    finished in 0.00 seconds. Local cache hits 2 (0.00s CPU time), remote cache hits 0 (0.00s CPU time), compiled 0 variants (0.00s CPU time), skipped 0 variants
    Prepared data for serialisation in 0.00s
Compiling shader "Hidden/Universal/CoreBlit" pass "BilinearQuadAlpha" (vp)
    Full variant space:         1
    After settings filtering:   1
    After built-in stripping:   2
    After scriptable stripping: 2
    Processed in 0.00 seconds
    starting compilation...
    finished in 0.00 seconds. Local cache hits 2 (0.00s CPU time), remote cache hits 0 (0.00s CPU time), compiled 0 variants (0.00s CPU time), skipped 0 variants
    Prepared data for serialisation in 0.00s
Compiling shader "Hidden/Universal/CoreBlit" pass "BilinearQuadRed" (vp)
    Full variant space:         1
    After settings filtering:   1
    After built-in stripping:   2
    After scriptable stripping: 2
    Processed in 0.00 seconds
    starting compilation...
    finished in 0.00 seconds. Local cache hits 2 (0.00s CPU time), remote cache hits 0 (0.00s CPU time), compiled 0 variants (0.00s CPU time), skipped 0 variants
    Prepared data for serialisation in 0.00s
Compiling shader "Hidden/Universal/CoreBlit" pass "NearestCubeToOctahedralPadding" (vp)
    Full variant space:         2
    After settings filtering:   2
    After built-in stripping:   4
    After scriptable stripping: 4
    Processed in 0.00 seconds
    starting compilation...
    finished in 0.00 seconds. Local cache hits 4 (0.00s CPU time), remote cache hits 0 (0.00s CPU time), compiled 0 variants (0.00s CPU time), skipped 0 variants
    Prepared data for serialisation in 0.00s
Compiling shader "Hidden/Universal/CoreBlit" pass "BilinearCubeToOctahedralPadding" (vp)
    Full variant space:         2
    After settings filtering:   2
    After built-in stripping:   4
    After scriptable stripping: 4
    Processed in 0.00 seconds
    starting compilation...
    finished in 0.00 seconds. Local cache hits 4 (0.00s CPU time), remote cache hits 0 (0.00s CPU time), compiled 0 variants (0.00s CPU time), skipped 0 variants
    Prepared data for serialisation in 0.00s
Compiling shader "Hidden/Universal/CoreBlit" pass "BilinearDebugDraw" (vp)
    Full variant space:         4
    After settings filtering:   2
    After built-in stripping:   4
    After scriptable stripping: 4
    Processed in 0.00 seconds
    starting compilation...
    finished in 0.00 seconds. Local cache hits 4 (0.00s CPU time), remote cache hits 0 (0.00s CPU time), compiled 0 variants (0.00s CPU time), skipped 0 variants
    Prepared data for serialisation in 0.00s
Compiling shader "Hidden/Universal/CoreBlit" pass "NearestDebugDraw" (vp)
    Full variant space:         4
    After settings filtering:   2
    After built-in stripping:   4
    After scriptable stripping: 4
    Processed in 0.00 seconds
    starting compilation...
    finished in 0.00 seconds. Local cache hits 4 (0.00s CPU time), remote cache hits 0 (0.00s CPU time), compiled 0 variants (0.00s CPU time), skipped 0 variants
    Prepared data for serialisation in 0.00s
Serialized binary data for shader Hidden/Universal/CoreBlit in 0.00s
    gles3 (total internal programs: 58, unique: 30)
Compiling shader "CyberEye/TargetBox" pass "" (vp)
    Full variant space:         1
    After settings filtering:   1
    After built-in stripping:   2
    After scriptable stripping: 2
    Processed in 0.00 seconds
    starting compilation...
    finished in 0.00 seconds. Local cache hits 2 (0.00s CPU time), remote cache hits 0 (0.00s CPU time), compiled 0 variants (0.00s CPU time), skipped 0 variants
    Prepared data for serialisation in 0.00s
Serialized binary data for shader CyberEye/TargetBox in 0.00s
    gles3 (total internal programs: 2, unique: 2)
Compiling shader "Hidden/Universal/BlitHDROverlay" pass "BilinearDebugDraw" (vp)
    Full variant space:         8
    After settings filtering:   1
    After built-in stripping:   2
    After scriptable stripping: 0
    Processed in 0.00 seconds
    Prepared data for serialisation in 0.00s
Compiling shader "Hidden/Universal/BlitHDROverlay" pass "NearestDebugDraw" (vp)
    Full variant space:         8
    After settings filtering:   1
    After built-in stripping:   2
    After scriptable stripping: 0
    Processed in 0.00 seconds
    Prepared data for serialisation in 0.00s
Serialized binary data for shader Hidden/Universal/BlitHDROverlay in 0.00s
    gles3 (total internal programs: 0, unique: 0)
Compiling shader "CyberEye/HudOverlay" pass "" (vp)
    Full variant space:         1
    After settings filtering:   1
    After built-in stripping:   2
    After scriptable stripping: 2
    Processed in 0.00 seconds
    starting compilation...
    finished in 0.01 seconds. Local cache hits 2 (0.01s CPU time), remote cache hits 0 (0.00s CPU time), compiled 0 variants (0.00s CPU time), skipped 0 variants
    Prepared data for serialisation in 0.00s
Serialized binary data for shader CyberEye/HudOverlay in 0.00s
    gles3 (total internal programs: 0, unique: 0)
Shader error in 'CyberEye/HudOverlay': syntax error: unexpected token 'line' at Assets/CyberEye/Rendering/CyberHudOverlay.shader(37) (on gles3)

Compiling Subshader: 0, Pass: , Vertex program with <no keywords>
Platform defines: SHADER_API_GLES30 SHADER_API_MOBILE UNITY_ASTC_NORMALMAP_ENCODING UNITY_ENABLE_REFLECTION_BUFFERS UNITY_FRAMEBUFFER_FETCH_AVAILABLE UNITY_LIGHTMAP_RGBM_ENCODING UNITY_NO_CUBEMAP_ARRAY UNITY_NO_RGBM UNITY_NO_SCREENSPACE_SHADOWS UNITY_PBS_USE_BRDF3 UNITY_PLATFORM_SUPPORTS_DEPTH_FETCH
Disabled keywords: SHADER_API_GLES31 SHADER_API_GLES32 UNITY_COLORSPACE_GAMMA UNITY_ENABLE_DETAIL_NORMALMAP UNITY_HARDWARE_TIER1 UNITY_HARDWARE_TIER2 UNITY_HARDWARE_TIER3 UNITY_LIGHTMAP_DLDR_ENCODING UNITY_LIGHTMAP_FULL_HDR UNITY_LIGHT_PROBE_PROXY_VOLUME UNITY_METAL_SHADOWS_USE_POINT_FILTERING UNITY_NO_DXT5nm UNITY_PBS_USE_BRDF1 UNITY_PBS_USE_BRDF2 UNITY_PRETRANSFORM_TO_DISPLAY_ORIENTATION UNITY_SPECCUBE_BLENDING UNITY_SPECCUBE_BOX_PROJECTION UNITY_UNIFIED_SHADER_PRECISION_MODEL UNITY_USE_DITHER_MASK_FOR_ALPHABLENDED_SHADOWS UNITY_VIRTUAL_TEXTURING
Shader error in 'CyberEye/HudOverlay': syntax error: unexpected token 'line' at Assets/CyberEye/Rendering/CyberHudOverlay.shader(38) (on gles3)

Compiling Subshader: 0, Pass: , Vertex program with <no keywords>
Platform defines: SHADER_API_GLES30 SHADER_API_MOBILE UNITY_ASTC_NORMALMAP_ENCODING UNITY_ENABLE_REFLECTION_BUFFERS UNITY_FRAMEBUFFER_FETCH_AVAILABLE UNITY_LIGHTMAP_RGBM_ENCODING UNITY_NO_CUBEMAP_ARRAY UNITY_NO_RGBM UNITY_NO_SCREENSPACE_SHADOWS UNITY_PBS_USE_BRDF3 UNITY_PLATFORM_SUPPORTS_DEPTH_FETCH
Disabled keywords: SHADER_API_GLES31 SHADER_API_GLES32 UNITY_COLORSPACE_GAMMA UNITY_ENABLE_DETAIL_NORMALMAP UNITY_HARDWARE_TIER1 UNITY_HARDWARE_TIER2 UNITY_HARDWARE_TIER3 UNITY_LIGHTMAP_DLDR_ENCODING UNITY_LIGHTMAP_FULL_HDR UNITY_LIGHT_PROBE_PROXY_VOLUME UNITY_METAL_SHADOWS_USE_POINT_FILTERING UNITY_NO_DXT5nm UNITY_PBS_USE_BRDF1 UNITY_PBS_USE_BRDF2 UNITY_PRETRANSFORM_TO_DISPLAY_ORIENTATION UNITY_SPECCUBE_BLENDING UNITY_SPECCUBE_BOX_PROJECTION UNITY_UNIFIED_SHADER_PRECISION_MODEL UNITY_USE_DITHER_MASK_FOR_ALPHABLENDED_SHADOWS UNITY_VIRTUAL_TEXTURING
Compiling shader "CyberEye/CyberpunkFeed" pass "" (vp)
    Full variant space:         1
    After settings filtering:   1
    After built-in stripping:   2
    After scriptable stripping: 2
    Processed in 0.00 seconds
    starting compilation...
    finished in 0.00 seconds. Local cache hits 2 (0.00s CPU time), remote cache hits 0 (0.00s CPU time), compiled 0 variants (0.00s CPU time), skipped 0 variants
    Prepared data for serialisation in 0.00s
Serialized binary data for shader CyberEye/CyberpunkFeed in 0.00s
    gles3 (total internal programs: 2, unique: 2)
Compiling shader "Hidden/Universal Render Pipeline/CameraMotionVectors" pass "Camera Motion Vectors" (vp)
    Full variant space:         1
    After settings filtering:   1
    After built-in stripping:   2
    After scriptable stripping: 2
    Processed in 0.00 seconds
    starting compilation...
    finished in 0.00 seconds. Local cache hits 2 (0.00s CPU time), remote cache hits 0 (0.00s CPU time), compiled 0 variants (0.00s CPU time), skipped 0 variants
    Prepared data for serialisation in 0.00s
Serialized binary data for shader Hidden/Universal Render Pipeline/CameraMotionVectors in 0.00s
    gles3 (total internal programs: 2, unique: 2)
Compiling shader "Hidden/Universal Render Pipeline/Debug/DebugReplacement" pass "Vertex Attributes" (vp)
    Full variant space:         2
    After settings filtering:   2
    After built-in stripping:   2
    After scriptable stripping: 2
    Processed in 0.00 seconds
    starting compilation...
    finished in 0.00 seconds. Local cache hits 2 (0.00s CPU time), remote cache hits 0 (0.00s CPU time), compiled 0 variants (0.00s CPU time), skipped 0 variants
    Prepared data for serialisation in 0.00s
Serialized binary data for shader Hidden/Universal Render Pipeline/Debug/DebugReplacement in 0.00s
    gles3 (total internal programs: 2, unique: 2)
Compiling shader "Hidden/Universal/CoreBlitColorAndDepth" pass "ColorOnly" (vp)
    Full variant space:         1
    After settings filtering:   1
    After built-in stripping:   2
    After scriptable stripping: 2
    Processed in 0.00 seconds
    starting compilation...
    finished in 0.00 seconds. Local cache hits 2 (0.00s CPU time), remote cache hits 0 (0.00s CPU time), compiled 0 variants (0.00s CPU time), skipped 0 variants
    Prepared data for serialisation in 0.00s
Compiling shader "Hidden/Universal/CoreBlitColorAndDepth" pass "ColorAndDepth" (vp)
    Full variant space:         1
    After settings filtering:   1
    After built-in stripping:   2
    After scriptable stripping: 2
    Processed in 0.00 seconds
    starting compilation...
    finished in 0.00 seconds. Local cache hits 2 (0.00s CPU time), remote cache hits 0 (0.00s CPU time), compiled 0 variants (0.00s CPU time), skipped 0 variants
    Prepared data for serialisation in 0.00s
Serialized binary data for shader Hidden/Universal/CoreBlitColorAndDepth in 0.00s
    gles3 (total internal programs: 4, unique: 4)
Compiling shader "Hidden/Universal Render Pipeline/XR/XRMirrorView" pass "" (vp)
    Full variant space:         4
    After settings filtering:   2
    After built-in stripping:   4
    After scriptable stripping: 4
    Processed in 0.00 seconds
    starting compilation...
    finished in 0.00 seconds. Local cache hits 4 (0.01s CPU time), remote cache hits 0 (0.00s CPU time), compiled 0 variants (0.00s CPU time), skipped 0 variants
    Prepared data for serialisation in 0.00s
Serialized binary data for shader Hidden/Universal Render Pipeline/XR/XRMirrorView in 0.00s
    gles3 (total internal programs: 4, unique: 4)
Compiling shader "Hidden/Universal Render Pipeline/CopyDepth" pass "CopyDepth" (vp)
    Full variant space:         8
    After settings filtering:   8
    After built-in stripping:   16
    After scriptable stripping: 16
    Processed in 0.00 seconds
    starting compilation...
    finished in 0.00 seconds. Local cache hits 16 (0.02s CPU time), remote cache hits 0 (0.00s CPU time), compiled 0 variants (0.00s CPU time), skipped 0 variants
    Prepared data for serialisation in 0.00s
Serialized binary data for shader Hidden/Universal Render Pipeline/CopyDepth in 0.00s
    gles3 (total internal programs: 16, unique: 16)
Compiling shader "Hidden/TerrainEngine/Details/UniversalPipeline/WavingDoublePass" pass "ForwardLit" (vp)
    Full variant space:         4423680
    After settings filtering:   3072
    After built-in stripping:   48
    After scriptable stripping: 16
    Processed in 0.00 seconds
    starting compilation...
    finished in 0.00 seconds. Local cache hits 16 (0.03s CPU time), remote cache hits 0 (0.00s CPU time), compiled 0 variants (0.00s CPU time), skipped 0 variants
    Prepared data for serialisation in 0.00s
    Prepared data for serialisation in 0.00s
Compiling shader "Hidden/TerrainEngine/Details/UniversalPipeline/WavingDoublePass" pass "DepthOnly" (vp)
    Full variant space:         2
    After settings filtering:   2
    After built-in stripping:   2
    After scriptable stripping: 2
    Processed in 0.00 seconds
    starting compilation...
    finished in 0.00 seconds. Local cache hits 2 (0.00s CPU time), remote cache hits 0 (0.00s CPU time), compiled 0 variants (0.00s CPU time), skipped 0 variants
    Prepared data for serialisation in 0.00s
Compiling shader "Hidden/TerrainEngine/Details/UniversalPipeline/WavingDoublePass" pass "DepthNormalsOnly" (vp)
    Full variant space:         8
    After settings filtering:   2
    After built-in stripping:   2
    After scriptable stripping: 2
    Processed in 0.00 seconds
    starting compilation...
    finished in 0.00 seconds. Local cache hits 2 (0.00s CPU time), remote cache hits 0 (0.00s CPU time), compiled 0 variants (0.00s CPU time), skipped 0 variants
    Prepared data for serialisation in 0.00s
Serialized binary data for shader Hidden/TerrainEngine/Details/UniversalPipeline/WavingDoublePass in 0.00s
    gles3 (total internal programs: 20, unique: 20)
Compiling shader "Hidden/Universal Render Pipeline/FallbackError" pass "" (vp)
    Full variant space:         6
    After settings filtering:   6
    After built-in stripping:   2
    After scriptable stripping: 2
    Processed in 0.00 seconds
    starting compilation...
    finished in 0.00 seconds. Local cache hits 2 (0.00s CPU time), remote cache hits 0 (0.00s CPU time), compiled 0 variants (0.00s CPU time), skipped 0 variants
    Prepared data for serialisation in 0.00s
Serialized binary data for shader Hidden/Universal Render Pipeline/FallbackError in 0.00s
    gles3 (total internal programs: 2, unique: 2)
    Prepared data for serialisation in 0.00s
    Prepared data for serialisation in 0.00s
    Prepared data for serialisation in 0.00s
    Prepared data for serialisation in 0.00s
    Prepared data for serialisation in 0.00s
    Prepared data for serialisation in 0.00s
    Prepared data for serialisation in 0.00s
    Prepared data for serialisation in 0.00s
Serialized binary data for shader Hidden/Universal Render Pipeline/StencilDeferred in 0.00s
    gles3 (total internal programs: 0, unique: 0)
Compiling shader "Hidden/Universal Render Pipeline/DBufferClear" pass "DBufferClear" (vp)
    Full variant space:         3
    After settings filtering:   1
    After built-in stripping:   2
    After scriptable stripping: 0
    Processed in 0.00 seconds
    Prepared data for serialisation in 0.00s
Serialized binary data for shader Hidden/Universal Render Pipeline/DBufferClear in 0.00s
    gles3 (total internal programs: 0, unique: 0)
Compiling shader "Hidden/TerrainEngine/Details/UniversalPipeline/Vertexlit" pass "TerrainDetailVertex" (vp)
    Full variant space:         184320
    After settings filtering:   512
    After built-in stripping:   16
    After scriptable stripping: 16
    Processed in 0.00 seconds
    starting compilation...
    finished in 0.00 seconds. Local cache hits 16 (0.03s CPU time), remote cache hits 0 (0.00s CPU time), compiled 0 variants (0.00s CPU time), skipped 0 variants
    Prepared data for serialisation in 0.00s
Compiling shader "Hidden/TerrainEngine/Details/UniversalPipeline/Vertexlit" pass "TerrainDetailVertex - GBuffer" (vp)
    Full variant space:         3840
    After settings filtering:   32
    After built-in stripping:   16
    After scriptable stripping: 8
    Processed in 0.00 seconds
    starting compilation...
    finished in 0.00 seconds. Local cache hits 8 (0.01s CPU time), remote cache hits 0 (0.00s CPU time), compiled 0 variants (0.00s CPU time), skipped 0 variants
    Prepared data for serialisation in 0.00s
Compiling shader "Hidden/TerrainEngine/Details/UniversalPipeline/Vertexlit" pass "DepthOnly" (vp)
    Full variant space:         2
    After settings filtering:   2
    After built-in stripping:   2
    After scriptable stripping: 2
    Processed in 0.00 seconds
    starting compilation...
    finished in 0.00 seconds. Local cache hits 2 (0.00s CPU time), remote cache hits 0 (0.00s CPU time), compiled 0 variants (0.00s CPU time), skipped 0 variants
    Prepared data for serialisation in 0.00s
Compiling shader "Hidden/TerrainEngine/Details/UniversalPipeline/Vertexlit" pass "DepthNormals" (vp)
    Full variant space:         2
    After settings filtering:   2
    After built-in stripping:   2
    After scriptable stripping: 2
    Processed in 0.00 seconds
    starting compilation...
    finished in 0.00 seconds. Local cache hits 2 (0.00s CPU time), remote cache hits 0 (0.00s CPU time), compiled 0 variants (0.00s CPU time), skipped 0 variants
    Prepared data for serialisation in 0.00s
Serialized binary data for shader Hidden/TerrainEngine/Details/UniversalPipeline/Vertexlit in 0.00s
    gles3 (total internal programs: 28, unique: 28)
Compiling shader "Hidden/Universal Render Pipeline/XR/XRMotionVector" pass "XR Camera MotionVectors" (vp)
    Full variant space:         1
    After settings filtering:   1
    After built-in stripping:   2
    After scriptable stripping: 2
    Processed in 0.00 seconds
    starting compilation...
    finished in 0.00 seconds. Local cache hits 2 (0.00s CPU time), remote cache hits 0 (0.00s CPU time), compiled 0 variants (0.00s CPU time), skipped 0 variants
    Prepared data for serialisation in 0.00s
Serialized binary data for shader Hidden/Universal Render Pipeline/XR/XRMotionVector in 0.00s
    gles3 (total internal programs: 2, unique: 2)
Compiling shader "TextMeshPro/Mobile/Distance Field" pass "" (vp)
    Full variant space:         24
    After settings filtering:   24
    After built-in stripping:   48
    After scriptable stripping: 48
    Processed in 0.00 seconds
    starting compilation...
    finished in 0.01 seconds. Local cache hits 48 (0.07s CPU time), remote cache hits 0 (0.00s CPU time), compiled 0 variants (0.00s CPU time), skipped 0 variants
    Prepared data for serialisation in 0.00s
Serialized binary data for shader TextMeshPro/Mobile/Distance Field in 0.00s
    gles3 (total internal programs: 48, unique: 48)
Compiling compute shader "ProbeVolumeSamplingDebugPositionNormal"
    starting stripping...
    finished in 0.00 seconds. 1 of 1 variants left
    1 variants, starting compilation...
    finished in 0.00 seconds. Local cache hits 1, remote cache hits 0, compiled 0 variants
Compiling shader "Skybox/Procedural" pass "" (vp)
    Full variant space:         3
    After settings filtering:   3
    After built-in stripping:   6
    After scriptable stripping: 6
    Processed in 0.00 seconds
    starting compilation...
    finished in 0.00 seconds. Local cache hits 6 (0.01s CPU time), remote cache hits 0 (0.00s CPU time), compiled 0 variants (0.00s CPU time), skipped 0 variants
    Prepared data for serialisation in 0.00s
Serialized binary data for shader Skybox/Procedural in 0.00s
    gles3 (total internal programs: 6, unique: 6)
Compiling shader "Universal Render Pipeline/Lit" pass "ForwardLit" (vp)
    Full variant space:         2264924160
    After settings filtering:   24576
    After built-in stripping:   96
    After scriptable stripping: 32
    Processed in 0.01 seconds
    starting compilation...
    finished in 0.01 seconds. Local cache hits 32 (0.04s CPU time), remote cache hits 0 (0.00s CPU time), compiled 0 variants (0.00s CPU time), skipped 0 variants
    Prepared data for serialisation in 0.00s
Compiling shader "Universal Render Pipeline/Lit" pass "ShadowCaster" (vp)
    Full variant space:         16
    After settings filtering:   16
    After built-in stripping:   8
    After scriptable stripping: 4
    Processed in 0.00 seconds
    starting compilation...
    finished in 0.00 seconds. Local cache hits 4 (0.01s CPU time), remote cache hits 0 (0.00s CPU time), compiled 0 variants (0.00s CPU time), skipped 0 variants
    Prepared data for serialisation in 0.00s
    Prepared data for serialisation in 0.00s
Compiling shader "Universal Render Pipeline/Lit" pass "DepthOnly" (vp)
    Full variant space:         8
    After settings filtering:   8
    After built-in stripping:   4
    After scriptable stripping: 4
    Processed in 0.00 seconds
    starting compilation...
    finished in 0.00 seconds. Local cache hits 4 (0.00s CPU time), remote cache hits 0 (0.00s CPU time), compiled 0 variants (0.00s CPU time), skipped 0 variants
    Prepared data for serialisation in 0.00s
Compiling shader "Universal Render Pipeline/Lit" pass "DepthNormals" (vp)
    Full variant space:         16
    After settings filtering:   8
    After built-in stripping:   4
    After scriptable stripping: 4
    Processed in 0.00 seconds
    starting compilation...
    finished in 0.00 seconds. Local cache hits 4 (0.00s CPU time), remote cache hits 0 (0.00s CPU time), compiled 0 variants (0.00s CPU time), skipped 0 variants
    Prepared data for serialisation in 0.00s
Compiling shader "Universal Render Pipeline/Lit" pass "Universal2D" (vp)
    Full variant space:         2
    After settings filtering:   2
    After built-in stripping:   2
    After scriptable stripping: 0
    Processed in 0.00 seconds
    Prepared data for serialisation in 0.00s
Compiling shader "Universal Render Pipeline/Lit" pass "MotionVectors" (vp)
    Full variant space:         8
    After settings filtering:   8
    After built-in stripping:   4
    After scriptable stripping: 4
    Processed in 0.00 seconds
    starting compilation...
    finished in 0.00 seconds. Local cache hits 4 (0.01s CPU time), remote cache hits 0 (0.00s CPU time), compiled 0 variants (0.00s CPU time), skipped 0 variants
    Prepared data for serialisation in 0.00s
Compiling shader "Universal Render Pipeline/Lit" pass "XRMotionVectors" (vp)
    Full variant space:         8
    After settings filtering:   8
    After built-in stripping:   4
    After scriptable stripping: 4
    Processed in 0.00 seconds
    starting compilation...
    finished in 0.00 seconds. Local cache hits 4 (0.01s CPU time), remote cache hits 0 (0.00s CPU time), compiled 0 variants (0.00s CPU time), skipped 0 variants
    Prepared data for serialisation in 0.00s
Serialized binary data for shader Universal Render Pipeline/Lit in 0.00s
    gles3 (total internal programs: 52, unique: 52)
Compiling shader "Legacy Shaders/VertexLit" pass "" (vp)
    Full variant space:         12
    After settings filtering:   12
    After built-in stripping:   6
    After scriptable stripping: 6
    Processed in 0.00 seconds
    starting compilation...
    finished in 0.00 seconds. Local cache hits 6 (0.01s CPU time), remote cache hits 0 (0.00s CPU time), compiled 0 variants (0.00s CPU time), skipped 0 variants
    Prepared data for serialisation in 0.00s
Compiling shader "Legacy Shaders/VertexLit" pass "" (vp)
    Full variant space:         4
    After settings filtering:   4
    After built-in stripping:   2
    After scriptable stripping: 2
    Processed in 0.00 seconds
    starting compilation...
    finished in 0.00 seconds. Local cache hits 2 (0.00s CPU time), remote cache hits 0 (0.00s CPU time), compiled 0 variants (0.00s CPU time), skipped 0 variants
    Prepared data for serialisation in 0.00s
Compiling shader "Legacy Shaders/VertexLit" pass "ShadowCaster" (vp)
    Full variant space:         4
    After settings filtering:   4
    After built-in stripping:   4
    After scriptable stripping: 4
    Processed in 0.00 seconds
    starting compilation...
    finished in 0.00 seconds. Local cache hits 4 (0.00s CPU time), remote cache hits 0 (0.00s CPU time), compiled 0 variants (0.00s CPU time), skipped 0 variants
    Prepared data for serialisation in 0.00s
Serialized binary data for shader Legacy Shaders/VertexLit in 0.00s
    gles3 (total internal programs: 12, unique: 12)
Compiling shader "Legacy Shaders/Diffuse" pass "FORWARD" (vp)
    Full variant space:         664
    After settings filtering:   664
    After built-in stripping:   16
    After scriptable stripping: 16
    Processed in 0.00 seconds
    starting compilation...
    finished in 0.00 seconds. Local cache hits 16 (0.02s CPU time), remote cache hits 0 (0.00s CPU time), compiled 0 variants (0.00s CPU time), skipped 0 variants
    Prepared data for serialisation in 0.00s
Compiling shader "Legacy Shaders/Diffuse" pass "FORWARD" (vp)
    Full variant space:         20
    After settings filtering:   20
    After built-in stripping:   10
    After scriptable stripping: 10
    Processed in 0.00 seconds
    starting compilation...
    finished in 0.00 seconds. Local cache hits 10 (0.01s CPU time), remote cache hits 0 (0.00s CPU time), compiled 0 variants (0.00s CPU time), skipped 0 variants
    Prepared data for serialisation in 0.00s
Compiling shader "Legacy Shaders/Diffuse" pass "DEFERRED" (vp)
    Full variant space:         76
    After settings filtering:   76
    After built-in stripping:   8
    After scriptable stripping: 8
    Processed in 0.00 seconds
    starting compilation...
    finished in 0.00 seconds. Local cache hits 8 (0.01s CPU time), remote cache hits 0 (0.00s CPU time), compiled 0 variants (0.00s CPU time), skipped 0 variants
    Prepared data for serialisation in 0.00s
Serialized binary data for shader Legacy Shaders/Diffuse in 0.00s
    gles3 (total internal programs: 34, unique: 34)
Compiling shader "Hidden/Internal-StencilWrite" pass "" (vp)
    Full variant space:         1
    After settings filtering:   1
    After built-in stripping:   2
    After scriptable stripping: 2
    Processed in 0.00 seconds
    starting compilation...
    finished in 0.00 seconds. Local cache hits 2 (0.00s CPU time), remote cache hits 0 (0.00s CPU time), compiled 0 variants (0.00s CPU time), skipped 0 variants
    Prepared data for serialisation in 0.00s
Serialized binary data for shader Hidden/Internal-StencilWrite in 0.00s
    gles3 (total internal programs: 2, unique: 2)
Compiling shader "Hidden/Internal-DepthNormalsTexture" pass "" (vp)
    Full variant space:         1
    After settings filtering:   1
    After built-in stripping:   2
    After scriptable stripping: 2
    Processed in 0.00 seconds
    starting compilation...
    finished in 0.00 seconds. Local cache hits 2 (0.00s CPU time), remote cache hits 0 (0.00s CPU time), compiled 0 variants (0.00s CPU time), skipped 0 variants
    Prepared data for serialisation in 0.00s
Compiling shader "Hidden/Internal-DepthNormalsTexture" pass "" (vp)
    Full variant space:         1
    After settings filtering:   1
    After built-in stripping:   2
    After scriptable stripping: 2
    Processed in 0.00 seconds
    starting compilation...
    finished in 0.00 seconds. Local cache hits 2 (0.00s CPU time), remote cache hits 0 (0.00s CPU time), compiled 0 variants (0.00s CPU time), skipped 0 variants
    Prepared data for serialisation in 0.00s
Compiling shader "Hidden/Internal-DepthNormalsTexture" pass "" (vp)
    Full variant space:         1
    After settings filtering:   1
    After built-in stripping:   2
    After scriptable stripping: 2
    Processed in 0.00 seconds
    starting compilation...
    finished in 0.00 seconds. Local cache hits 2 (0.00s CPU time), remote cache hits 0 (0.00s CPU time), compiled 0 variants (0.00s CPU time), skipped 0 variants
    Prepared data for serialisation in 0.00s
Compiling shader "Hidden/Internal-DepthNormalsTexture" pass "" (vp)
    Full variant space:         1
    After settings filtering:   1
    After built-in stripping:   2
    After scriptable stripping: 2
    Processed in 0.00 seconds
    starting compilation...
    finished in 0.00 seconds. Local cache hits 2 (0.00s CPU time), remote cache hits 0 (0.00s CPU time), compiled 0 variants (0.00s CPU time), skipped 0 variants
    Prepared data for serialisation in 0.00s
Compiling shader "Hidden/Internal-DepthNormalsTexture" pass "" (vp)
    Full variant space:         1
    After settings filtering:   1
    After built-in stripping:   2
    After scriptable stripping: 2
    Processed in 0.00 seconds
    starting compilation...
    finished in 0.00 seconds. Local cache hits 2 (0.00s CPU time), remote cache hits 0 (0.00s CPU time), compiled 0 variants (0.00s CPU time), skipped 0 variants
    Prepared data for serialisation in 0.00s
Compiling shader "Hidden/Internal-DepthNormalsTexture" pass "" (vp)
    Full variant space:         1
    After settings filtering:   1
    After built-in stripping:   2
    After scriptable stripping: 2
    Processed in 0.00 seconds
    starting compilation...
    finished in 0.00 seconds. Local cache hits 2 (0.00s CPU time), remote cache hits 0 (0.00s CPU time), compiled 0 variants (0.00s CPU time), skipped 0 variants
    Prepared data for serialisation in 0.00s
Compiling shader "Hidden/Internal-DepthNormalsTexture" pass "" (vp)
    Full variant space:         1
    After settings filtering:   1
    After built-in stripping:   2
    After scriptable stripping: 2
    Processed in 0.00 seconds
    starting compilation...
    finished in 0.00 seconds. Local cache hits 2 (0.00s CPU time), remote cache hits 0 (0.00s CPU time), compiled 0 variants (0.00s CPU time), skipped 0 variants
    Prepared data for serialisation in 0.00s
Compiling shader "Hidden/Internal-DepthNormalsTexture" pass "" (vp)
    Full variant space:         1
    After settings filtering:   1
    After built-in stripping:   2
    After scriptable stripping: 2
    Processed in 0.00 seconds
    starting compilation...
    finished in 0.00 seconds. Local cache hits 2 (0.00s CPU time), remote cache hits 0 (0.00s CPU time), compiled 0 variants (0.00s CPU time), skipped 0 variants
    Prepared data for serialisation in 0.00s
Compiling shader "Hidden/Internal-DepthNormalsTexture" pass "" (vp)
    Full variant space:         1
    After settings filtering:   1
    After built-in stripping:   2
    After scriptable stripping: 2
    Processed in 0.00 seconds
    starting compilation...
    finished in 0.00 seconds. Local cache hits 2 (0.00s CPU time), remote cache hits 0 (0.00s CPU time), compiled 0 variants (0.00s CPU time), skipped 0 variants
    Prepared data for serialisation in 0.00s
Compiling shader "Hidden/Internal-DepthNormalsTexture" pass "" (vp)
    Full variant space:         1
    After settings filtering:   1
    After built-in stripping:   2
    After scriptable stripping: 2
    Processed in 0.00 seconds
    starting compilation...
    finished in 0.00 seconds. Local cache hits 2 (0.00s CPU time), remote cache hits 0 (0.00s CPU time), compiled 0 variants (0.00s CPU time), skipped 0 variants
    Prepared data for serialisation in 0.00s
Serialized binary data for shader Hidden/Internal-DepthNormalsTexture in 0.00s
    gles3 (total internal programs: 20, unique: 20)
Compiling shader "Hidden/Internal-ScreenSpaceShadows" pass "" (vp)
    Full variant space:         4
    After settings filtering:   4
    After built-in stripping:   8
    After scriptable stripping: 8
    Processed in 0.00 seconds
    starting compilation...
    finished in 0.00 seconds. Local cache hits 8 (0.01s CPU time), remote cache hits 0 (0.00s CPU time), compiled 0 variants (0.00s CPU time), skipped 0 variants
    Prepared data for serialisation in 0.00s
Compiling shader "Hidden/Internal-ScreenSpaceShadows" pass "" (vp)
    Full variant space:         4
    After settings filtering:   4
    After built-in stripping:   8
    After scriptable stripping: 8
    Processed in 0.00 seconds
    starting compilation...
    finished in 0.00 seconds. Local cache hits 8 (0.01s CPU time), remote cache hits 0 (0.00s CPU time), compiled 0 variants (0.00s CPU time), skipped 0 variants
    Prepared data for serialisation in 0.00s
Compiling shader "Hidden/Internal-ScreenSpaceShadows" pass "" (vp)
    Full variant space:         4
    After settings filtering:   4
    After built-in stripping:   8
    After scriptable stripping: 8
    Processed in 0.00 seconds
    starting compilation...
    finished in 0.00 seconds. Local cache hits 8 (0.01s CPU time), remote cache hits 0 (0.00s CPU time), compiled 0 variants (0.00s CPU time), skipped 0 variants
    Prepared data for serialisation in 0.00s
Compiling shader "Hidden/Internal-ScreenSpaceShadows" pass "" (vp)
    Full variant space:         4
    After settings filtering:   4
    After built-in stripping:   8
    After scriptable stripping: 8
    Processed in 0.00 seconds
    starting compilation...
    finished in 0.00 seconds. Local cache hits 8 (0.01s CPU time), remote cache hits 0 (0.00s CPU time), compiled 0 variants (0.00s CPU time), skipped 0 variants
    Prepared data for serialisation in 0.00s
Serialized binary data for shader Hidden/Internal-ScreenSpaceShadows in 0.00s
    gles3 (total internal programs: 32, unique: 32)
Compiling shader "Hidden/Internal-CombineDepthNormals" pass "" (vp)
    Full variant space:         1
    After settings filtering:   1
    After built-in stripping:   2
    After scriptable stripping: 2
    Processed in 0.00 seconds
    starting compilation...
    finished in 0.00 seconds. Local cache hits 2 (0.00s CPU time), remote cache hits 0 (0.00s CPU time), compiled 0 variants (0.00s CPU time), skipped 0 variants
    Prepared data for serialisation in 0.00s
Serialized binary data for shader Hidden/Internal-CombineDepthNormals in 0.00s
    gles3 (total internal programs: 2, unique: 2)
Compiling shader "Hidden/BlitCopy" pass "" (vp)
    Full variant space:         1
    After settings filtering:   1
    After built-in stripping:   2
    After scriptable stripping: 2
    Processed in 0.00 seconds
    starting compilation...
    finished in 0.00 seconds. Local cache hits 2 (0.00s CPU time), remote cache hits 0 (0.00s CPU time), compiled 0 variants (0.00s CPU time), skipped 0 variants
    Prepared data for serialisation in 0.00s
Serialized binary data for shader Hidden/BlitCopy in 0.00s
    gles3 (total internal programs: 2, unique: 2)
Compiling shader "Hidden/BlitCopyDepth" pass "" (vp)
    Full variant space:         1
    After settings filtering:   1
    After built-in stripping:   2
    After scriptable stripping: 2
    Processed in 0.00 seconds
    starting compilation...
    finished in 0.00 seconds. Local cache hits 2 (0.00s CPU time), remote cache hits 0 (0.00s CPU time), compiled 0 variants (0.00s CPU time), skipped 0 variants
    Prepared data for serialisation in 0.00s
Serialized binary data for shader Hidden/BlitCopyDepth in 0.00s
    gles3 (total internal programs: 2, unique: 2)
Compiling shader "Hidden/ConvertTexture" pass "" (vp)
    Full variant space:         1
    After settings filtering:   1
    After built-in stripping:   2
    After scriptable stripping: 2
    Processed in 0.00 seconds
    starting compilation...
    finished in 0.00 seconds. Local cache hits 2 (0.00s CPU time), remote cache hits 0 (0.00s CPU time), compiled 0 variants (0.00s CPU time), skipped 0 variants
    Prepared data for serialisation in 0.00s
Serialized binary data for shader Hidden/ConvertTexture in 0.00s
    gles3 (total internal programs: 2, unique: 2)
Compiling shader "Hidden/Internal-DeferredShading" pass "" (vp)
    Full variant space:         94
    After settings filtering:   94
    After built-in stripping:   52
    After scriptable stripping: 52
    Processed in 0.00 seconds
    starting compilation...
    finished in 0.01 seconds. Local cache hits 52 (0.07s CPU time), remote cache hits 0 (0.00s CPU time), compiled 0 variants (0.00s CPU time), skipped 0 variants
    Prepared data for serialisation in 0.00s
Compiling shader "Hidden/Internal-DeferredShading" pass "" (vp)
    Full variant space:         1
    After settings filtering:   1
    After built-in stripping:   2
    After scriptable stripping: 2
    Processed in 0.00 seconds
    starting compilation...
    finished in 0.00 seconds. Local cache hits 2 (0.00s CPU time), remote cache hits 0 (0.00s CPU time), compiled 0 variants (0.00s CPU time), skipped 0 variants
    Prepared data for serialisation in 0.00s
Serialized binary data for shader Hidden/Internal-DeferredShading in 0.00s
    gles3 (total internal programs: 54, unique: 54)
Compiling shader "Hidden/Internal-DeferredReflections" pass "" (vp)
    Full variant space:         1
    After settings filtering:   1
    After built-in stripping:   2
    After scriptable stripping: 2
    Processed in 0.00 seconds
    starting compilation...
    finished in 0.00 seconds. Local cache hits 2 (0.00s CPU time), remote cache hits 0 (0.00s CPU time), compiled 0 variants (0.00s CPU time), skipped 0 variants
    Prepared data for serialisation in 0.00s
Compiling shader "Hidden/Internal-DeferredReflections" pass "" (vp)
    Full variant space:         2
    After settings filtering:   2
    After built-in stripping:   4
    After scriptable stripping: 4
    Processed in 0.00 seconds
    starting compilation...
    finished in 0.00 seconds. Local cache hits 4 (0.00s CPU time), remote cache hits 0 (0.00s CPU time), compiled 0 variants (0.00s CPU time), skipped 0 variants
    Prepared data for serialisation in 0.00s
Serialized binary data for shader Hidden/Internal-DeferredReflections in 0.00s
    gles3 (total internal programs: 6, unique: 6)
Compiling shader "Hidden/Internal-MotionVectors" pass "" (vp)
    Full variant space:         1
    After settings filtering:   1
    After built-in stripping:   2
    After scriptable stripping: 2
    Processed in 0.00 seconds
    starting compilation...
    finished in 0.00 seconds. Local cache hits 2 (0.00s CPU time), remote cache hits 0 (0.00s CPU time), compiled 0 variants (0.00s CPU time), skipped 0 variants
    Prepared data for serialisation in 0.00s
Compiling shader "Hidden/Internal-MotionVectors" pass "" (vp)
    Full variant space:         1
    After settings filtering:   1
    After built-in stripping:   2
    After scriptable stripping: 2
    Processed in 0.00 seconds
    starting compilation...
    finished in 0.00 seconds. Local cache hits 2 (0.00s CPU time), remote cache hits 0 (0.00s CPU time), compiled 0 variants (0.00s CPU time), skipped 0 variants
    Prepared data for serialisation in 0.00s
Compiling shader "Hidden/Internal-MotionVectors" pass "" (vp)
    Full variant space:         1
    After settings filtering:   1
    After built-in stripping:   2
    After scriptable stripping: 2
    Processed in 0.00 seconds
    starting compilation...
    finished in 0.00 seconds. Local cache hits 2 (0.00s CPU time), remote cache hits 0 (0.00s CPU time), compiled 0 variants (0.00s CPU time), skipped 0 variants
    Prepared data for serialisation in 0.00s
Serialized binary data for shader Hidden/Internal-MotionVectors in 0.00s
    gles3 (total internal programs: 6, unique: 6)
Compiling shader "Hidden/Internal-Flare" pass "" (vp)
    Full variant space:         1
    After settings filtering:   1
    After built-in stripping:   2
    After scriptable stripping: 2
    Processed in 0.00 seconds
    starting compilation...
    finished in 0.00 seconds. Local cache hits 2 (0.00s CPU time), remote cache hits 0 (0.00s CPU time), compiled 0 variants (0.00s CPU time), skipped 0 variants
    Prepared data for serialisation in 0.00s
Serialized binary data for shader Hidden/Internal-Flare in 0.00s
    gles3 (total internal programs: 2, unique: 2)
Compiling shader "Hidden/Internal-Halo" pass "" (vp)
    Full variant space:         4
    After settings filtering:   4
    After built-in stripping:   2
    After scriptable stripping: 2
    Processed in 0.00 seconds
    starting compilation...
    finished in 0.00 seconds. Local cache hits 2 (0.00s CPU time), remote cache hits 0 (0.00s CPU time), compiled 0 variants (0.00s CPU time), skipped 0 variants
    Prepared data for serialisation in 0.00s
Serialized binary data for shader Hidden/Internal-Halo in 0.00s
    gles3 (total internal programs: 2, unique: 2)
Compiling shader "Hidden/BlitCopyWithDepth" pass "" (vp)
    Full variant space:         1
    After settings filtering:   1
    After built-in stripping:   2
    After scriptable stripping: 2
    Processed in 0.00 seconds
    starting compilation...
    finished in 0.00 seconds. Local cache hits 2 (0.00s CPU time), remote cache hits 0 (0.00s CPU time), compiled 0 variants (0.00s CPU time), skipped 0 variants
    Prepared data for serialisation in 0.00s
Serialized binary data for shader Hidden/BlitCopyWithDepth in 0.00s
    gles3 (total internal programs: 2, unique: 2)
Compiling shader "Hidden/BlitToDepth" pass "" (vp)
    Full variant space:         1
    After settings filtering:   1
    After built-in stripping:   2
    After scriptable stripping: 2
    Processed in 0.00 seconds
    starting compilation...
    finished in 0.00 seconds. Local cache hits 2 (0.00s CPU time), remote cache hits 0 (0.00s CPU time), compiled 0 variants (0.00s CPU time), skipped 0 variants
    Prepared data for serialisation in 0.00s
Serialized binary data for shader Hidden/BlitToDepth in 0.00s
    gles3 (total internal programs: 2, unique: 2)
Compiling shader "Hidden/BlitToDepth_MSAA" pass "" (vp)
    Full variant space:         1
    After settings filtering:   1
    After built-in stripping:   2
    After scriptable stripping: 2
    Processed in 0.00 seconds
    starting compilation...
    finished in 0.00 seconds. Local cache hits 2 (0.00s CPU time), remote cache hits 0 (0.00s CPU time), compiled 0 variants (0.00s CPU time), skipped 0 variants
    Prepared data for serialisation in 0.00s
Serialized binary data for shader Hidden/BlitToDepth_MSAA in 0.00s
    gles3 (total internal programs: 2, unique: 2)
Compiling shader "Hidden/BlitCopyHDRTonemap" pass "" (vp)
    Full variant space:         1
    After settings filtering:   1
    After built-in stripping:   2
    After scriptable stripping: 2
    Processed in 0.00 seconds
    starting compilation...
    finished in 0.00 seconds. Local cache hits 2 (0.00s CPU time), remote cache hits 0 (0.00s CPU time), compiled 0 variants (0.00s CPU time), skipped 0 variants
    Prepared data for serialisation in 0.00s
Serialized binary data for shader Hidden/BlitCopyHDRTonemap in 0.00s
    gles3 (total internal programs: 2, unique: 2)
Compiling shader "Hidden/Internal-DebugPattern" pass "Target Color and DepthStencil" (vp)
    Full variant space:         1
    After settings filtering:   1
    After built-in stripping:   2
    After scriptable stripping: 2
    Processed in 0.00 seconds
    starting compilation...
    finished in 0.00 seconds. Local cache hits 2 (0.00s CPU time), remote cache hits 0 (0.00s CPU time), compiled 0 variants (0.00s CPU time), skipped 0 variants
    Prepared data for serialisation in 0.00s
Compiling shader "Hidden/Internal-DebugPattern" pass "Target only Color" (vp)
    Full variant space:         1
    After settings filtering:   1
    After built-in stripping:   2
    After scriptable stripping: 2
    Processed in 0.00 seconds
    starting compilation...
    finished in 0.00 seconds. Local cache hits 2 (0.00s CPU time), remote cache hits 0 (0.00s CPU time), compiled 0 variants (0.00s CPU time), skipped 0 variants
    Prepared data for serialisation in 0.00s
Compiling shader "Hidden/Internal-DebugPattern" pass "Target only DepthStencil" (vp)
    Full variant space:         1
    After settings filtering:   1
    After built-in stripping:   2
    After scriptable stripping: 2
    Processed in 0.00 seconds
    starting compilation...
    finished in 0.00 seconds. Local cache hits 2 (0.00s CPU time), remote cache hits 0 (0.00s CPU time), compiled 0 variants (0.00s CPU time), skipped 0 variants
    Prepared data for serialisation in 0.00s
Serialized binary data for shader Hidden/Internal-DebugPattern in 0.00s
    gles3 (total internal programs: 6, unique: 6)
Compiling shader "Hidden/Internal-GUITextureClip" pass "" (vp)
    Full variant space:         1
    After settings filtering:   1
    After built-in stripping:   2
    After scriptable stripping: 2
    Processed in 0.00 seconds
    starting compilation...
    finished in 0.00 seconds. Local cache hits 2 (0.00s CPU time), remote cache hits 0 (0.00s CPU time), compiled 0 variants (0.00s CPU time), skipped 0 variants
    Prepared data for serialisation in 0.00s
Compiling shader "Hidden/Internal-GUITextureClip" pass "" (vp)
    Full variant space:         1
    After settings filtering:   1
    After built-in stripping:   2
    After scriptable stripping: 2
    Processed in 0.00 seconds
    starting compilation...
    finished in 0.00 seconds. Local cache hits 2 (0.00s CPU time), remote cache hits 0 (0.00s CPU time), compiled 0 variants (0.00s CPU time), skipped 0 variants
    Prepared data for serialisation in 0.00s
Serialized binary data for shader Hidden/Internal-GUITextureClip in 0.00s
    gles3 (total internal programs: 4, unique: 2)
Compiling shader "Hidden/Internal-GUITextureClipText" pass "" (vp)
    Full variant space:         1
    After settings filtering:   1
    After built-in stripping:   2
    After scriptable stripping: 2
    Processed in 0.00 seconds
    starting compilation...
    finished in 0.00 seconds. Local cache hits 2 (0.00s CPU time), remote cache hits 0 (0.00s CPU time), compiled 0 variants (0.00s CPU time), skipped 0 variants
    Prepared data for serialisation in 0.00s
Compiling shader "Hidden/Internal-GUITextureClipText" pass "" (vp)
    Full variant space:         1
    After settings filtering:   1
    After built-in stripping:   2
    After scriptable stripping: 2
    Processed in 0.00 seconds
    starting compilation...
    finished in 0.00 seconds. Local cache hits 2 (0.00s CPU time), remote cache hits 0 (0.00s CPU time), compiled 0 variants (0.00s CPU time), skipped 0 variants
    Prepared data for serialisation in 0.00s
Serialized binary data for shader Hidden/Internal-GUITextureClipText in 0.00s
    gles3 (total internal programs: 4, unique: 2)
Compiling shader "Hidden/Internal-GUITexture" pass "" (vp)
    Full variant space:         1
    After settings filtering:   1
    After built-in stripping:   2
    After scriptable stripping: 2
    Processed in 0.00 seconds
    starting compilation...
    finished in 0.00 seconds. Local cache hits 2 (0.00s CPU time), remote cache hits 0 (0.00s CPU time), compiled 0 variants (0.00s CPU time), skipped 0 variants
    Prepared data for serialisation in 0.00s
Compiling shader "Hidden/Internal-GUITexture" pass "" (vp)
    Full variant space:         1
    After settings filtering:   1
    After built-in stripping:   2
    After scriptable stripping: 2
    Processed in 0.00 seconds
    starting compilation...
    finished in 0.00 seconds. Local cache hits 2 (0.00s CPU time), remote cache hits 0 (0.00s CPU time), compiled 0 variants (0.00s CPU time), skipped 0 variants
    Prepared data for serialisation in 0.00s
Serialized binary data for shader Hidden/Internal-GUITexture in 0.00s
    gles3 (total internal programs: 4, unique: 2)
Compiling shader "Hidden/Internal-GUITextureBlit" pass "" (vp)
    Full variant space:         1
    After settings filtering:   1
    After built-in stripping:   2
    After scriptable stripping: 2
    Processed in 0.00 seconds
    starting compilation...
    finished in 0.00 seconds. Local cache hits 2 (0.00s CPU time), remote cache hits 0 (0.00s CPU time), compiled 0 variants (0.00s CPU time), skipped 0 variants
    Prepared data for serialisation in 0.00s
Compiling shader "Hidden/Internal-GUITextureBlit" pass "" (vp)
    Full variant space:         1
    After settings filtering:   1
    After built-in stripping:   2
    After scriptable stripping: 2
    Processed in 0.00 seconds
    starting compilation...
    finished in 0.00 seconds. Local cache hits 2 (0.00s CPU time), remote cache hits 0 (0.00s CPU time), compiled 0 variants (0.00s CPU time), skipped 0 variants
    Prepared data for serialisation in 0.00s
Serialized binary data for shader Hidden/Internal-GUITextureBlit in 0.00s
    gles3 (total internal programs: 4, unique: 2)
Compiling shader "Hidden/Internal-GUIRoundedRect" pass "" (vp)
    Full variant space:         1
    After settings filtering:   1
    After built-in stripping:   2
    After scriptable stripping: 2
    Processed in 0.00 seconds
    starting compilation...
    finished in 0.00 seconds. Local cache hits 2 (0.00s CPU time), remote cache hits 0 (0.00s CPU time), compiled 0 variants (0.00s CPU time), skipped 0 variants
    Prepared data for serialisation in 0.00s
Compiling shader "Hidden/Internal-GUIRoundedRect" pass "" (vp)
    Full variant space:         1
    After settings filtering:   1
    After built-in stripping:   2
    After scriptable stripping: 2
    Processed in 0.00 seconds
    starting compilation...
    finished in 0.00 seconds. Local cache hits 2 (0.00s CPU time), remote cache hits 0 (0.00s CPU time), compiled 0 variants (0.00s CPU time), skipped 0 variants
    Prepared data for serialisation in 0.00s
Serialized binary data for shader Hidden/Internal-GUIRoundedRect in 0.00s
    gles3 (total internal programs: 4, unique: 2)
Compiling shader "Hidden/Internal-GUIRoundedRectWithColorPerBorder" pass "" (vp)
    Full variant space:         1
    After settings filtering:   1
    After built-in stripping:   2
    After scriptable stripping: 2
    Processed in 0.00 seconds
    starting compilation...
    finished in 0.00 seconds. Local cache hits 2 (0.00s CPU time), remote cache hits 0 (0.00s CPU time), compiled 0 variants (0.00s CPU time), skipped 0 variants
    Prepared data for serialisation in 0.00s
Compiling shader "Hidden/Internal-GUIRoundedRectWithColorPerBorder" pass "" (vp)
    Full variant space:         1
    After settings filtering:   1
    After built-in stripping:   2
    After scriptable stripping: 2
    Processed in 0.00 seconds
    starting compilation...
    finished in 0.00 seconds. Local cache hits 2 (0.00s CPU time), remote cache hits 0 (0.00s CPU time), compiled 0 variants (0.00s CPU time), skipped 0 variants
    Prepared data for serialisation in 0.00s
Serialized binary data for shader Hidden/Internal-GUIRoundedRectWithColorPerBorder in 0.00s
    gles3 (total internal programs: 4, unique: 2)
Compiling shader "Hidden/Internal-UIRDefault" pass "" (vp)
    Full variant space:         2
    After settings filtering:   2
    After built-in stripping:   4
    After scriptable stripping: 4
    Processed in 0.00 seconds
    starting compilation...
    finished in 0.00 seconds. Local cache hits 4 (0.01s CPU time), remote cache hits 0 (0.00s CPU time), compiled 0 variants (0.00s CPU time), skipped 0 variants
    Prepared data for serialisation in 0.00s
Serialized binary data for shader Hidden/Internal-UIRDefault in 0.00s
    gles3 (total internal programs: 4, unique: 4)
Compiling shader "Hidden/Internal-UIRAtlasBlitCopy" pass "" (vp)
    Full variant space:         1
    After settings filtering:   1
    After built-in stripping:   2
    After scriptable stripping: 2
    Processed in 0.00 seconds
    starting compilation...
    finished in 0.00 seconds. Local cache hits 2 (0.00s CPU time), remote cache hits 0 (0.00s CPU time), compiled 0 variants (0.00s CPU time), skipped 0 variants
    Prepared data for serialisation in 0.00s
Serialized binary data for shader Hidden/Internal-UIRAtlasBlitCopy in 0.00s
    gles3 (total internal programs: 2, unique: 2)
Compiling shader "Hidden/Internal-UIRDefaultWorld" pass "" (vp)
    Full variant space:         1
    After settings filtering:   1
    After built-in stripping:   2
    After scriptable stripping: 2
    Processed in 0.00 seconds
    starting compilation...
    finished in 0.00 seconds. Local cache hits 2 (0.00s CPU time), remote cache hits 0 (0.00s CPU time), compiled 0 variants (0.00s CPU time), skipped 0 variants
    Prepared data for serialisation in 0.00s
Serialized binary data for shader Hidden/Internal-UIRDefaultWorld in 0.00s
    gles3 (total internal programs: 2, unique: 2)
Compiling shader "Sprites/Default" pass "" (vp)
    Full variant space:         8
    After settings filtering:   8
    After built-in stripping:   8
    After scriptable stripping: 8
    Processed in 0.00 seconds
    starting compilation...
    finished in 0.00 seconds. Local cache hits 8 (0.01s CPU time), remote cache hits 0 (0.00s CPU time), compiled 0 variants (0.00s CPU time), skipped 0 variants
    Prepared data for serialisation in 0.00s
Serialized binary data for shader Sprites/Default in 0.00s
    gles3 (total internal programs: 8, unique: 8)
Compiling shader "Sprites/Mask" pass "" (vp)
    Full variant space:         4
    After settings filtering:   4
    After built-in stripping:   8
    After scriptable stripping: 8
    Processed in 0.00 seconds
    starting compilation...
    finished in 0.00 seconds. Local cache hits 8 (0.01s CPU time), remote cache hits 0 (0.00s CPU time), compiled 0 variants (0.00s CPU time), skipped 0 variants
    Prepared data for serialisation in 0.00s
Serialized binary data for shader Sprites/Mask in 0.00s
    gles3 (total internal programs: 8, unique: 8)
Compiling shader "UI/Default" pass "Default" (vp)
    Full variant space:         4
    After settings filtering:   4
    After built-in stripping:   8
    After scriptable stripping: 8
    Processed in 0.00 seconds
    starting compilation...
    finished in 0.00 seconds. Local cache hits 8 (0.01s CPU time), remote cache hits 0 (0.00s CPU time), compiled 0 variants (0.00s CPU time), skipped 0 variants
    Prepared data for serialisation in 0.00s
Serialized binary data for shader UI/Default in 0.00s
    gles3 (total internal programs: 8, unique: 8)
Compiling shader "UI/DefaultETC1" pass "Default" (vp)
    Full variant space:         4
    After settings filtering:   4
    After built-in stripping:   8
    After scriptable stripping: 8
    Processed in 0.00 seconds
    starting compilation...
    finished in 0.00 seconds. Local cache hits 8 (0.01s CPU time), remote cache hits 0 (0.00s CPU time), compiled 0 variants (0.00s CPU time), skipped 0 variants
    Prepared data for serialisation in 0.00s
Serialized binary data for shader UI/DefaultETC1 in 0.00s
    gles3 (total internal programs: 8, unique: 8)
Compiling shader "Hidden/CubeBlur" pass "" (vp)
    Full variant space:         1
    After settings filtering:   1
    After built-in stripping:   2
    After scriptable stripping: 2
    Processed in 0.00 seconds
    starting compilation...
    finished in 0.00 seconds. Local cache hits 2 (0.00s CPU time), remote cache hits 0 (0.00s CPU time), compiled 0 variants (0.00s CPU time), skipped 0 variants
    Prepared data for serialisation in 0.00s
Compiling shader "Hidden/CubeBlur" pass "" (vp)
    Full variant space:         1
    After settings filtering:   1
    After built-in stripping:   2
    After scriptable stripping: 2
    Processed in 0.00 seconds
    starting compilation...
    finished in 0.00 seconds. Local cache hits 2 (0.00s CPU time), remote cache hits 0 (0.00s CPU time), compiled 0 variants (0.00s CPU time), skipped 0 variants
    Prepared data for serialisation in 0.00s
Serialized binary data for shader Hidden/CubeBlur in 0.00s
    gles3 (total internal programs: 4, unique: 3)
Compiling shader "Hidden/CubeCopy" pass "" (vp)
    Full variant space:         1
    After settings filtering:   1
    After built-in stripping:   2
    After scriptable stripping: 2
    Processed in 0.00 seconds
    starting compilation...
    finished in 0.00 seconds. Local cache hits 2 (0.00s CPU time), remote cache hits 0 (0.00s CPU time), compiled 0 variants (0.00s CPU time), skipped 0 variants
    Prepared data for serialisation in 0.00s
Compiling shader "Hidden/CubeCopy" pass "" (vp)
    Full variant space:         1
    After settings filtering:   1
    After built-in stripping:   2
    After scriptable stripping: 2
    Processed in 0.00 seconds
    starting compilation...
    finished in 0.00 seconds. Local cache hits 2 (0.00s CPU time), remote cache hits 0 (0.00s CPU time), compiled 0 variants (0.00s CPU time), skipped 0 variants
    Prepared data for serialisation in 0.00s
Serialized binary data for shader Hidden/CubeCopy in 0.00s
    gles3 (total internal programs: 4, unique: 2)
Compiling shader "Hidden/CubeBlend" pass "" (vp)
    Full variant space:         1
    After settings filtering:   1
    After built-in stripping:   2
    After scriptable stripping: 2
    Processed in 0.00 seconds
    starting compilation...
    finished in 0.00 seconds. Local cache hits 2 (0.00s CPU time), remote cache hits 0 (0.00s CPU time), compiled 0 variants (0.00s CPU time), skipped 0 variants
    Prepared data for serialisation in 0.00s
Compiling shader "Hidden/CubeBlend" pass "" (vp)
    Full variant space:         1
    After settings filtering:   1
    After built-in stripping:   2
    After scriptable stripping: 2
    Processed in 0.00 seconds
    starting compilation...
    finished in 0.00 seconds. Local cache hits 2 (0.00s CPU time), remote cache hits 0 (0.00s CPU time), compiled 0 variants (0.00s CPU time), skipped 0 variants
    Prepared data for serialisation in 0.00s
Serialized binary data for shader Hidden/CubeBlend in 0.00s
    gles3 (total internal programs: 4, unique: 2)
Compiling shader "Hidden/VR/BlitTexArraySlice" pass "" (vp)
    Full variant space:         1
    After settings filtering:   1
    After built-in stripping:   2
    After scriptable stripping: 2
    Processed in 0.00 seconds
    starting compilation...
    finished in 0.00 seconds. Local cache hits 2 (0.00s CPU time), remote cache hits 0 (0.00s CPU time), compiled 0 variants (0.00s CPU time), skipped 0 variants
    Prepared data for serialisation in 0.00s
Serialized binary data for shader Hidden/VR/BlitTexArraySlice in 0.00s
    gles3 (total internal programs: 2, unique: 2)
Compiling shader "Hidden/VR/BlitTexArraySliceToDepth" pass "" (vp)
    Full variant space:         1
    After settings filtering:   1
    After built-in stripping:   2
    After scriptable stripping: 2
    Processed in 0.00 seconds
    starting compilation...
    finished in 0.00 seconds. Local cache hits 2 (0.00s CPU time), remote cache hits 0 (0.00s CPU time), compiled 0 variants (0.00s CPU time), skipped 0 variants
    Prepared data for serialisation in 0.00s
Serialized binary data for shader Hidden/VR/BlitTexArraySliceToDepth in 0.00s
    gles3 (total internal programs: 2, unique: 2)
Compiling shader "Hidden/VR/BlitTexArraySliceToDepth_MSAA" pass "" (vp)
    Full variant space:         1
    After settings filtering:   1
    After built-in stripping:   2
    After scriptable stripping: 2
    Processed in 0.00 seconds
    starting compilation...
    finished in 0.00 seconds. Local cache hits 2 (0.00s CPU time), remote cache hits 0 (0.00s CPU time), compiled 0 variants (0.00s CPU time), skipped 0 variants
    Prepared data for serialisation in 0.00s
Serialized binary data for shader Hidden/VR/BlitTexArraySliceToDepth_MSAA in 0.00s
    gles3 (total internal programs: 2, unique: 2)
Compiling shader "Hidden/Internal-ODSWorldTexture" pass "" (vp)
    Full variant space:         1
    After settings filtering:   1
    After built-in stripping:   2
    After scriptable stripping: 2
    Processed in 0.00 seconds
    starting compilation...
    finished in 0.00 seconds. Local cache hits 2 (0.00s CPU time), remote cache hits 0 (0.00s CPU time), compiled 0 variants (0.00s CPU time), skipped 0 variants
    Prepared data for serialisation in 0.00s
Compiling shader "Hidden/Internal-ODSWorldTexture" pass "" (vp)
    Full variant space:         1
    After settings filtering:   1
    After built-in stripping:   2
    After scriptable stripping: 2
    Processed in 0.00 seconds
    starting compilation...
    finished in 0.00 seconds. Local cache hits 2 (0.00s CPU time), remote cache hits 0 (0.00s CPU time), compiled 0 variants (0.00s CPU time), skipped 0 variants
    Prepared data for serialisation in 0.00s
Compiling shader "Hidden/Internal-ODSWorldTexture" pass "" (vp)
    Full variant space:         1
    After settings filtering:   1
    After built-in stripping:   2
    After scriptable stripping: 2
    Processed in 0.00 seconds
    starting compilation...
    finished in 0.00 seconds. Local cache hits 2 (0.00s CPU time), remote cache hits 0 (0.00s CPU time), compiled 0 variants (0.00s CPU time), skipped 0 variants
    Prepared data for serialisation in 0.00s
Compiling shader "Hidden/Internal-ODSWorldTexture" pass "" (vp)
    Full variant space:         1
    After settings filtering:   1
    After built-in stripping:   2
    After scriptable stripping: 2
    Processed in 0.00 seconds
    starting compilation...
    finished in 0.00 seconds. Local cache hits 2 (0.00s CPU time), remote cache hits 0 (0.00s CPU time), compiled 0 variants (0.00s CPU time), skipped 0 variants
    Prepared data for serialisation in 0.00s
Compiling shader "Hidden/Internal-ODSWorldTexture" pass "" (vp)
    Full variant space:         1
    After settings filtering:   1
    After built-in stripping:   2
    After scriptable stripping: 2
    Processed in 0.00 seconds
    starting compilation...
    finished in 0.00 seconds. Local cache hits 2 (0.00s CPU time), remote cache hits 0 (0.00s CPU time), compiled 0 variants (0.00s CPU time), skipped 0 variants
    Prepared data for serialisation in 0.00s
Compiling shader "Hidden/Internal-ODSWorldTexture" pass "" (vp)
    Full variant space:         1
    After settings filtering:   1
    After built-in stripping:   2
    After scriptable stripping: 2
    Processed in 0.00 seconds
    starting compilation...
    finished in 0.00 seconds. Local cache hits 2 (0.00s CPU time), remote cache hits 0 (0.00s CPU time), compiled 0 variants (0.00s CPU time), skipped 0 variants
    Prepared data for serialisation in 0.00s
Compiling shader "Hidden/Internal-ODSWorldTexture" pass "" (vp)
    Full variant space:         1
    After settings filtering:   1
    After built-in stripping:   2
    After scriptable stripping: 2
    Processed in 0.00 seconds
    starting compilation...
    finished in 0.00 seconds. Local cache hits 2 (0.00s CPU time), remote cache hits 0 (0.00s CPU time), compiled 0 variants (0.00s CPU time), skipped 0 variants
    Prepared data for serialisation in 0.00s
Compiling shader "Hidden/Internal-ODSWorldTexture" pass "" (vp)
    Full variant space:         1
    After settings filtering:   1
    After built-in stripping:   2
    After scriptable stripping: 2
    Processed in 0.00 seconds
    starting compilation...
    finished in 0.00 seconds. Local cache hits 2 (0.00s CPU time), remote cache hits 0 (0.00s CPU time), compiled 0 variants (0.00s CPU time), skipped 0 variants
    Prepared data for serialisation in 0.00s
Compiling shader "Hidden/Internal-ODSWorldTexture" pass "" (vp)
    Full variant space:         1
    After settings filtering:   1
    After built-in stripping:   2
    After scriptable stripping: 2
    Processed in 0.00 seconds
    starting compilation...
    finished in 0.00 seconds. Local cache hits 2 (0.00s CPU time), remote cache hits 0 (0.00s CPU time), compiled 0 variants (0.00s CPU time), skipped 0 variants
    Prepared data for serialisation in 0.00s
Compiling shader "Hidden/Internal-ODSWorldTexture" pass "" (vp)
    Full variant space:         1
    After settings filtering:   1
    After built-in stripping:   2
    After scriptable stripping: 2
    Processed in 0.00 seconds
    starting compilation...
    finished in 0.00 seconds. Local cache hits 2 (0.00s CPU time), remote cache hits 0 (0.00s CPU time), compiled 0 variants (0.00s CPU time), skipped 0 variants
    Prepared data for serialisation in 0.00s
Serialized binary data for shader Hidden/Internal-ODSWorldTexture in 0.00s
    gles3 (total internal programs: 20, unique: 18)
Compiling shader "Hidden/Internal-CubemapToEquirect" pass "" (vp)
    Full variant space:         1
    After settings filtering:   1
    After built-in stripping:   2
    After scriptable stripping: 2
    Processed in 0.00 seconds
    starting compilation...
    finished in 0.00 seconds. Local cache hits 2 (0.00s CPU time), remote cache hits 0 (0.00s CPU time), compiled 0 variants (0.00s CPU time), skipped 0 variants
    Prepared data for serialisation in 0.00s
Serialized binary data for shader Hidden/Internal-CubemapToEquirect in 0.00s
    gles3 (total internal programs: 2, unique: 2)
Compiling shader "Hidden/VR/BlitFromTex2DToTexArraySlice" pass "" (vp)
    Full variant space:         1
    After settings filtering:   1
    After built-in stripping:   2
    After scriptable stripping: 2
    Processed in 0.00 seconds
    starting compilation...
    finished in 0.00 seconds. Local cache hits 2 (0.00s CPU time), remote cache hits 0 (0.00s CPU time), compiled 0 variants (0.00s CPU time), skipped 0 variants
    Prepared data for serialisation in 0.00s
Compiling shader "Hidden/VR/BlitFromTex2DToTexArraySlice" pass "" (vp)
    Full variant space:         1
    After settings filtering:   1
    After built-in stripping:   2
    After scriptable stripping: 2
    Processed in 0.00 seconds
    starting compilation...
    finished in 0.00 seconds. Local cache hits 2 (0.00s CPU time), remote cache hits 0 (0.00s CPU time), compiled 0 variants (0.00s CPU time), skipped 0 variants
    Prepared data for serialisation in 0.00s
Serialized binary data for shader Hidden/VR/BlitFromTex2DToTexArraySlice in 0.00s
    gles3 (total internal programs: 4, unique: 4)
Compiling shader "Hidden/VideoComposite" pass "Default" (vp)
    Full variant space:         1
    After settings filtering:   1
    After built-in stripping:   2
    After scriptable stripping: 2
    Processed in 0.00 seconds
    starting compilation...
    finished in 0.00 seconds. Local cache hits 2 (0.00s CPU time), remote cache hits 0 (0.00s CPU time), compiled 0 variants (0.00s CPU time), skipped 0 variants
    Prepared data for serialisation in 0.00s
Serialized binary data for shader Hidden/VideoComposite in 0.00s
    gles3 (total internal programs: 2, unique: 2)
Compiling shader "Hidden/VideoDecode" pass "YCbCr_To_RGB1" (vp)
    Full variant space:         2
    After settings filtering:   2
    After built-in stripping:   4
    After scriptable stripping: 4
    Processed in 0.00 seconds
    starting compilation...
    finished in 0.00 seconds. Local cache hits 4 (0.00s CPU time), remote cache hits 0 (0.00s CPU time), compiled 0 variants (0.00s CPU time), skipped 0 variants
    Prepared data for serialisation in 0.00s
Compiling shader "Hidden/VideoDecode" pass "YCbCrA_To_RGBAFull" (vp)
    Full variant space:         2
    After settings filtering:   2
    After built-in stripping:   4
    After scriptable stripping: 4
    Processed in 0.00 seconds
    starting compilation...
    finished in 0.00 seconds. Local cache hits 4 (0.01s CPU time), remote cache hits 0 (0.00s CPU time), compiled 0 variants (0.00s CPU time), skipped 0 variants
    Prepared data for serialisation in 0.00s
Compiling shader "Hidden/VideoDecode" pass "YCbCrA_To_RGBA" (vp)
    Full variant space:         2
    After settings filtering:   2
    After built-in stripping:   4
    After scriptable stripping: 4
    Processed in 0.00 seconds
    starting compilation...
    finished in 0.00 seconds. Local cache hits 4 (0.00s CPU time), remote cache hits 0 (0.00s CPU time), compiled 0 variants (0.00s CPU time), skipped 0 variants
    Prepared data for serialisation in 0.00s
Compiling shader "Hidden/VideoDecode" pass "Flip_RGBA_To_RGBA" (vp)
    Full variant space:         2
    After settings filtering:   2
    After built-in stripping:   4
    After scriptable stripping: 4
    Processed in 0.00 seconds
    starting compilation...
    finished in 0.00 seconds. Local cache hits 4 (0.00s CPU time), remote cache hits 0 (0.00s CPU time), compiled 0 variants (0.00s CPU time), skipped 0 variants
    Prepared data for serialisation in 0.00s
Compiling shader "Hidden/VideoDecode" pass "Flip_RGBASplit_To_RGBA" (vp)
    Full variant space:         2
    After settings filtering:   2
    After built-in stripping:   4
    After scriptable stripping: 4
    Processed in 0.00 seconds
    starting compilation...
    finished in 0.00 seconds. Local cache hits 4 (0.00s CPU time), remote cache hits 0 (0.00s CPU time), compiled 0 variants (0.00s CPU time), skipped 0 variants
    Prepared data for serialisation in 0.00s
Compiling shader "Hidden/VideoDecode" pass "Flip_NV12_To_RGB1" (vp)
    Full variant space:         2
    After settings filtering:   2
    After built-in stripping:   4
    After scriptable stripping: 4
    Processed in 0.00 seconds
    starting compilation...
    finished in 0.00 seconds. Local cache hits 4 (0.00s CPU time), remote cache hits 0 (0.00s CPU time), compiled 0 variants (0.00s CPU time), skipped 0 variants
    Prepared data for serialisation in 0.00s
Compiling shader "Hidden/VideoDecode" pass "Flip_NV12_To_RGBA" (vp)
    Full variant space:         2
    After settings filtering:   2
    After built-in stripping:   4
    After scriptable stripping: 4
    Processed in 0.00 seconds
    starting compilation...
    finished in 0.00 seconds. Local cache hits 4 (0.00s CPU time), remote cache hits 0 (0.00s CPU time), compiled 0 variants (0.00s CPU time), skipped 0 variants
    Prepared data for serialisation in 0.00s
Compiling shader "Hidden/VideoDecode" pass "Flip_P010_To_RGB1" (vp)
    Full variant space:         1
    After settings filtering:   1
    After built-in stripping:   2
    After scriptable stripping: 2
    Processed in 0.00 seconds
    starting compilation...
    finished in 0.00 seconds. Local cache hits 2 (0.00s CPU time), remote cache hits 0 (0.00s CPU time), compiled 0 variants (0.00s CPU time), skipped 0 variants
    Prepared data for serialisation in 0.00s
Serialized binary data for shader Hidden/VideoDecode in 0.00s
    gles3 (total internal programs: 30, unique: 30)
Compiling shader "Hidden/VideoDecodeAndroid" pass "RGBAExternal_To_RGBA" (vp)
    Full variant space:         2
    After settings filtering:   2
    After built-in stripping:   4
    After scriptable stripping: 4
    Processed in 0.00 seconds
    starting compilation...
    finished in 0.00 seconds. Local cache hits 4 (0.01s CPU time), remote cache hits 0 (0.00s CPU time), compiled 0 variants (0.00s CPU time), skipped 0 variants
    Prepared data for serialisation in 0.00s
Compiling shader "Hidden/VideoDecodeAndroid" pass "RGBASplitExternal_To_RGBA" (vp)
    Full variant space:         2
    After settings filtering:   2
    After built-in stripping:   4
    After scriptable stripping: 4
    Processed in 0.00 seconds
    starting compilation...
    finished in 0.00 seconds. Local cache hits 4 (0.00s CPU time), remote cache hits 0 (0.00s CPU time), compiled 0 variants (0.00s CPU time), skipped 0 variants
    Prepared data for serialisation in 0.00s
Serialized binary data for shader Hidden/VideoDecodeAndroid in 0.00s
    gles3 (total internal programs: 8, unique: 8)
Compiling shader "Hidden/TextCore/Distance Field SSD" pass "" (vp)
    Full variant space:         1
    After settings filtering:   1
    After built-in stripping:   2
    After scriptable stripping: 2
    Processed in 0.00 seconds
    starting compilation...
    finished in 0.00 seconds. Local cache hits 2 (0.00s CPU time), remote cache hits 0 (0.00s CPU time), compiled 0 variants (0.00s CPU time), skipped 0 variants
    Prepared data for serialisation in 0.00s
Serialized binary data for shader Hidden/TextCore/Distance Field SSD in 0.00s
    gles3 (total internal programs: 2, unique: 2)
Compiling shader "CyberEye/YUVtoRGB" pass "" (vp)
    Full variant space:         1
    After settings filtering:   1
    After built-in stripping:   2
    After scriptable stripping: 2
    Processed in 0.00 seconds
    starting compilation...
    finished in 0.00 seconds. Local cache hits 2 (0.00s CPU time), remote cache hits 0 (0.00s CPU time), compiled 0 variants (0.00s CPU time), skipped 0 variants
    Prepared data for serialisation in 0.00s
Serialized binary data for shader CyberEye/YUVtoRGB in 0.00s
    gles3 (total internal programs: 2, unique: 2)
Compiling shader "CyberEye/FeedUnlit" pass "" (vp)
    Full variant space:         1
    After settings filtering:   1
    After built-in stripping:   2
    After scriptable stripping: 2
    Processed in 0.00 seconds
    starting compilation...
    finished in 0.00 seconds. Local cache hits 2 (0.00s CPU time), remote cache hits 0 (0.00s CPU time), compiled 0 variants (0.00s CPU time), skipped 0 variants
    Prepared data for serialisation in 0.00s
Serialized binary data for shader CyberEye/FeedUnlit in 0.00s
    gles3 (total internal programs: 2, unique: 2)
Compiling shader "CyberEye/CyberpunkFeed" pass "" (vp)
    Full variant space:         1
    After settings filtering:   1
    After built-in stripping:   2
    After scriptable stripping: 2
    Processed in 0.00 seconds
    starting compilation...
    finished in 0.00 seconds. Local cache hits 2 (0.00s CPU time), remote cache hits 0 (0.00s CPU time), compiled 0 variants (0.00s CPU time), skipped 0 variants
    Prepared data for serialisation in 0.00s
Serialized binary data for shader CyberEye/CyberpunkFeed in 0.00s
    gles3 (total internal programs: 2, unique: 2)
Compiling shader "CyberEye/HudOverlay" pass "" (vp)
    Full variant space:         1
    After settings filtering:   1
    After built-in stripping:   2
    After scriptable stripping: 2
    Processed in 0.00 seconds
    starting compilation...
    finished in 0.01 seconds. Local cache hits 2 (0.01s CPU time), remote cache hits 0 (0.00s CPU time), compiled 0 variants (0.00s CPU time), skipped 0 variants
    Prepared data for serialisation in 0.00s
Serialized binary data for shader CyberEye/HudOverlay in 0.00s
    gles3 (total internal programs: 0, unique: 0)
Shader error in 'CyberEye/HudOverlay': syntax error: unexpected token 'line' at Assets/CyberEye/Rendering/CyberHudOverlay.shader(37) (on gles3)

Compiling Subshader: 0, Pass: , Vertex program with <no keywords>
Platform defines: SHADER_API_GLES30 SHADER_API_MOBILE UNITY_ASTC_NORMALMAP_ENCODING UNITY_ENABLE_REFLECTION_BUFFERS UNITY_FRAMEBUFFER_FETCH_AVAILABLE UNITY_LIGHTMAP_RGBM_ENCODING UNITY_NO_CUBEMAP_ARRAY UNITY_NO_RGBM UNITY_NO_SCREENSPACE_SHADOWS UNITY_PBS_USE_BRDF3 UNITY_PLATFORM_SUPPORTS_DEPTH_FETCH
Disabled keywords: SHADER_API_GLES31 SHADER_API_GLES32 UNITY_COLORSPACE_GAMMA UNITY_ENABLE_DETAIL_NORMALMAP UNITY_HARDWARE_TIER1 UNITY_HARDWARE_TIER2 UNITY_HARDWARE_TIER3 UNITY_LIGHTMAP_DLDR_ENCODING UNITY_LIGHTMAP_FULL_HDR UNITY_LIGHT_PROBE_PROXY_VOLUME UNITY_METAL_SHADOWS_USE_POINT_FILTERING UNITY_NO_DXT5nm UNITY_PBS_USE_BRDF1 UNITY_PBS_USE_BRDF2 UNITY_PRETRANSFORM_TO_DISPLAY_ORIENTATION UNITY_SPECCUBE_BLENDING UNITY_SPECCUBE_BOX_PROJECTION UNITY_UNIFIED_SHADER_PRECISION_MODEL UNITY_USE_DITHER_MASK_FOR_ALPHABLENDED_SHADOWS UNITY_VIRTUAL_TEXTURING
Shader error in 'CyberEye/HudOverlay': syntax error: unexpected token 'line' at Assets/CyberEye/Rendering/CyberHudOverlay.shader(38) (on gles3)

Compiling Subshader: 0, Pass: , Vertex program with <no keywords>
Platform defines: SHADER_API_GLES30 SHADER_API_MOBILE UNITY_ASTC_NORMALMAP_ENCODING UNITY_ENABLE_REFLECTION_BUFFERS UNITY_FRAMEBUFFER_FETCH_AVAILABLE UNITY_LIGHTMAP_RGBM_ENCODING UNITY_NO_CUBEMAP_ARRAY UNITY_NO_RGBM UNITY_NO_SCREENSPACE_SHADOWS UNITY_PBS_USE_BRDF3 UNITY_PLATFORM_SUPPORTS_DEPTH_FETCH
Disabled keywords: SHADER_API_GLES31 SHADER_API_GLES32 UNITY_COLORSPACE_GAMMA UNITY_ENABLE_DETAIL_NORMALMAP UNITY_HARDWARE_TIER1 UNITY_HARDWARE_TIER2 UNITY_HARDWARE_TIER3 UNITY_LIGHTMAP_DLDR_ENCODING UNITY_LIGHTMAP_FULL_HDR UNITY_LIGHT_PROBE_PROXY_VOLUME UNITY_METAL_SHADOWS_USE_POINT_FILTERING UNITY_NO_DXT5nm UNITY_PBS_USE_BRDF1 UNITY_PBS_USE_BRDF2 UNITY_PRETRANSFORM_TO_DISPLAY_ORIENTATION UNITY_SPECCUBE_BLENDING UNITY_SPECCUBE_BOX_PROJECTION UNITY_UNIFIED_SHADER_PRECISION_MODEL UNITY_USE_DITHER_MASK_FOR_ALPHABLENDED_SHADOWS UNITY_VIRTUAL_TEXTURING
Compiling shader "CyberEye/TargetBox" pass "" (vp)
    Full variant space:         1
    After settings filtering:   1
    After built-in stripping:   2
    After scriptable stripping: 2
    Processed in 0.00 seconds
    starting compilation...
    finished in 0.00 seconds. Local cache hits 2 (0.00s CPU time), remote cache hits 0 (0.00s CPU time), compiled 0 variants (0.00s CPU time), skipped 0 variants
    Prepared data for serialisation in 0.00s
Serialized binary data for shader CyberEye/TargetBox in 0.00s
    gles3 (total internal programs: 2, unique: 2)
Compiling shader "TextMeshPro/Distance Field" pass "" (vp)
    Full variant space:         48
    After settings filtering:   48
    After built-in stripping:   96
    After scriptable stripping: 96
    Processed in 0.00 seconds
    starting compilation...
    finished in 0.01 seconds. Local cache hits 96 (0.06s CPU time), remote cache hits 0 (0.00s CPU time), compiled 0 variants (0.00s CPU time), skipped 0 variants
    Prepared data for serialisation in 0.00s
Serialized binary data for shader TextMeshPro/Distance Field in 0.00s
    gles3 (total internal programs: 96, unique: 96)
Compressed shader 'TextMeshPro/Distance Field' on gles3 from 1.47MB to 0.03MB
Compressed shader 'TextMeshPro/Distance Field' in 0.01s
Compiling shader "TextMeshPro/Mobile/Distance Field" pass "" (vp)
    Full variant space:         24
    After settings filtering:   24
    After built-in stripping:   48
    After scriptable stripping: 48
    Processed in 0.00 seconds
    starting compilation...
    finished in 0.00 seconds. Local cache hits 48 (0.02s CPU time), remote cache hits 0 (0.00s CPU time), compiled 0 variants (0.00s CPU time), skipped 0 variants
    Prepared data for serialisation in 0.00s
Serialized binary data for shader TextMeshPro/Mobile/Distance Field in 0.00s
    gles3 (total internal programs: 48, unique: 48)
Compiling shader "TextMeshPro/Distance Field SSD" pass "" (vp)
    Full variant space:         96
    After settings filtering:   96
    After built-in stripping:   192
    After scriptable stripping: 192
    Processed in 0.00 seconds
    starting compilation...
    finished in 0.01 seconds. Local cache hits 192 (0.11s CPU time), remote cache hits 0 (0.00s CPU time), compiled 0 variants (0.00s CPU time), skipped 0 variants
    Prepared data for serialisation in 0.00s
Serialized binary data for shader TextMeshPro/Distance Field SSD in 0.00s
    gles3 (total internal programs: 192, unique: 192)
Compressed shader 'TextMeshPro/Distance Field SSD' on gles3 from 2.53MB to 0.07MB
Compressed shader 'TextMeshPro/Distance Field SSD' in 0.02s
Compressed texture cybereye_icon is used as icon. This might compromise visual quality of the final image. Uncompressed format might be considered as better import option.
UnityEngine.Debug:ExtractStackTraceNoAlloc (byte*,int,string)
UnityEngine.StackTraceUtility:ExtractStackTrace ()
UnityEngine.DebugLogHandler:Internal_Log (UnityEngine.LogType,UnityEngine.LogOption,string,UnityEngine.Object)
UnityEngine.DebugLogHandler:LogFormat (UnityEngine.LogType,UnityEngine.Object,string,object[])
UnityEngine.Logger:Log (UnityEngine.LogType,object)
UnityEngine.Debug:LogWarning (object)
UnityEditor.Utils.IconUtility:ExportImageToPath (string,UnityEngine.Texture2D,UnityEditor.Utils.ImageDescription)
UnityEditor.Utils.IconUtility:ExportImage (string,UnityEngine.Texture2D,UnityEditor.Utils.ImageDescription)
UnityEditor.Utils.IconUtility:ExportIcon (string,string,UnityEditor.Utils.ImageDescription,int)
UnityEditor.Android.AndroidBuildPostprocessor:AddIconsToBuild (UnityEditor.Modules.AddIconsArgs) (at /home/bokken/build/output/unity/unity/PlatformDependent/AndroidPlayer/Editor/Managed/ExtensionModule.cs:1240)
UnityEditor.PostprocessBuildPlayer:Postprocess (UnityEditor.BuildTarget,int,string,string,string,UnityEditor.BuildOptions,UnityEditor.RuntimeClassRegistry,UnityEditor.Build.Reporting.BuildReport)
UnityEditor.BuildPipeline:BuildPlayerInternalNoCheck (string[],string,string,UnityEditor.BuildTargetGroup,UnityEditor.BuildTarget,int,UnityEditor.BuildOptions,string[],bool)
UnityEditor.BuildPipeline:BuildPlayerInternal (string[],string,string,UnityEditor.BuildTargetGroup,UnityEditor.BuildTarget,int,UnityEditor.BuildOptions,string[])
UnityEditor.BuildPipeline:BuildPlayer (string[],string,string,UnityEditor.BuildTargetGroup,UnityEditor.BuildTarget,int,UnityEditor.BuildOptions,string[])
UnityEditor.BuildPipeline:BuildPlayer (UnityEditor.BuildPlayerOptions)
BuildScript:PerformAndroidBuild () (at Assets/Editor/BuildScript.cs:133)

(Filename: /home/bokken/build/output/unity/unity/PlatformDependent/AndroidPlayer/Editor/Managed/ExtensionModule.cs Line: 1240)

Compressed texture cybereye_icon is used as icon. This might compromise visual quality of the final image. Uncompressed format might be considered as better import option.
UnityEngine.Debug:ExtractStackTraceNoAlloc (byte*,int,string)
UnityEngine.StackTraceUtility:ExtractStackTrace ()
UnityEngine.DebugLogHandler:Internal_Log (UnityEngine.LogType,UnityEngine.LogOption,string,UnityEngine.Object)
UnityEngine.DebugLogHandler:LogFormat (UnityEngine.LogType,UnityEngine.Object,string,object[])
UnityEngine.Logger:Log (UnityEngine.LogType,object)
UnityEngine.Debug:LogWarning (object)
UnityEditor.Utils.IconUtility:ExportImageToPath (string,UnityEngine.Texture2D,UnityEditor.Utils.ImageDescription)
UnityEditor.Utils.IconUtility:ExportImage (string,UnityEngine.Texture2D,UnityEditor.Utils.ImageDescription)
UnityEditor.Utils.IconUtility:ExportIcon (string,string,UnityEditor.Utils.ImageDescription,int)
UnityEditor.Android.AndroidBuildPostprocessor:AddIconsToBuild (UnityEditor.Modules.AddIconsArgs) (at /home/bokken/build/output/unity/unity/PlatformDependent/AndroidPlayer/Editor/Managed/ExtensionModule.cs:1240)
UnityEditor.PostprocessBuildPlayer:Postprocess (UnityEditor.BuildTarget,int,string,string,string,UnityEditor.BuildOptions,UnityEditor.RuntimeClassRegistry,UnityEditor.Build.Reporting.BuildReport)
UnityEditor.BuildPipeline:BuildPlayerInternalNoCheck (string[],string,string,UnityEditor.BuildTargetGroup,UnityEditor.BuildTarget,int,UnityEditor.BuildOptions,string[],bool)
UnityEditor.BuildPipeline:BuildPlayerInternal (string[],string,string,UnityEditor.BuildTargetGroup,UnityEditor.BuildTarget,int,UnityEditor.BuildOptions,string[])
UnityEditor.BuildPipeline:BuildPlayer (string[],string,string,UnityEditor.BuildTargetGroup,UnityEditor.BuildTarget,int,UnityEditor.BuildOptions,string[])
UnityEditor.BuildPipeline:BuildPlayer (UnityEditor.BuildPlayerOptions)
BuildScript:PerformAndroidBuild () (at Assets/Editor/BuildScript.cs:133)

(Filename: /home/bokken/build/output/unity/unity/PlatformDependent/AndroidPlayer/Editor/Managed/ExtensionModule.cs Line: 1240)

Compressed texture cybereye_icon is used as icon. This might compromise visual quality of the final image. Uncompressed format might be considered as better import option.
UnityEngine.Debug:ExtractStackTraceNoAlloc (byte*,int,string)
UnityEngine.StackTraceUtility:ExtractStackTrace ()
UnityEngine.DebugLogHandler:Internal_Log (UnityEngine.LogType,UnityEngine.LogOption,string,UnityEngine.Object)
UnityEngine.DebugLogHandler:LogFormat (UnityEngine.LogType,UnityEngine.Object,string,object[])
UnityEngine.Logger:Log (UnityEngine.LogType,object)
UnityEngine.Debug:LogWarning (object)
UnityEditor.Utils.IconUtility:ExportImageToPath (string,UnityEngine.Texture2D,UnityEditor.Utils.ImageDescription)
UnityEditor.Utils.IconUtility:ExportImage (string,UnityEngine.Texture2D,UnityEditor.Utils.ImageDescription)
UnityEditor.Utils.IconUtility:ExportIcon (string,string,UnityEditor.Utils.ImageDescription,int)
UnityEditor.Android.AndroidBuildPostprocessor:AddIconsToBuild (UnityEditor.Modules.AddIconsArgs) (at /home/bokken/build/output/unity/unity/PlatformDependent/AndroidPlayer/Editor/Managed/ExtensionModule.cs:1240)
UnityEditor.PostprocessBuildPlayer:Postprocess (UnityEditor.BuildTarget,int,string,string,string,UnityEditor.BuildOptions,UnityEditor.RuntimeClassRegistry,UnityEditor.Build.Reporting.BuildReport)
UnityEditor.BuildPipeline:BuildPlayerInternalNoCheck (string[],string,string,UnityEditor.BuildTargetGroup,UnityEditor.BuildTarget,int,UnityEditor.BuildOptions,string[],bool)
UnityEditor.BuildPipeline:BuildPlayerInternal (string[],string,string,UnityEditor.BuildTargetGroup,UnityEditor.BuildTarget,int,UnityEditor.BuildOptions,string[])
UnityEditor.BuildPipeline:BuildPlayer (string[],string,string,UnityEditor.BuildTargetGroup,UnityEditor.BuildTarget,int,UnityEditor.BuildOptions,string[])
UnityEditor.BuildPipeline:BuildPlayer (UnityEditor.BuildPlayerOptions)
BuildScript:PerformAndroidBuild () (at Assets/Editor/BuildScript.cs:133)

(Filename: /home/bokken/build/output/unity/unity/PlatformDependent/AndroidPlayer/Editor/Managed/ExtensionModule.cs Line: 1240)

Compressed texture cybereye_icon is used as icon. This might compromise visual quality of the final image. Uncompressed format might be considered as better import option.
UnityEngine.Debug:ExtractStackTraceNoAlloc (byte*,int,string)
UnityEngine.StackTraceUtility:ExtractStackTrace ()
UnityEngine.DebugLogHandler:Internal_Log (UnityEngine.LogType,UnityEngine.LogOption,string,UnityEngine.Object)
UnityEngine.DebugLogHandler:LogFormat (UnityEngine.LogType,UnityEngine.Object,string,object[])
UnityEngine.Logger:Log (UnityEngine.LogType,object)
UnityEngine.Debug:LogWarning (object)
UnityEditor.Utils.IconUtility:ExportImageToPath (string,UnityEngine.Texture2D,UnityEditor.Utils.ImageDescription)
UnityEditor.Utils.IconUtility:ExportImage (string,UnityEngine.Texture2D,UnityEditor.Utils.ImageDescription)
UnityEditor.Utils.IconUtility:ExportIcon (string,string,UnityEditor.Utils.ImageDescription,int)
UnityEditor.Android.AndroidBuildPostprocessor:AddIconsToBuild (UnityEditor.Modules.AddIconsArgs) (at /home/bokken/build/output/unity/unity/PlatformDependent/AndroidPlayer/Editor/Managed/ExtensionModule.cs:1240)
UnityEditor.PostprocessBuildPlayer:Postprocess (UnityEditor.BuildTarget,int,string,string,string,UnityEditor.BuildOptions,UnityEditor.RuntimeClassRegistry,UnityEditor.Build.Reporting.BuildReport)
UnityEditor.BuildPipeline:BuildPlayerInternalNoCheck (string[],string,string,UnityEditor.BuildTargetGroup,UnityEditor.BuildTarget,int,UnityEditor.BuildOptions,string[],bool)
UnityEditor.BuildPipeline:BuildPlayerInternal (string[],string,string,UnityEditor.BuildTargetGroup,UnityEditor.BuildTarget,int,UnityEditor.BuildOptions,string[])
UnityEditor.BuildPipeline:BuildPlayer (string[],string,string,UnityEditor.BuildTargetGroup,UnityEditor.BuildTarget,int,UnityEditor.BuildOptions,string[])
UnityEditor.BuildPipeline:BuildPlayer (UnityEditor.BuildPlayerOptions)
BuildScript:PerformAndroidBuild () (at Assets/Editor/BuildScript.cs:133)

(Filename: /home/bokken/build/output/unity/unity/PlatformDependent/AndroidPlayer/Editor/Managed/ExtensionModule.cs Line: 1240)

Compressed texture cybereye_icon is used as icon. This might compromise visual quality of the final image. Uncompressed format might be considered as better import option.
UnityEngine.Debug:ExtractStackTraceNoAlloc (byte*,int,string)
UnityEngine.StackTraceUtility:ExtractStackTrace ()
UnityEngine.DebugLogHandler:Internal_Log (UnityEngine.LogType,UnityEngine.LogOption,string,UnityEngine.Object)
UnityEngine.DebugLogHandler:LogFormat (UnityEngine.LogType,UnityEngine.Object,string,object[])
UnityEngine.Logger:Log (UnityEngine.LogType,object)
UnityEngine.Debug:LogWarning (object)
UnityEditor.Utils.IconUtility:ExportImageToPath (string,UnityEngine.Texture2D,UnityEditor.Utils.ImageDescription)
UnityEditor.Utils.IconUtility:ExportImage (string,UnityEngine.Texture2D,UnityEditor.Utils.ImageDescription)
UnityEditor.Utils.IconUtility:ExportIcon (string,string,UnityEditor.Utils.ImageDescription,int)
UnityEditor.Android.AndroidBuildPostprocessor:AddIconsToBuild (UnityEditor.Modules.AddIconsArgs) (at /home/bokken/build/output/unity/unity/PlatformDependent/AndroidPlayer/Editor/Managed/ExtensionModule.cs:1240)
UnityEditor.PostprocessBuildPlayer:Postprocess (UnityEditor.BuildTarget,int,string,string,string,UnityEditor.BuildOptions,UnityEditor.RuntimeClassRegistry,UnityEditor.Build.Reporting.BuildReport)
UnityEditor.BuildPipeline:BuildPlayerInternalNoCheck (string[],string,string,UnityEditor.BuildTargetGroup,UnityEditor.BuildTarget,int,UnityEditor.BuildOptions,string[],bool)
UnityEditor.BuildPipeline:BuildPlayerInternal (string[],string,string,UnityEditor.BuildTargetGroup,UnityEditor.BuildTarget,int,UnityEditor.BuildOptions,string[])
UnityEditor.BuildPipeline:BuildPlayer (string[],string,string,UnityEditor.BuildTargetGroup,UnityEditor.BuildTarget,int,UnityEditor.BuildOptions,string[])
UnityEditor.BuildPipeline:BuildPlayer (UnityEditor.BuildPlayerOptions)
BuildScript:PerformAndroidBuild () (at Assets/Editor/BuildScript.cs:133)

(Filename: /home/bokken/build/output/unity/unity/PlatformDependent/AndroidPlayer/Editor/Managed/ExtensionModule.cs Line: 1240)

Compressed texture cybereye_icon is used as icon. This might compromise visual quality of the final image. Uncompressed format might be considered as better import option.
UnityEngine.Debug:ExtractStackTraceNoAlloc (byte*,int,string)
UnityEngine.StackTraceUtility:ExtractStackTrace ()
UnityEngine.DebugLogHandler:Internal_Log (UnityEngine.LogType,UnityEngine.LogOption,string,UnityEngine.Object)
UnityEngine.DebugLogHandler:LogFormat (UnityEngine.LogType,UnityEngine.Object,string,object[])
UnityEngine.Logger:Log (UnityEngine.LogType,object)
UnityEngine.Debug:LogWarning (object)
UnityEditor.Utils.IconUtility:ExportImageToPath (string,UnityEngine.Texture2D,UnityEditor.Utils.ImageDescription)
UnityEditor.Utils.IconUtility:ExportImage (string,UnityEngine.Texture2D,UnityEditor.Utils.ImageDescription)
UnityEditor.Utils.IconUtility:ExportIcon (string,string,UnityEditor.Utils.ImageDescription,int)
UnityEditor.Android.AndroidBuildPostprocessor:AddIconsToBuild (UnityEditor.Modules.AddIconsArgs) (at /home/bokken/build/output/unity/unity/PlatformDependent/AndroidPlayer/Editor/Managed/ExtensionModule.cs:1240)
UnityEditor.PostprocessBuildPlayer:Postprocess (UnityEditor.BuildTarget,int,string,string,string,UnityEditor.BuildOptions,UnityEditor.RuntimeClassRegistry,UnityEditor.Build.Reporting.BuildReport)
UnityEditor.BuildPipeline:BuildPlayerInternalNoCheck (string[],string,string,UnityEditor.BuildTargetGroup,UnityEditor.BuildTarget,int,UnityEditor.BuildOptions,string[],bool)
UnityEditor.BuildPipeline:BuildPlayerInternal (string[],string,string,UnityEditor.BuildTargetGroup,UnityEditor.BuildTarget,int,UnityEditor.BuildOptions,string[])
UnityEditor.BuildPipeline:BuildPlayer (string[],string,string,UnityEditor.BuildTargetGroup,UnityEditor.BuildTarget,int,UnityEditor.BuildOptions,string[])
UnityEditor.BuildPipeline:BuildPlayer (UnityEditor.BuildPlayerOptions)
BuildScript:PerformAndroidBuild () (at Assets/Editor/BuildScript.cs:133)

(Filename: /home/bokken/build/output/unity/unity/PlatformDependent/AndroidPlayer/Editor/Managed/ExtensionModule.cs Line: 1240)

Compressed texture cybereye_icon is used as icon. This might compromise visual quality of the final image. Uncompressed format might be considered as better import option.
UnityEngine.Debug:ExtractStackTraceNoAlloc (byte*,int,string)
UnityEngine.StackTraceUtility:ExtractStackTrace ()
UnityEngine.DebugLogHandler:Internal_Log (UnityEngine.LogType,UnityEngine.LogOption,string,UnityEngine.Object)
UnityEngine.DebugLogHandler:LogFormat (UnityEngine.LogType,UnityEngine.Object,string,object[])
UnityEngine.Logger:Log (UnityEngine.LogType,object)
UnityEngine.Debug:LogWarning (object)
UnityEditor.Utils.IconUtility:ExportImageToPath (string,UnityEngine.Texture2D,UnityEditor.Utils.ImageDescription)
UnityEditor.Utils.IconUtility:ExportImage (string,UnityEngine.Texture2D,UnityEditor.Utils.ImageDescription)
UnityEditor.Utils.IconUtility:ExportIcon (string,string,UnityEditor.Utils.ImageDescription,int)
UnityEditor.Android.AndroidBuildPostprocessor:AddIconsToBuild (UnityEditor.Modules.AddIconsArgs) (at /home/bokken/build/output/unity/unity/PlatformDependent/AndroidPlayer/Editor/Managed/ExtensionModule.cs:1243)
UnityEditor.PostprocessBuildPlayer:Postprocess (UnityEditor.BuildTarget,int,string,string,string,UnityEditor.BuildOptions,UnityEditor.RuntimeClassRegistry,UnityEditor.Build.Reporting.BuildReport)
UnityEditor.BuildPipeline:BuildPlayerInternalNoCheck (string[],string,string,UnityEditor.BuildTargetGroup,UnityEditor.BuildTarget,int,UnityEditor.BuildOptions,string[],bool)
UnityEditor.BuildPipeline:BuildPlayerInternal (string[],string,string,UnityEditor.BuildTargetGroup,UnityEditor.BuildTarget,int,UnityEditor.BuildOptions,string[])
UnityEditor.BuildPipeline:BuildPlayer (string[],string,string,UnityEditor.BuildTargetGroup,UnityEditor.BuildTarget,int,UnityEditor.BuildOptions,string[])
UnityEditor.BuildPipeline:BuildPlayer (UnityEditor.BuildPlayerOptions)
BuildScript:PerformAndroidBuild () (at Assets/Editor/BuildScript.cs:133)

(Filename: /home/bokken/build/output/unity/unity/PlatformDependent/AndroidPlayer/Editor/Managed/ExtensionModule.cs Line: 1243)

Compressed texture cybereye_icon is used as icon. This might compromise visual quality of the final image. Uncompressed format might be considered as better import option.
UnityEngine.Debug:ExtractStackTraceNoAlloc (byte*,int,string)
UnityEngine.StackTraceUtility:ExtractStackTrace ()
UnityEngine.DebugLogHandler:Internal_Log (UnityEngine.LogType,UnityEngine.LogOption,string,UnityEngine.Object)
UnityEngine.DebugLogHandler:LogFormat (UnityEngine.LogType,UnityEngine.Object,string,object[])
UnityEngine.Logger:Log (UnityEngine.LogType,object)
UnityEngine.Debug:LogWarning (object)
UnityEditor.Utils.IconUtility:ExportImageToPath (string,UnityEngine.Texture2D,UnityEditor.Utils.ImageDescription)
UnityEditor.Utils.IconUtility:ExportImage (string,UnityEngine.Texture2D,UnityEditor.Utils.ImageDescription)
UnityEditor.Utils.IconUtility:ExportIcon (string,string,UnityEditor.Utils.ImageDescription,int)
UnityEditor.Android.AndroidBuildPostprocessor:AddIconsToBuild (UnityEditor.Modules.AddIconsArgs) (at /home/bokken/build/output/unity/unity/PlatformDependent/AndroidPlayer/Editor/Managed/ExtensionModule.cs:1243)
UnityEditor.PostprocessBuildPlayer:Postprocess (UnityEditor.BuildTarget,int,string,string,string,UnityEditor.BuildOptions,UnityEditor.RuntimeClassRegistry,UnityEditor.Build.Reporting.BuildReport)
UnityEditor.BuildPipeline:BuildPlayerInternalNoCheck (string[],string,string,UnityEditor.BuildTargetGroup,UnityEditor.BuildTarget,int,UnityEditor.BuildOptions,string[],bool)
UnityEditor.BuildPipeline:BuildPlayerInternal (string[],string,string,UnityEditor.BuildTargetGroup,UnityEditor.BuildTarget,int,UnityEditor.BuildOptions,string[])
UnityEditor.BuildPipeline:BuildPlayer (string[],string,string,UnityEditor.BuildTargetGroup,UnityEditor.BuildTarget,int,UnityEditor.BuildOptions,string[])
UnityEditor.BuildPipeline:BuildPlayer (UnityEditor.BuildPlayerOptions)
BuildScript:PerformAndroidBuild () (at Assets/Editor/BuildScript.cs:133)

(Filename: /home/bokken/build/output/unity/unity/PlatformDependent/AndroidPlayer/Editor/Managed/ExtensionModule.cs Line: 1243)

Compressed texture cybereye_icon is used as icon. This might compromise visual quality of the final image. Uncompressed format might be considered as better import option.
UnityEngine.Debug:ExtractStackTraceNoAlloc (byte*,int,string)
UnityEngine.StackTraceUtility:ExtractStackTrace ()
UnityEngine.DebugLogHandler:Internal_Log (UnityEngine.LogType,UnityEngine.LogOption,string,UnityEngine.Object)
UnityEngine.DebugLogHandler:LogFormat (UnityEngine.LogType,UnityEngine.Object,string,object[])
UnityEngine.Logger:Log (UnityEngine.LogType,object)
UnityEngine.Debug:LogWarning (object)
UnityEditor.Utils.IconUtility:ExportImageToPath (string,UnityEngine.Texture2D,UnityEditor.Utils.ImageDescription)
UnityEditor.Utils.IconUtility:ExportImage (string,UnityEngine.Texture2D,UnityEditor.Utils.ImageDescription)
UnityEditor.Utils.IconUtility:ExportIcon (string,string,UnityEditor.Utils.ImageDescription,int)
UnityEditor.Android.AndroidBuildPostprocessor:AddIconsToBuild (UnityEditor.Modules.AddIconsArgs) (at /home/bokken/build/output/unity/unity/PlatformDependent/AndroidPlayer/Editor/Managed/ExtensionModule.cs:1243)
UnityEditor.PostprocessBuildPlayer:Postprocess (UnityEditor.BuildTarget,int,string,string,string,UnityEditor.BuildOptions,UnityEditor.RuntimeClassRegistry,UnityEditor.Build.Reporting.BuildReport)
UnityEditor.BuildPipeline:BuildPlayerInternalNoCheck (string[],string,string,UnityEditor.BuildTargetGroup,UnityEditor.BuildTarget,int,UnityEditor.BuildOptions,string[],bool)
UnityEditor.BuildPipeline:BuildPlayerInternal (string[],string,string,UnityEditor.BuildTargetGroup,UnityEditor.BuildTarget,int,UnityEditor.BuildOptions,string[])
UnityEditor.BuildPipeline:BuildPlayer (string[],string,string,UnityEditor.BuildTargetGroup,UnityEditor.BuildTarget,int,UnityEditor.BuildOptions,string[])
UnityEditor.BuildPipeline:BuildPlayer (UnityEditor.BuildPlayerOptions)
BuildScript:PerformAndroidBuild () (at Assets/Editor/BuildScript.cs:133)

(Filename: /home/bokken/build/output/unity/unity/PlatformDependent/AndroidPlayer/Editor/Managed/ExtensionModule.cs Line: 1243)

Compressed texture cybereye_icon is used as icon. This might compromise visual quality of the final image. Uncompressed format might be considered as better import option.
UnityEngine.Debug:ExtractStackTraceNoAlloc (byte*,int,string)
UnityEngine.StackTraceUtility:ExtractStackTrace ()
UnityEngine.DebugLogHandler:Internal_Log (UnityEngine.LogType,UnityEngine.LogOption,string,UnityEngine.Object)
UnityEngine.DebugLogHandler:LogFormat (UnityEngine.LogType,UnityEngine.Object,string,object[])
UnityEngine.Logger:Log (UnityEngine.LogType,object)
UnityEngine.Debug:LogWarning (object)
UnityEditor.Utils.IconUtility:ExportImageToPath (string,UnityEngine.Texture2D,UnityEditor.Utils.ImageDescription)
UnityEditor.Utils.IconUtility:ExportImage (string,UnityEngine.Texture2D,UnityEditor.Utils.ImageDescription)
UnityEditor.Utils.IconUtility:ExportIcon (string,string,UnityEditor.Utils.ImageDescription,int)
UnityEditor.Android.AndroidBuildPostprocessor:AddIconsToBuild (UnityEditor.Modules.AddIconsArgs) (at /home/bokken/build/output/unity/unity/PlatformDependent/AndroidPlayer/Editor/Managed/ExtensionModule.cs:1243)
UnityEditor.PostprocessBuildPlayer:Postprocess (UnityEditor.BuildTarget,int,string,string,string,UnityEditor.BuildOptions,UnityEditor.RuntimeClassRegistry,UnityEditor.Build.Reporting.BuildReport)
UnityEditor.BuildPipeline:BuildPlayerInternalNoCheck (string[],string,string,UnityEditor.BuildTargetGroup,UnityEditor.BuildTarget,int,UnityEditor.BuildOptions,string[],bool)
UnityEditor.BuildPipeline:BuildPlayerInternal (string[],string,string,UnityEditor.BuildTargetGroup,UnityEditor.BuildTarget,int,UnityEditor.BuildOptions,string[])
UnityEditor.BuildPipeline:BuildPlayer (string[],string,string,UnityEditor.BuildTargetGroup,UnityEditor.BuildTarget,int,UnityEditor.BuildOptions,string[])
UnityEditor.BuildPipeline:BuildPlayer (UnityEditor.BuildPlayerOptions)
BuildScript:PerformAndroidBuild () (at Assets/Editor/BuildScript.cs:133)

(Filename: /home/bokken/build/output/unity/unity/PlatformDependent/AndroidPlayer/Editor/Managed/ExtensionModule.cs Line: 1243)

Compressed texture cybereye_icon is used as icon. This might compromise visual quality of the final image. Uncompressed format might be considered as better import option.
UnityEngine.Debug:ExtractStackTraceNoAlloc (byte*,int,string)
UnityEngine.StackTraceUtility:ExtractStackTrace ()
UnityEngine.DebugLogHandler:Internal_Log (UnityEngine.LogType,UnityEngine.LogOption,string,UnityEngine.Object)
UnityEngine.DebugLogHandler:LogFormat (UnityEngine.LogType,UnityEngine.Object,string,object[])
UnityEngine.Logger:Log (UnityEngine.LogType,object)
UnityEngine.Debug:LogWarning (object)
UnityEditor.Utils.IconUtility:ExportImageToPath (string,UnityEngine.Texture2D,UnityEditor.Utils.ImageDescription)
UnityEditor.Utils.IconUtility:ExportImage (string,UnityEngine.Texture2D,UnityEditor.Utils.ImageDescription)
UnityEditor.Utils.IconUtility:ExportIcon (string,string,UnityEditor.Utils.ImageDescription,int)
UnityEditor.Android.AndroidBuildPostprocessor:AddIconsToBuild (UnityEditor.Modules.AddIconsArgs) (at /home/bokken/build/output/unity/unity/PlatformDependent/AndroidPlayer/Editor/Managed/ExtensionModule.cs:1243)
UnityEditor.PostprocessBuildPlayer:Postprocess (UnityEditor.BuildTarget,int,string,string,string,UnityEditor.BuildOptions,UnityEditor.RuntimeClassRegistry,UnityEditor.Build.Reporting.BuildReport)
UnityEditor.BuildPipeline:BuildPlayerInternalNoCheck (string[],string,string,UnityEditor.BuildTargetGroup,UnityEditor.BuildTarget,int,UnityEditor.BuildOptions,string[],bool)
UnityEditor.BuildPipeline:BuildPlayerInternal (string[],string,string,UnityEditor.BuildTargetGroup,UnityEditor.BuildTarget,int,UnityEditor.BuildOptions,string[])
UnityEditor.BuildPipeline:BuildPlayer (string[],string,string,UnityEditor.BuildTargetGroup,UnityEditor.BuildTarget,int,UnityEditor.BuildOptions,string[])
UnityEditor.BuildPipeline:BuildPlayer (UnityEditor.BuildPlayerOptions)
BuildScript:PerformAndroidBuild () (at Assets/Editor/BuildScript.cs:133)

(Filename: /home/bokken/build/output/unity/unity/PlatformDependent/AndroidPlayer/Editor/Managed/ExtensionModule.cs Line: 1243)

Compressed texture cybereye_icon is used as icon. This might compromise visual quality of the final image. Uncompressed format might be considered as better import option.
UnityEngine.Debug:ExtractStackTraceNoAlloc (byte*,int,string)
UnityEngine.StackTraceUtility:ExtractStackTrace ()
UnityEngine.DebugLogHandler:Internal_Log (UnityEngine.LogType,UnityEngine.LogOption,string,UnityEngine.Object)
UnityEngine.DebugLogHandler:LogFormat (UnityEngine.LogType,UnityEngine.Object,string,object[])
UnityEngine.Logger:Log (UnityEngine.LogType,object)
UnityEngine.Debug:LogWarning (object)
UnityEditor.Utils.IconUtility:ExportImageToPath (string,UnityEngine.Texture2D,UnityEditor.Utils.ImageDescription)
UnityEditor.Utils.IconUtility:ExportImage (string,UnityEngine.Texture2D,UnityEditor.Utils.ImageDescription)
UnityEditor.Utils.IconUtility:ExportIcon (string,string,UnityEditor.Utils.ImageDescription,int)
UnityEditor.Android.AndroidBuildPostprocessor:AddIconsToBuild (UnityEditor.Modules.AddIconsArgs) (at /home/bokken/build/output/unity/unity/PlatformDependent/AndroidPlayer/Editor/Managed/ExtensionModule.cs:1243)
UnityEditor.PostprocessBuildPlayer:Postprocess (UnityEditor.BuildTarget,int,string,string,string,UnityEditor.BuildOptions,UnityEditor.RuntimeClassRegistry,UnityEditor.Build.Reporting.BuildReport)
UnityEditor.BuildPipeline:BuildPlayerInternalNoCheck (string[],string,string,UnityEditor.BuildTargetGroup,UnityEditor.BuildTarget,int,UnityEditor.BuildOptions,string[],bool)
UnityEditor.BuildPipeline:BuildPlayerInternal (string[],string,string,UnityEditor.BuildTargetGroup,UnityEditor.BuildTarget,int,UnityEditor.BuildOptions,string[])
UnityEditor.BuildPipeline:BuildPlayer (string[],string,string,UnityEditor.BuildTargetGroup,UnityEditor.BuildTarget,int,UnityEditor.BuildOptions,string[])
UnityEditor.BuildPipeline:BuildPlayer (UnityEditor.BuildPlayerOptions)
BuildScript:PerformAndroidBuild () (at Assets/Editor/BuildScript.cs:133)

(Filename: /home/bokken/build/output/unity/unity/PlatformDependent/AndroidPlayer/Editor/Managed/ExtensionModule.cs Line: 1243)

DisplayProgressbar: Initializing
Android PostProcess task "Initializing" took 1.6835 ms
DisplayProgressbar: Check gradle project collisions
Android PostProcess task "Check gradle project collisions" took 0.4154 ms
DisplayProgressbar: Preparing banner
Android PostProcess task "Preparing banner" took 0.6323 ms
info: Microsoft.AspNetCore.Hosting.Diagnostics[1]
      Request starting HTTP/2 POST http://ilpp/UnityILPP.PostProcessing/Ping application/grpc -
info: Microsoft.AspNetCore.Routing.EndpointMiddleware[0]
      Executing endpoint 'gRPC - /UnityILPP.PostProcessing/Ping'
info: Microsoft.AspNetCore.Routing.EndpointMiddleware[1]
      Executed endpoint 'gRPC - /UnityILPP.PostProcessing/Ping'
info: Microsoft.AspNetCore.Hosting.Diagnostics[2]
      Request finished HTTP/2 POST http://ilpp/UnityILPP.PostProcessing/Ping application/grpc - - 200 - application/grpc 0.4248ms
    Call "AppUIAndroidProjectFilesModifier.Setup" from assembly 'Unity.AppUI.Editor'
Plugin 'Packages/com.xreal.xr/Runtime/Plugins/Android/arm64-v8a/libXREALXRPlugin.so' is not 16KB-aligned. This may cause issues on ARM64 devices running Android 15+.
More info: <a href="https://developer.android.com/guide/practices/page-sizes">https://developer.android.com/guide/practices/page-sizes</a>.
UnityEngine.Debug:ExtractStackTraceNoAlloc (byte*,int,string)
UnityEngine.StackTraceUtility:ExtractStackTrace ()
UnityEngine.DebugLogHandler:Internal_Log (UnityEngine.LogType,UnityEngine.LogOption,string,UnityEngine.Object)
UnityEngine.DebugLogHandler:LogFormat (UnityEngine.LogType,UnityEngine.Object,string,object[])
UnityEngine.Logger:Log (UnityEngine.LogType,object)
UnityEngine.Debug:LogWarning (object)
UnityEditor.Android.AndroidBuildPostprocessor:CollectPlugin (string,Unity.Android.Types.AndroidGradleDependee,Unity.Android.Types.AndroidArchitecture,System.Collections.Generic.Dictionary`2<string, UnityEditor.Android.AndroidBuildPostprocessor/AndroidSourcePlugin>,bool) (at /home/bokken/build/output/unity/unity/PlatformDependent/AndroidPlayer/Editor/Managed/ExtensionModule.cs:481)
UnityEditor.Android.AndroidBuildPostprocessor:PluginsDataFor (UnityEditor.Modules.BuildPostProcessArgs) (at /home/bokken/build/output/unity/unity/PlatformDependent/AndroidPlayer/Editor/Managed/ExtensionModule.cs:549)
UnityEditor.Modules.BeeBuildPostprocessor/<GetDataForBuildProgramFor>d__62:MoveNext ()
UnityEditor.Android.AndroidBuildPostprocessor/<GetDataForBuildProgramFor>d__29:MoveNext () (at /home/bokken/build/output/unity/unity/PlatformDependent/AndroidPlayer/Editor/Managed/ExtensionModule.cs:734)
System.Linq.Enumerable/WhereEnumerableIterator`1<object>:MoveNext ()
Bee.BeeDriver.BeeDriver:WriteDataForBuildProgram (Bee.BeeDriver.InternalState,System.Threading.Tasks.TaskCompletionSource`1<int>)
Bee.BeeDriver.BeeDriver/<>c__DisplayClass0_0:<BuildAsync>g__WriteData|0 ()
Bee.BeeDriver.BeeDriver:BuildAsync (Bee.BeeDriver.BuildRequest,System.Threading.CancellationToken)
UnityEditor.Modules.BeeBuildPostprocessor:PostProcess (UnityEditor.Modules.BuildPostProcessArgs)
UnityEditor.Modules.BeeBuildPostprocessor:PostProcess (UnityEditor.Modules.BuildPostProcessArgs,UnityEditor.BuildProperties&)
UnityEditor.Android.AndroidBuildPostprocessor:PostProcess (UnityEditor.Modules.BuildPostProcessArgs,UnityEditor.BuildProperties&) (at /home/bokken/build/output/unity/unity/PlatformDependent/AndroidPlayer/Editor/Managed/ExtensionModule.cs:337)
UnityEditor.PostprocessBuildPlayer:Postprocess (UnityEditor.BuildTarget,int,string,string,string,UnityEditor.BuildOptions,UnityEditor.RuntimeClassRegistry,UnityEditor.Build.Reporting.BuildReport)
UnityEditor.BuildPipeline:BuildPlayerInternalNoCheck (string[],string,string,UnityEditor.BuildTargetGroup,UnityEditor.BuildTarget,int,UnityEditor.BuildOptions,string[],bool)
UnityEditor.BuildPipeline:BuildPlayerInternal (string[],string,string,UnityEditor.BuildTargetGroup,UnityEditor.BuildTarget,int,UnityEditor.BuildOptions,string[])
UnityEditor.BuildPipeline:BuildPlayer (string[],string,string,UnityEditor.BuildTargetGroup,UnityEditor.BuildTarget,int,UnityEditor.BuildOptions,string[])
UnityEditor.BuildPipeline:BuildPlayer (UnityEditor.BuildPlayerOptions)
BuildScript:PerformAndroidBuild () (at Assets/Editor/BuildScript.cs:133)

(Filename: /home/bokken/build/output/unity/unity/PlatformDependent/AndroidPlayer/Editor/Managed/ExtensionModule.cs Line: 481)

Plugin 'Packages/com.xreal.xr/Runtime/Plugins/Android/arm64-v8a/libVulkanSupport.so' is not 16KB-aligned. This may cause issues on ARM64 devices running Android 15+.
More info: <a href="https://developer.android.com/guide/practices/page-sizes">https://developer.android.com/guide/practices/page-sizes</a>.
UnityEngine.Debug:ExtractStackTraceNoAlloc (byte*,int,string)
UnityEngine.StackTraceUtility:ExtractStackTrace ()
UnityEngine.DebugLogHandler:Internal_Log (UnityEngine.LogType,UnityEngine.LogOption,string,UnityEngine.Object)
UnityEngine.DebugLogHandler:LogFormat (UnityEngine.LogType,UnityEngine.Object,string,object[])
UnityEngine.Logger:Log (UnityEngine.LogType,object)
UnityEngine.Debug:LogWarning (object)
UnityEditor.Android.AndroidBuildPostprocessor:CollectPlugin (string,Unity.Android.Types.AndroidGradleDependee,Unity.Android.Types.AndroidArchitecture,System.Collections.Generic.Dictionary`2<string, UnityEditor.Android.AndroidBuildPostprocessor/AndroidSourcePlugin>,bool) (at /home/bokken/build/output/unity/unity/PlatformDependent/AndroidPlayer/Editor/Managed/ExtensionModule.cs:481)
UnityEditor.Android.AndroidBuildPostprocessor:PluginsDataFor (UnityEditor.Modules.BuildPostProcessArgs) (at /home/bokken/build/output/unity/unity/PlatformDependent/AndroidPlayer/Editor/Managed/ExtensionModule.cs:549)
UnityEditor.Modules.BeeBuildPostprocessor/<GetDataForBuildProgramFor>d__62:MoveNext ()
UnityEditor.Android.AndroidBuildPostprocessor/<GetDataForBuildProgramFor>d__29:MoveNext () (at /home/bokken/build/output/unity/unity/PlatformDependent/AndroidPlayer/Editor/Managed/ExtensionModule.cs:734)
System.Linq.Enumerable/WhereEnumerableIterator`1<object>:MoveNext ()
Bee.BeeDriver.BeeDriver:WriteDataForBuildProgram (Bee.BeeDriver.InternalState,System.Threading.Tasks.TaskCompletionSource`1<int>)
Bee.BeeDriver.BeeDriver/<>c__DisplayClass0_0:<BuildAsync>g__WriteData|0 ()
Bee.BeeDriver.BeeDriver:BuildAsync (Bee.BeeDriver.BuildRequest,System.Threading.CancellationToken)
UnityEditor.Modules.BeeBuildPostprocessor:PostProcess (UnityEditor.Modules.BuildPostProcessArgs)
UnityEditor.Modules.BeeBuildPostprocessor:PostProcess (UnityEditor.Modules.BuildPostProcessArgs,UnityEditor.BuildProperties&)
UnityEditor.Android.AndroidBuildPostprocessor:PostProcess (UnityEditor.Modules.BuildPostProcessArgs,UnityEditor.BuildProperties&) (at /home/bokken/build/output/unity/unity/PlatformDependent/AndroidPlayer/Editor/Managed/ExtensionModule.cs:337)
UnityEditor.PostprocessBuildPlayer:Postprocess (UnityEditor.BuildTarget,int,string,string,string,UnityEditor.BuildOptions,UnityEditor.RuntimeClassRegistry,UnityEditor.Build.Reporting.BuildReport)
UnityEditor.BuildPipeline:BuildPlayerInternalNoCheck (string[],string,string,UnityEditor.BuildTargetGroup,UnityEditor.BuildTarget,int,UnityEditor.BuildOptions,string[],bool)
UnityEditor.BuildPipeline:BuildPlayerInternal (string[],string,string,UnityEditor.BuildTargetGroup,UnityEditor.BuildTarget,int,UnityEditor.BuildOptions,string[])
UnityEditor.BuildPipeline:BuildPlayer (string[],string,string,UnityEditor.BuildTargetGroup,UnityEditor.BuildTarget,int,UnityEditor.BuildOptions,string[])
UnityEditor.BuildPipeline:BuildPlayer (UnityEditor.BuildPlayerOptions)
BuildScript:PerformAndroidBuild () (at Assets/Editor/BuildScript.cs:133)

(Filename: /home/bokken/build/output/unity/unity/PlatformDependent/AndroidPlayer/Editor/Managed/ExtensionModule.cs Line: 481)

Plugin 'Packages/com.xreal.xr/Runtime/Scripts/Android/Camera Features/Plugins/Android/arm64/libmedia_codec.so' is not 16KB-aligned. This may cause issues on ARM64 devices running Android 15+.
More info: <a href="https://developer.android.com/guide/practices/page-sizes">https://developer.android.com/guide/practices/page-sizes</a>.
UnityEngine.Debug:ExtractStackTraceNoAlloc (byte*,int,string)
UnityEngine.StackTraceUtility:ExtractStackTrace ()
UnityEngine.DebugLogHandler:Internal_Log (UnityEngine.LogType,UnityEngine.LogOption,string,UnityEngine.Object)
UnityEngine.DebugLogHandler:LogFormat (UnityEngine.LogType,UnityEngine.Object,string,object[])
UnityEngine.Logger:Log (UnityEngine.LogType,object)
UnityEngine.Debug:LogWarning (object)
UnityEditor.Android.AndroidBuildPostprocessor:CollectPlugin (string,Unity.Android.Types.AndroidGradleDependee,Unity.Android.Types.AndroidArchitecture,System.Collections.Generic.Dictionary`2<string, UnityEditor.Android.AndroidBuildPostprocessor/AndroidSourcePlugin>,bool) (at /home/bokken/build/output/unity/unity/PlatformDependent/AndroidPlayer/Editor/Managed/ExtensionModule.cs:481)
UnityEditor.Android.AndroidBuildPostprocessor:PluginsDataFor (UnityEditor.Modules.BuildPostProcessArgs) (at /home/bokken/build/output/unity/unity/PlatformDependent/AndroidPlayer/Editor/Managed/ExtensionModule.cs:549)
UnityEditor.Modules.BeeBuildPostprocessor/<GetDataForBuildProgramFor>d__62:MoveNext ()
UnityEditor.Android.AndroidBuildPostprocessor/<GetDataForBuildProgramFor>d__29:MoveNext () (at /home/bokken/build/output/unity/unity/PlatformDependent/AndroidPlayer/Editor/Managed/ExtensionModule.cs:734)
System.Linq.Enumerable/WhereEnumerableIterator`1<object>:MoveNext ()
Bee.BeeDriver.BeeDriver:WriteDataForBuildProgram (Bee.BeeDriver.InternalState,System.Threading.Tasks.TaskCompletionSource`1<int>)
Bee.BeeDriver.BeeDriver/<>c__DisplayClass0_0:<BuildAsync>g__WriteData|0 ()
Bee.BeeDriver.BeeDriver:BuildAsync (Bee.BeeDriver.BuildRequest,System.Threading.CancellationToken)
UnityEditor.Modules.BeeBuildPostprocessor:PostProcess (UnityEditor.Modules.BuildPostProcessArgs)
UnityEditor.Modules.BeeBuildPostprocessor:PostProcess (UnityEditor.Modules.BuildPostProcessArgs,UnityEditor.BuildProperties&)
UnityEditor.Android.AndroidBuildPostprocessor:PostProcess (UnityEditor.Modules.BuildPostProcessArgs,UnityEditor.BuildProperties&) (at /home/bokken/build/output/unity/unity/PlatformDependent/AndroidPlayer/Editor/Managed/ExtensionModule.cs:337)
UnityEditor.PostprocessBuildPlayer:Postprocess (UnityEditor.BuildTarget,int,string,string,string,UnityEditor.BuildOptions,UnityEditor.RuntimeClassRegistry,UnityEditor.Build.Reporting.BuildReport)
UnityEditor.BuildPipeline:BuildPlayerInternalNoCheck (string[],string,string,UnityEditor.BuildTargetGroup,UnityEditor.BuildTarget,int,UnityEditor.BuildOptions,string[],bool)
UnityEditor.BuildPipeline:BuildPlayerInternal (string[],string,string,UnityEditor.BuildTargetGroup,UnityEditor.BuildTarget,int,UnityEditor.BuildOptions,string[])
UnityEditor.BuildPipeline:BuildPlayer (string[],string,string,UnityEditor.BuildTargetGroup,UnityEditor.BuildTarget,int,UnityEditor.BuildOptions,string[])
UnityEditor.BuildPipeline:BuildPlayer (UnityEditor.BuildPlayerOptions)
BuildScript:PerformAndroidBuild () (at Assets/Editor/BuildScript.cs:133)

(Filename: /home/bokken/build/output/unity/unity/PlatformDependent/AndroidPlayer/Editor/Managed/ExtensionModule.cs Line: 481)

Starting: C:\Program Files\Unity\Hub\Editor\6000.0.78f1\Editor\Data\bee_backend.exe --ipc --dagfile="Library/Bee/Player40cf1ce1.dag" --profile="Library/Bee/backend1.traceevents" Player
WorkingDir: C:/Users/jslade/CyberEyeXR
DisplayProgressbar: Incremental Player Build
Rebuilding DAG because FileSignature timestamp changed: Library/Bee/Player40cf1ce1-inputdata.json
*** Tundra requires additional run (0.16 seconds), 0 items updated, 0 evaluated
ExitCode: 4 Duration: 0s222ms
Starting: C:\Program Files\Unity\Hub\Editor\6000.0.78f1\Editor\Data\Tools\netcorerun\netcorerun.exe "C:\Program Files\Unity\Hub\Editor\6000.0.78f1\Editor\Data\PlaybackEngines\AndroidPlayer\AndroidPlayerBuildProgram.exe" "C:/Program Files/Unity/Hub/Editor/6000.0.78f1/Editor/Data/PlaybackEngines/AndroidPlayer/Bee;C:/Program Files/Unity/Hub/Editor/6000.0.78f1/Editor/Data/Tools/BuildPipeline" "Library/Bee/Player40cf1ce1.dag.json" "Library/Bee/Player40cf1ce1-inputdata.json" "Library\Bee\buildprogram0.traceevents"
WorkingDir: C:/Users/jslade/CyberEyeXR
ExitCode: 0 Duration: 1s541ms
Starting: C:\Program Files\Unity\Hub\Editor\6000.0.78f1\Editor\Data\bee_backend.exe --ipc --dagfile="Library/Bee/Player40cf1ce1.dag" --dagfilejson="Library\Bee\Player40cf1ce1.dag.json" --profile="Library/Bee/backend2.traceevents" Player
WorkingDir: C:/Users/jslade/CyberEyeXR
Finished compiling graph: 1878 nodes, 5184 flattened edges (5178 ToBuild, 6 ToUse), maximum node priority 1349
[           0s] Delete 2 artifact files that are no longer in use. (like C:\Users\jslade\CyberEyeXR\Library\Bee\Android\Prj\IL2CPP\Gradle\unityLibrary\src\main\assets\bin\Data\3e879fc32eb76da4189868b2c3e62c93)
[  82/1687  0s] WriteText Library/Bee/artifacts/csharpactions/boot.config_x4e9.info
[  86/1687  0s] WriteText Library/Bee/artifacts/csharpactions/unity_app_guid_3412.info
[ 126/1687  0s] CopyFiles C:/Users/jslade/CyberEyeXR/Library/Bee/Android/Prj/IL2CPP/Gradle/unityLibrary/src/main/assets/bin/Data/sharedassets0.resource
[ 129/1687  0s] CopyFiles C:/Users/jslade/CyberEyeXR/Library/Bee/Android/Prj/IL2CPP/Gradle/unityLibrary/xrmanifest.androidlib/AndroidManifest.xml
[ 130/1687  0s] CopyFiles C:/Users/jslade/CyberEyeXR/Library/Bee/Android/Prj/IL2CPP/Gradle/unityLibrary/src/main/assets/bin/Data/globalgamemanagers
[ 131/1687  0s] CopyFiles C:/Users/jslade/CyberEyeXR/Library/Bee/Android/Prj/IL2CPP/Gradle/unityLibrary/src/main/assets/bin/Data/Resources/unity_builtin_extra
[ 132/1687  0s] CopyFiles C:/Users/jslade/CyberEyeXR/Library/Bee/Android/Prj/IL2CPP/Gradle/unityLibrary/src/main/assets/bin/Data/fdb3ea5dcc705e94992d7ad588c40ecb
[ 133/1687  0s] CopyFiles C:/Users/jslade/CyberEyeXR/Library/Bee/Android/Prj/IL2CPP/Gradle/unityLibrary/src/main/assets/bin/Data/fcf4c9a079510d142b4ca0686af1d472
[ 134/1687  0s] CopyFiles C:/Users/jslade/CyberEyeXR/Library/Bee/Android/Prj/IL2CPP/Gradle/unityLibrary/src/main/assets/bin/Data/fb2396ddc12854b4b9002a233c8050bc
[ 135/1687  0s] CopyFiles C:/Users/jslade/CyberEyeXR/Library/Bee/Android/Prj/IL2CPP/Gradle/unityLibrary/src/main/assets/bin/Data/fae675275dbfabd4fa5554e262a14d83
[ 136/1687  0s] CopyFiles C:/Users/jslade/CyberEyeXR/Library/Bee/Android/Prj/IL2CPP/Gradle/unityLibrary/src/main/assets/bin/Data/fade42e8bc714b018fac513c043d323b
[ 137/1687  0s] CopyFiles C:/Users/jslade/CyberEyeXR/Library/Bee/Android/Prj/IL2CPP/Gradle/unityLibrary/src/main/assets/bin/Data/f952c082cb03451daed3ee968ac6c63e
[ 138/1687  0s] CopyFiles C:/Users/jslade/CyberEyeXR/Library/Bee/Android/Prj/IL2CPP/Gradle/unityLibrary/src/main/assets/bin/Data/f9a9551ce1bacf649bf8ebce2fd5247c
[ 139/1687  0s] CopyFiles C:/Users/jslade/CyberEyeXR/Library/Bee/Android/Prj/IL2CPP/Gradle/unityLibrary/src/main/assets/bin/Data/f83ed7fd4450fec4ebfa2fc1a2dd3a89
[ 140/1687  0s] CopyFiles C:/Users/jslade/CyberEyeXR/Library/Bee/Android/Prj/IL2CPP/Gradle/unityLibrary/src/main/assets/bin/Data/f7f5e36797cf0c1408561665c67b179b
[ 141/1687  0s] CopyFiles C:/Users/jslade/CyberEyeXR/Library/Bee/Android/Prj/IL2CPP/Gradle/unityLibrary/src/main/assets/bin/Data/f6ce33b91f6ffe54cadacbf4bb112440
[ 142/1687  0s] CopyFiles C:/Users/jslade/CyberEyeXR/Library/Bee/Android/Prj/IL2CPP/Gradle/unityLibrary/src/main/assets/bin/Data/f6b1a0fe75d5009449cf55ae76220e2b
[ 143/1687  0s] CopyFiles C:/Users/jslade/CyberEyeXR/Library/Bee/Android/Prj/IL2CPP/Gradle/unityLibrary/src/main/assets/bin/Data/f5d41aec1a532a34486a303124f530b4
[ 144/1687  0s] CopyFiles C:/Users/jslade/CyberEyeXR/Library/Bee/Android/Prj/IL2CPP/Gradle/unityLibrary/src/main/assets/bin/Data/f556bef586df81147920236aa139c992
[ 145/1687  0s] CopyFiles C:/Users/jslade/CyberEyeXR/Library/Bee/Android/Prj/IL2CPP/Gradle/unityLibrary/src/main/assets/bin/Data/f33f87dc47e7e9148a2a203d30060197
[ 146/1687  0s] CopyFiles C:/Users/jslade/CyberEyeXR/Library/Bee/Android/Prj/IL2CPP/Gradle/unityLibrary/src/main/assets/bin/Data/f22bcc84a5f4a1944b075a2c4ac71493
[ 147/1687  0s] CopyFiles C:/Users/jslade/CyberEyeXR/Library/Bee/Android/Prj/IL2CPP/Gradle/unityLibrary/src/main/assets/bin/Data/f300c79d4ed897348a3b46fc5d04b63a
[ 148/1687  0s] CopyFiles C:/Users/jslade/CyberEyeXR/Library/Bee/Android/Prj/IL2CPP/Gradle/unityLibrary/src/main/assets/bin/Data/f14d590507ce4f858ce6b0d7423bc4d3
[ 149/1687  0s] CopyFiles C:/Users/jslade/CyberEyeXR/Library/Bee/Android/Prj/IL2CPP/Gradle/unityLibrary/src/main/assets/bin/Data/eb1360987a5f7bb42beef649d8ca2d42
[ 150/1687  0s] CopyFiles C:/Users/jslade/CyberEyeXR/Library/Bee/Android/Prj/IL2CPP/Gradle/unityLibrary/src/main/assets/bin/Data/ea2d7d491467e1843b44bdae610f0c2f
[ 151/1687  0s] CopyFiles C:/Users/jslade/CyberEyeXR/Library/Bee/Android/Prj/IL2CPP/Gradle/unityLibrary/src/main/assets/bin/Data/e88f7e8badceff84bbfc496e83b8bd9e
[ 152/1687  0s] CopyFiles C:/Users/jslade/CyberEyeXR/Library/Bee/Android/Prj/IL2CPP/Gradle/unityLibrary/src/main/assets/bin/Data/e73a58f6e2794ae7b1b7e50b7fb811b0
[ 153/1687  0s] CopyFiles C:/Users/jslade/CyberEyeXR/Library/Bee/Android/Prj/IL2CPP/Gradle/unityLibrary/src/main/assets/bin/Data/e697a10fb6911e44aabbf79cbcd09cab
[ 154/1687  0s] CopyFiles C:/Users/jslade/CyberEyeXR/Library/Bee/Android/Prj/IL2CPP/Gradle/unityLibrary/src/main/assets/bin/Data/e6ba9ac609f94a7419cfabbc37593eec
[ 155/1687  0s] CopyFiles C:/Users/jslade/CyberEyeXR/Library/Bee/Android/Prj/IL2CPP/Gradle/unityLibrary/src/main/assets/bin/Data/e5b6ac4d6ccc1f5478908d0aa32ea1b2
[ 156/1687  0s] CopyFiles C:/Users/jslade/CyberEyeXR/Library/Bee/Android/Prj/IL2CPP/Gradle/unityLibrary/src/main/assets/bin/Data/e5167d5597ba3044fb87bb8920a61cb4
[ 157/1687  0s] CopyFiles C:/Users/jslade/CyberEyeXR/Library/Bee/Android/Prj/IL2CPP/Gradle/unityLibrary/src/main/assets/bin/Data/e4b72576ac285624ba1924202684c823
[ 158/1687  0s] CopyFiles C:/Users/jslade/CyberEyeXR/Library/Bee/Android/Prj/IL2CPP/Gradle/unityLibrary/src/main/assets/bin/Data/e3265ab4bf004d28a9537516768c1c75
[ 159/1687  0s] CopyFiles C:/Users/jslade/CyberEyeXR/Library/Bee/Android/Prj/IL2CPP/Gradle/unityLibrary/src/main/assets/bin/Data/e2b12afd4d27418a9cfb2823fe2b9ff3
[ 160/1687  0s] CopyFiles C:/Users/jslade/CyberEyeXR/Library/Bee/Android/Prj/IL2CPP/Gradle/unityLibrary/src/main/assets/bin/Data/e2a4ced616c07944da2e390fae0560ea
[ 161/1687  0s] CopyFiles C:/Users/jslade/CyberEyeXR/Library/Bee/Android/Prj/IL2CPP/Gradle/unityLibrary/src/main/assets/bin/Data/e23a81f305c34a6479e1aa1421c3bc63
[ 162/1687  0s] CopyFiles C:/Users/jslade/CyberEyeXR/Library/Bee/Android/Prj/IL2CPP/Gradle/unityLibrary/src/main/assets/bin/Data/dfb7a3f5f19871845a31d50ebca45cbd
[ 163/1687  0s] CopyFiles C:/Users/jslade/CyberEyeXR/Library/Bee/Android/Prj/IL2CPP/Gradle/unityLibrary/src/main/assets/bin/Data/dffef66376be4fa480fb02b19edbe903
[ 164/1687  0s] CopyFiles C:/Users/jslade/CyberEyeXR/Library/Bee/Android/Prj/IL2CPP/Gradle/unityLibrary/src/main/assets/bin/Data/dc0f88987826e6e48b1fe9c7c2b53a53
[ 165/1687  0s] CopyFiles C:/Users/jslade/CyberEyeXR/Library/Bee/Android/Prj/IL2CPP/Gradle/unityLibrary/src/main/assets/bin/Data/db1d7c873232c274098b06d7b849ead1
[ 166/1687  0s] CopyFiles C:/Users/jslade/CyberEyeXR/Library/Bee/Android/Prj/IL2CPP/Gradle/unityLibrary/src/main/assets/bin/Data/daa46a58178a6ad41ae1ddc2dc7f856d
[ 167/1687  0s] CopyFiles C:/Users/jslade/CyberEyeXR/Library/Bee/Android/Prj/IL2CPP/Gradle/unityLibrary/src/main/assets/bin/Data/d8c744701b43c864b88e7f8144e19bc5
[ 168/1687  0s] CopyFiles C:/Users/jslade/CyberEyeXR/Library/Bee/Android/Prj/IL2CPP/Gradle/unityLibrary/src/main/assets/bin/Data/d82c1b31c7e74239bff1220585707d2b
[ 169/1687  0s] CopyFiles C:/Users/jslade/CyberEyeXR/Library/Bee/Android/Prj/IL2CPP/Gradle/unityLibrary/src/main/assets/bin/Data/d76289bd06264004ba8a30d1d7f38edf
[ 170/1687  0s] CopyFiles C:/Users/jslade/CyberEyeXR/Library/Bee/Android/Prj/IL2CPP/Gradle/unityLibrary/src/main/assets/bin/Data/d49e78756811bfa4aafb8b6535417991
[ 171/1687  0s] CopyFiles C:/Users/jslade/CyberEyeXR/Library/Bee/Android/Prj/IL2CPP/Gradle/unityLibrary/src/main/assets/bin/Data/d47f009476100f545971a81ede14c750
[ 172/1687  0s] CopyFiles C:/Users/jslade/CyberEyeXR/Library/Bee/Android/Prj/IL2CPP/Gradle/unityLibrary/src/main/assets/bin/Data/d30a9ff45293ba24e8aa582b0dc654f1
[ 173/1687  0s] CopyFiles C:/Users/jslade/CyberEyeXR/Library/Bee/Android/Prj/IL2CPP/Gradle/unityLibrary/src/main/assets/bin/Data/d3770aaa3bbd8384aabab9ddd383e21e
[ 174/1687  0s] CopyFiles C:/Users/jslade/CyberEyeXR/Library/Bee/Android/Prj/IL2CPP/Gradle/unityLibrary/src/main/assets/bin/Data/d2456ac9f78a08a439794819b9ca43c6
[ 175/1687  0s] CopyFiles C:/Users/jslade/CyberEyeXR/Library/Bee/Android/Prj/IL2CPP/Gradle/unityLibrary/src/main/assets/bin/Data/d05ce379079bdc24981764bf92992d1c
[ 176/1687  0s] CopyFiles C:/Users/jslade/CyberEyeXR/Library/Bee/Android/Prj/IL2CPP/Gradle/unityLibrary/src/main/assets/bin/Data/cfe24d04b120a8d4496b0755340a99e6
[ 177/1687  0s] CopyFiles C:/Users/jslade/CyberEyeXR/Library/Bee/Android/Prj/IL2CPP/Gradle/unityLibrary/src/main/assets/bin/Data/cf6cbdd672089a84796e55a21fed1cbe
[ 178/1687  0s] CopyFiles C:/Users/jslade/CyberEyeXR/Library/Bee/Android/Prj/IL2CPP/Gradle/unityLibrary/src/main/assets/bin/Data/cf81c85f95fe47e1a27f6ae460cf182c
[ 179/1687  0s] CopyFiles C:/Users/jslade/CyberEyeXR/Library/Bee/Android/Prj/IL2CPP/Gradle/unityLibrary/src/main/assets/bin/Data/ce347ad101f41ee4ab5c3fbc0ea447db
[ 180/1687  0s] CopyFiles C:/Users/jslade/CyberEyeXR/Library/Bee/Android/Prj/IL2CPP/Gradle/unityLibrary/src/main/assets/bin/Data/ca3e294656861a64b8aeeb9f916da0a9
[ 181/1687  0s] CopyFiles C:/Users/jslade/CyberEyeXR/Library/Bee/Android/Prj/IL2CPP/Gradle/unityLibrary/src/main/assets/bin/Data/c81c96aaa9dc80c459afd5c99920549f
[ 182/1687  0s] CopyFiles C:/Users/jslade/CyberEyeXR/Library/Bee/Android/Prj/IL2CPP/Gradle/unityLibrary/src/main/assets/bin/Data/c79610721bbad6e458d9fae3c565e23e
[ 183/1687  0s] CopyFiles C:/Users/jslade/CyberEyeXR/Library/Bee/Android/Prj/IL2CPP/Gradle/unityLibrary/src/main/assets/bin/Data/c7b92c392902f4043a03a64032c02fe1
[ 184/1687  0s] CopyFiles C:/Users/jslade/CyberEyeXR/Library/Bee/Android/Prj/IL2CPP/Gradle/unityLibrary/src/main/assets/bin/Data/c78f57667d2444140b9ea7f972235274
[ 185/1687  0s] CopyFiles C:/Users/jslade/CyberEyeXR/Library/Bee/Android/Prj/IL2CPP/Gradle/unityLibrary/src/main/assets/bin/Data/c78d03001c45ee547b26761bb1266448
[ 186/1687  0s] CopyFiles C:/Users/jslade/CyberEyeXR/Library/Bee/Android/Prj/IL2CPP/Gradle/unityLibrary/src/main/assets/bin/Data/c66659348633e544c91f1d7edc5e2791
[ 187/1687  0s] CopyFiles C:/Users/jslade/CyberEyeXR/Library/Bee/Android/Prj/IL2CPP/Gradle/unityLibrary/src/main/assets/bin/Data/c41005c129ba4d66911b75229fd70b45
[ 188/1687  0s] CopyFiles C:/Users/jslade/CyberEyeXR/Library/Bee/Android/Prj/IL2CPP/Gradle/unityLibrary/src/main/assets/bin/Data/c41c45858c61b6e4eaade095d00c7e35
[ 189/1687  0s] CopyFiles C:/Users/jslade/CyberEyeXR/Library/Bee/Android/Prj/IL2CPP/Gradle/unityLibrary/src/main/assets/bin/Data/c3f0fb50d69cee845a4ac364fcce9d1a
[ 190/1687  0s] CopyFiles C:/Users/jslade/CyberEyeXR/Library/Bee/Android/Prj/IL2CPP/Gradle/unityLibrary/src/main/assets/bin/Data/c39bb24e2bd7a482ca08117fb44b8e44
[ 191/1687  0s] CopyFiles C:/Users/jslade/CyberEyeXR/Library/Bee/Android/Prj/IL2CPP/Gradle/unityLibrary/src/main/assets/bin/Data/c2955aa4959aca5459e31244e2c15c75
[ 192/1687  0s] CopyFiles C:/Users/jslade/CyberEyeXR/Library/Bee/Android/Prj/IL2CPP/Gradle/unityLibrary/src/main/assets/bin/Data/c0ec7e5a3213644fc935356fe1b2b265
[ 193/1687  0s] CopyFiles C:/Users/jslade/CyberEyeXR/Library/Bee/Android/Prj/IL2CPP/Gradle/unityLibrary/src/main/assets/bin/Data/be2fce9270e7fa74285e34c689587b06
[ 194/1687  0s] CopyFiles C:/Users/jslade/CyberEyeXR/Library/Bee/Android/Prj/IL2CPP/Gradle/unityLibrary/src/main/assets/bin/Data/ba5a5f182b3f9a14fa153e9bee21a2c4
[ 195/1687  0s] CopyFiles C:/Users/jslade/CyberEyeXR/Library/Bee/Android/Prj/IL2CPP/Gradle/unityLibrary/src/main/assets/bin/Data/b8f19eb09cbddb744965bbaef73aa5bd
[ 196/1687  0s] CopyFiles C:/Users/jslade/CyberEyeXR/Library/Bee/Android/Prj/IL2CPP/Gradle/unityLibrary/src/main/assets/bin/Data/b815659d673da4345ac8fac9299ee3a2
[ 197/1687  0s] CopyFiles C:/Users/jslade/CyberEyeXR/Library/Bee/Android/Prj/IL2CPP/Gradle/unityLibrary/src/main/assets/bin/Data/b71baad181ac4094eb51882aea91996f
[ 198/1687  0s] CopyFiles C:/Users/jslade/CyberEyeXR/Library/Bee/Android/Prj/IL2CPP/Gradle/unityLibrary/src/main/assets/bin/Data/b5923c75ca47c6746a885e651f548143
[ 199/1687  0s] CopyFiles C:/Users/jslade/CyberEyeXR/Library/Bee/Android/Prj/IL2CPP/Gradle/unityLibrary/src/main/assets/bin/Data/b346b2a2df1d290438be3287b6419408
[ 200/1687  0s] CopyFiles C:/Users/jslade/CyberEyeXR/Library/Bee/Android/Prj/IL2CPP/Gradle/unityLibrary/src/main/assets/bin/Data/b2f528b98f844ed8b6b2d5fdf90b40e6
[ 201/1687  0s] CopyFiles C:/Users/jslade/CyberEyeXR/Library/Bee/Android/Prj/IL2CPP/Gradle/unityLibrary/src/main/assets/bin/Data/b2da6b27df236b144b3516ed8e7d36ac
[ 202/1687  0s] CopyFiles C:/Users/jslade/CyberEyeXR/Library/Bee/Android/Prj/IL2CPP/Gradle/unityLibrary/src/main/assets/bin/Data/b2ebc9df6fa8629499eec403b7e7e567
[ 203/1687  0s] CopyFiles C:/Users/jslade/CyberEyeXR/Library/Bee/Android/Prj/IL2CPP/Gradle/unityLibrary/src/main/assets/bin/Data/b036d9835cc41bb44a9435deab7c065f
[ 204/1687  0s] CopyFiles C:/Users/jslade/CyberEyeXR/Library/Bee/Android/Prj/IL2CPP/Gradle/unityLibrary/src/main/assets/bin/Data/ae00bb75e0cd5b04b8fe7fb4ab662629
[ 205/1687  0s] CopyFiles C:/Users/jslade/CyberEyeXR/Library/Bee/Android/Prj/IL2CPP/Gradle/unityLibrary/src/main/assets/bin/Data/ad83bc56407925d44a77a5bd01cd6783
[ 206/1687  0s] CopyFiles C:/Users/jslade/CyberEyeXR/Library/Bee/Android/Prj/IL2CPP/Gradle/unityLibrary/src/main/assets/bin/Data/abd23b183d1c39b45a0228d44c52a029
[ 207/1687  0s] CopyFiles C:/Users/jslade/CyberEyeXR/Library/Bee/Android/Prj/IL2CPP/Gradle/unityLibrary/src/main/assets/bin/Data/adaa285a80407144d8700e2cdada0126
[ 208/1687  0s] CopyFiles C:/Users/jslade/CyberEyeXR/Library/Bee/Android/Prj/IL2CPP/Gradle/unityLibrary/src/main/assets/bin/Data/aa8fe408f0ce6da4d990fc4950202f22
[ 209/1687  0s] CopyFiles C:/Users/jslade/CyberEyeXR/Library/Bee/Android/Prj/IL2CPP/Gradle/unityLibrary/src/main/assets/bin/Data/a87cfaef648f17c41b568e842e068c51
[ 210/1687  0s] CopyFiles C:/Users/jslade/CyberEyeXR/Library/Bee/Android/Prj/IL2CPP/Gradle/unityLibrary/src/main/assets/bin/Data/a674720496c1ed248a5b7ea3e22a11fd
[ 211/1687  0s] CopyFiles C:/Users/jslade/CyberEyeXR/Library/Bee/Android/Prj/IL2CPP/Gradle/unityLibrary/src/main/assets/bin/Data/a4d597e5b60a4054ba2bd32e5aa8d401
[ 212/1687  0s] CopyFiles C:/Users/jslade/CyberEyeXR/Library/Bee/Android/Prj/IL2CPP/Gradle/unityLibrary/src/main/assets/bin/Data/a2148203dd960814ca5db0c293ceda35
[ 213/1687  0s] CopyFiles C:/Users/jslade/CyberEyeXR/Library/Bee/Android/Prj/IL2CPP/Gradle/unityLibrary/src/main/assets/bin/Data/9ea4d38d4a10e3143a134d1f35be51b7
[ 214/1687  0s] CopyFiles C:/Users/jslade/CyberEyeXR/Library/Bee/Android/Prj/IL2CPP/Gradle/unityLibrary/src/main/assets/bin/Data/a612f75a6b65ab441a0d8045fbfe42f1
[ 215/1687  0s] CopyFiles C:/Users/jslade/CyberEyeXR/Library/Bee/Android/Prj/IL2CPP/Gradle/unityLibrary/src/main/assets/bin/Data/9e0e8180144845d2b3c5dd5a663b9b87
[ 216/1687  0s] CopyFiles C:/Users/jslade/CyberEyeXR/Library/Bee/Android/Prj/IL2CPP/Gradle/unityLibrary/src/main/assets/bin/Data/9e0bdc7e646eb4c41901d1440741c569
[ 217/1687  0s] CopyFiles C:/Users/jslade/CyberEyeXR/Library/Bee/Android/Prj/IL2CPP/Gradle/unityLibrary/src/main/assets/bin/Data/9cfce579de4d59b4ab6b1a9f8ae13c20
[ 218/1687  0s] CopyFiles C:/Users/jslade/CyberEyeXR/Library/Bee/Android/Prj/IL2CPP/Gradle/unityLibrary/src/main/assets/bin/Data/9c81d7c8f6be1124ca35cda21d76a228
[ 219/1687  0s] CopyFiles C:/Users/jslade/CyberEyeXR/Library/Bee/Android/Prj/IL2CPP/Gradle/unityLibrary/src/main/assets/bin/Data/9c4266a79a9d1774cb85fd1ce8a6431c
[ 220/1687  0s] CopyFiles C:/Users/jslade/CyberEyeXR/Library/Bee/Android/Prj/IL2CPP/Gradle/unityLibrary/src/main/assets/bin/Data/988db55689193434fb0b3b89538f978f
[ 221/1687  0s] CopyFiles C:/Users/jslade/CyberEyeXR/Library/Bee/Android/Prj/IL2CPP/Gradle/unityLibrary/src/main/assets/bin/Data/9c13540b5501a5a4a9389aeda03947ea
[ 222/1687  0s] CopyFiles C:/Users/jslade/CyberEyeXR/Library/Bee/Android/Prj/IL2CPP/Gradle/unityLibrary/src/main/assets/bin/Data/98163469307528a4d81ec6a9148afb5f
[ 223/1687  0s] CopyFiles C:/Users/jslade/CyberEyeXR/Library/Bee/Android/Prj/IL2CPP/Gradle/unityLibrary/src/main/assets/bin/Data/9828d2ad9cf725844aa703e61445ec06
[ 224/1687  0s] CopyFiles C:/Users/jslade/CyberEyeXR/Library/Bee/Android/Prj/IL2CPP/Gradle/unityLibrary/src/main/assets/bin/Data/97a45b43eb989fb4280dcf4d273f8dd9
[ 225/1687  0s] CopyFiles C:/Users/jslade/CyberEyeXR/Library/Bee/Android/Prj/IL2CPP/Gradle/unityLibrary/src/main/assets/bin/Data/95bbecfad388985419c0d7ea707d0ddd
[ 226/1687  0s] CopyFiles C:/Users/jslade/CyberEyeXR/Library/Bee/Android/Prj/IL2CPP/Gradle/unityLibrary/src/main/assets/bin/Data/94afea5f242d72547979595ba963f335
[ 227/1687  0s] CopyFiles C:/Users/jslade/CyberEyeXR/Library/Bee/Android/Prj/IL2CPP/Gradle/unityLibrary/src/main/assets/bin/Data/950042044eb8b45cfb957653439b0be7
[ 228/1687  0s] CopyFiles C:/Users/jslade/CyberEyeXR/Library/Bee/Android/Prj/IL2CPP/Gradle/unityLibrary/src/main/assets/bin/Data/928d1ca04af80c84e8d5dabc18095d79
[ 229/1687  0s] CopyFiles C:/Users/jslade/CyberEyeXR/Library/Bee/Android/Prj/IL2CPP/Gradle/unityLibrary/src/main/assets/bin/Data/90976b5d87133734892bc0f74d481c2d
[ 230/1687  0s] CopyFiles C:/Users/jslade/CyberEyeXR/Library/Bee/Android/Prj/IL2CPP/Gradle/unityLibrary/src/main/assets/bin/Data/8ed47df963cf6f9409874a2ddbf1f096
[ 231/1687  0s] CopyFiles C:/Users/jslade/CyberEyeXR/Library/Bee/Android/Prj/IL2CPP/Gradle/unityLibrary/src/main/assets/bin/Data/8b3eb5dc68bcb0543993d824868695e1
[ 232/1687  0s] CopyFiles C:/Users/jslade/CyberEyeXR/Library/Bee/Android/Prj/IL2CPP/Gradle/unityLibrary/src/main/assets/bin/Data/8f586378b4e144a9851e7b34d9b748ee
[ 233/1687  0s] CopyFiles C:/Users/jslade/CyberEyeXR/Library/Bee/Android/Prj/IL2CPP/Gradle/unityLibrary/src/main/assets/bin/Data/897317900dfc6584ba4874765def2253
[ 234/1687  0s] CopyFiles C:/Users/jslade/CyberEyeXR/Library/Bee/Android/Prj/IL2CPP/Gradle/unityLibrary/src/main/assets/bin/Data/8778e6b26b51c6a4999b94d7cacd8b5d
[ 235/1687  0s] CopyFiles C:/Users/jslade/CyberEyeXR/Library/Bee/Android/Prj/IL2CPP/Gradle/unityLibrary/src/main/assets/bin/Data/81eabe824afe93d449780d8235c418f7
[ 236/1687  0s] CopyFiles C:/Users/jslade/CyberEyeXR/Library/Bee/Android/Prj/IL2CPP/Gradle/unityLibrary/src/main/assets/bin/Data/7d4c4a5297b240442b26b0a15942fe1b
[ 237/1687  0s] CopyFiles C:/Users/jslade/CyberEyeXR/Library/Bee/Android/Prj/IL2CPP/Gradle/unityLibrary/src/main/assets/bin/Data/7c78b588b2e1f7c4a86ca4a985cf6e4a
[ 238/1687  0s] CopyFiles C:/Users/jslade/CyberEyeXR/Library/Bee/Android/Prj/IL2CPP/Gradle/unityLibrary/src/main/assets/bin/Data/7a225a456fc1fd34993bc39a9536138c
[ 239/1687  0s] CopyFiles C:/Users/jslade/CyberEyeXR/Library/Bee/Android/Prj/IL2CPP/Gradle/unityLibrary/src/main/assets/bin/Data/7a13e642186f4196824b16fd668928b1
[ 240/1687  0s] CopyFiles C:/Users/jslade/CyberEyeXR/Library/Bee/Android/Prj/IL2CPP/Gradle/unityLibrary/src/main/assets/bin/Data/7a0568d5e3330b84687e307992be3030
[ 241/1687  0s] CopyFiles C:/Users/jslade/CyberEyeXR/Library/Bee/Android/Prj/IL2CPP/Gradle/unityLibrary/src/main/assets/bin/Data/79459efec17a4d00a321bdcc27bbc385
[ 242/1687  0s] CopyFiles C:/Users/jslade/CyberEyeXR/Library/Bee/Android/Prj/IL2CPP/Gradle/unityLibrary/src/main/assets/bin/Data/78866482fc7128b4e929cd71636834b8
[ 243/1687  0s] CopyFiles C:/Users/jslade/CyberEyeXR/Library/Bee/Android/Prj/IL2CPP/Gradle/unityLibrary/src/main/assets/bin/Data/77c53608d0ab97044a88bdac2a324944
[ 244/1687  0s] CopyFiles C:/Users/jslade/CyberEyeXR/Library/Bee/Android/Prj/IL2CPP/Gradle/unityLibrary/src/main/assets/bin/Data/77c185820dd1a464eac89cae3abccddf
[ 245/1687  0s] CopyFiles C:/Users/jslade/CyberEyeXR/Library/Bee/Android/Prj/IL2CPP/Gradle/unityLibrary/src/main/assets/bin/Data/74a5091d8707f334b9a5c31ef71a64ba
[ 246/1687  0s] CopyFiles C:/Users/jslade/CyberEyeXR/Library/Bee/Android/Prj/IL2CPP/Gradle/unityLibrary/src/main/assets/bin/Data/701fd8bcd92259745b56acd7a98edeaf
[ 247/1687  0s] CopyFiles C:/Users/jslade/CyberEyeXR/Library/Bee/Android/Prj/IL2CPP/Gradle/unityLibrary/src/main/assets/bin/Data/6ef3b626fe013c64cb2a9e4c0bb5c885
[ 248/1687  0s] CopyFiles C:/Users/jslade/CyberEyeXR/Library/Bee/Android/Prj/IL2CPP/Gradle/unityLibrary/src/main/assets/bin/Data/6d2cbf3ac60600b4dacc1ec127bc19ba
[ 249/1687  0s] CopyFiles C:/Users/jslade/CyberEyeXR/Library/Bee/Android/Prj/IL2CPP/Gradle/unityLibrary/src/main/assets/bin/Data/6db878f4f09cdea478e3c469c5070ebc
[ 250/1687  0s] CopyFiles C:/Users/jslade/CyberEyeXR/Library/Bee/Android/Prj/IL2CPP/Gradle/unityLibrary/src/main/assets/bin/Data/6c558750aaf135b4f926ab11237dbcaf
[ 251/1687  0s] CopyFiles C:/Users/jslade/CyberEyeXR/Library/Bee/Android/Prj/IL2CPP/Gradle/unityLibrary/src/main/assets/bin/Data/6c51dba462962144995b368f08dbc85f
[ 252/1687  0s] CopyFiles C:/Users/jslade/CyberEyeXR/Library/Bee/Android/Prj/IL2CPP/Gradle/unityLibrary/src/main/assets/bin/Data/6c4bf46f32019704e8b2efc0d062d054
[ 253/1687  0s] CopyFiles C:/Users/jslade/CyberEyeXR/Library/Bee/Android/Prj/IL2CPP/Gradle/unityLibrary/src/main/assets/bin/Data/653e69364a94c0e44af62210998ac051
[ 254/1687  0s] CopyFiles C:/Users/jslade/CyberEyeXR/Library/Bee/Android/Prj/IL2CPP/Gradle/unityLibrary/src/main/assets/bin/Data/66c4183e4760c1e4d9071d23d0bf4fac
[ 255/1687  0s] CopyFiles C:/Users/jslade/CyberEyeXR/Library/Bee/Android/Prj/IL2CPP/Gradle/unityLibrary/src/main/assets/bin/Data/650336bc71564104bb90727f54f81f92
[ 256/1687  0s] CopyFiles C:/Users/jslade/CyberEyeXR/Library/Bee/Android/Prj/IL2CPP/Gradle/unityLibrary/src/main/assets/bin/Data/64ef9f1f0ce622b4095b58cdfbfee342
[ 257/1687  0s] CopyFiles C:/Users/jslade/CyberEyeXR/Library/Bee/Android/Prj/IL2CPP/Gradle/unityLibrary/src/main/assets/bin/Data/623000f165ee0624a8924a4bc2a4ee76
[ 258/1687  0s] CopyFiles C:/Users/jslade/CyberEyeXR/Library/Bee/Android/Prj/IL2CPP/Gradle/unityLibrary/src/main/assets/bin/Data/6126865a5c82ffe469c330dee64b2ead
[ 259/1687  0s] CopyFiles C:/Users/jslade/CyberEyeXR/Library/Bee/Android/Prj/IL2CPP/Gradle/unityLibrary/src/main/assets/bin/Data/5e9131fe657dd784ea93afffb7fb1219
[ 260/1687  0s] CopyFiles C:/Users/jslade/CyberEyeXR/Library/Bee/Android/Prj/IL2CPP/Gradle/unityLibrary/src/main/assets/bin/Data/61dc2ebdd095115469ace4fae36bfbdb
[ 261/1687  0s] CopyFiles C:/Users/jslade/CyberEyeXR/Library/Bee/Android/Prj/IL2CPP/Gradle/unityLibrary/src/main/assets/bin/Data/599cadea8d92434fb728c181a214b8e0
[ 262/1687  0s] CopyFiles C:/Users/jslade/CyberEyeXR/Library/Bee/Android/Prj/IL2CPP/Gradle/unityLibrary/src/main/assets/bin/Data/50d1c06e2a5646f4180d52168365d2ef
[ 263/1687  0s] CopyFiles C:/Users/jslade/CyberEyeXR/Library/Bee/Android/Prj/IL2CPP/Gradle/unityLibrary/src/main/assets/bin/Data/5088d0220f0c4df439cf06c5c270eacb
[ 264/1687  0s] CopyFiles C:/Users/jslade/CyberEyeXR/Library/Bee/Android/Prj/IL2CPP/Gradle/unityLibrary/src/main/assets/bin/Data/4edb45e088808554f94b9545fe25772d
[ 265/1687  0s] CopyFiles C:/Users/jslade/CyberEyeXR/Library/Bee/Android/Prj/IL2CPP/Gradle/unityLibrary/src/main/assets/bin/Data/4e71feb780ba59542bfe93bb5d3a6dbe
[ 266/1687  0s] CopyFiles C:/Users/jslade/CyberEyeXR/Library/Bee/Android/Prj/IL2CPP/Gradle/unityLibrary/src/main/assets/bin/Data/48fb043c850cadc4a883b53785e14c6e
[ 267/1687  0s] CopyFiles C:/Users/jslade/CyberEyeXR/Library/Bee/Android/Prj/IL2CPP/Gradle/unityLibrary/src/main/assets/bin/Data/4d57a351382cc4d4384f14d67b4a1382
[ 268/1687  0s] CopyFiles C:/Users/jslade/CyberEyeXR/Library/Bee/Android/Prj/IL2CPP/Gradle/unityLibrary/src/main/assets/bin/Data/4718ce466e2248946a4c915e1df242d7
[ 269/1687  0s] CopyFiles C:/Users/jslade/CyberEyeXR/Library/Bee/Android/Prj/IL2CPP/Gradle/unityLibrary/src/main/assets/bin/Data/44d50c7ed27ce6e4eb04e397ed2a591c
[ 270/1687  0s] CopyFiles C:/Users/jslade/CyberEyeXR/Library/Bee/Android/Prj/IL2CPP/Gradle/unityLibrary/src/main/assets/bin/Data/443dde1cabf4f5049818dd233855b86c
[ 271/1687  0s] CopyFiles C:/Users/jslade/CyberEyeXR/Library/Bee/Android/Prj/IL2CPP/Gradle/unityLibrary/src/main/assets/bin/Data/42507a0fd42be13429d5656a130c057b
[ 272/1687  0s] CopyFiles C:/Users/jslade/CyberEyeXR/Library/Bee/Android/Prj/IL2CPP/Gradle/unityLibrary/src/main/assets/bin/Data/41faa744b4574744d9dfc5f41cf2feed
[ 273/1687  0s] CopyFiles C:/Users/jslade/CyberEyeXR/Library/Bee/Android/Prj/IL2CPP/Gradle/unityLibrary/src/main/assets/bin/Data/417fa020772413b488cc80ba8b487504
[ 274/1687  0s] CopyFiles C:/Users/jslade/CyberEyeXR/Library/Bee/Android/Prj/IL2CPP/Gradle/unityLibrary/src/main/assets/bin/Data/412d7b60e44e3c14eb26c2ebf8714e8d
[ 275/1687  0s] CopyFiles C:/Users/jslade/CyberEyeXR/Library/Bee/Android/Prj/IL2CPP/Gradle/unityLibrary/src/main/assets/bin/Data/3f5b5dff67a942289a9defa416b206f3
[ 276/1687  0s] CopyFiles C:/Users/jslade/CyberEyeXR/Library/Bee/Android/Prj/IL2CPP/Gradle/unityLibrary/src/main/assets/bin/Data/398bb746b335d6d4b8a6f96251c516a5
[ 277/1687  0s] CopyFiles C:/Users/jslade/CyberEyeXR/Library/Bee/Android/Prj/IL2CPP/Gradle/unityLibrary/src/main/assets/bin/Data/38a07789c9e87004dad98c2909f58369
[ 278/1687  0s] CopyFiles C:/Users/jslade/CyberEyeXR/Library/Bee/Android/Prj/IL2CPP/Gradle/unityLibrary/src/main/assets/bin/Data/33f3b1982a31b524983126ac35015f67
[ 279/1687  0s] CopyFiles C:/Users/jslade/CyberEyeXR/Library/Bee/Android/Prj/IL2CPP/Gradle/unityLibrary/src/main/assets/bin/Data/338b0fab3081b1e4db54abc83b1f45a5
[ 280/1687  0s] CopyFiles C:/Users/jslade/CyberEyeXR/Library/Bee/Android/Prj/IL2CPP/Gradle/unityLibrary/src/main/assets/bin/Data/2ea78a964eae8e443bd2c8c91a5f8434
[ 281/1687  0s] CopyFiles C:/Users/jslade/CyberEyeXR/Library/Bee/Android/Prj/IL2CPP/Gradle/unityLibrary/src/main/assets/bin/Data/326f7c58aed965d41bf7805a782d1e44
[ 282/1687  0s] CopyFiles C:/Users/jslade/CyberEyeXR/Library/Bee/Android/Prj/IL2CPP/Gradle/unityLibrary/src/main/assets/bin/Data/2e498d1c8094910479dc3e1b768306a4
[ 283/1687  0s] CopyFiles C:/Users/jslade/CyberEyeXR/Library/Bee/Android/Prj/IL2CPP/Gradle/unityLibrary/src/main/assets/bin/Data/2d019437ff89b8d44949727731cd9357
[ 284/1687  0s] CopyFiles C:/Users/jslade/CyberEyeXR/Library/Bee/Android/Prj/IL2CPP/Gradle/unityLibrary/src/main/assets/bin/Data/2c170f454afe12e469e1f5d33434caa4
[ 285/1687  0s] CopyFiles C:/Users/jslade/CyberEyeXR/Library/Bee/Android/Prj/IL2CPP/Gradle/unityLibrary/src/main/assets/bin/Data/2aa6309ac12fd9342b1031ae5063657c
[ 286/1687  0s] CopyFiles C:/Users/jslade/CyberEyeXR/Library/Bee/Android/Prj/IL2CPP/Gradle/unityLibrary/src/main/assets/bin/Data/29341e3cec688724c89620641473c512
[ 287/1687  0s] CopyFiles C:/Users/jslade/CyberEyeXR/Library/Bee/Android/Prj/IL2CPP/Gradle/unityLibrary/src/main/assets/bin/Data/25f6d0fd2614da34b862ef9505c0dc80
[ 288/1687  0s] CopyFiles C:/Users/jslade/CyberEyeXR/Library/Bee/Android/Prj/IL2CPP/Gradle/unityLibrary/src/main/assets/bin/Data/2644d6537187afe4db56e15292905ef1
[ 289/1687  0s] CopyFiles C:/Users/jslade/CyberEyeXR/Library/Bee/Android/Prj/IL2CPP/Gradle/unityLibrary/src/main/assets/bin/Data/24a90fa16ab24507abdec53849b3a02e
[ 290/1687  0s] CopyFiles C:/Users/jslade/CyberEyeXR/Library/Bee/Android/Prj/IL2CPP/Gradle/unityLibrary/src/main/assets/bin/Data/21efdbaf368369a4c9315999314fe951
[ 291/1687  0s] CopyFiles C:/Users/jslade/CyberEyeXR/Library/Bee/Android/Prj/IL2CPP/Gradle/unityLibrary/src/main/assets/bin/Data/21916bd92136f024bb137a4ed23e9a2e
[ 292/1687  0s] CopyFiles C:/Users/jslade/CyberEyeXR/Library/Bee/Android/Prj/IL2CPP/Gradle/unityLibrary/src/main/assets/bin/Data/1c87ab2ce8b8b304d98fbe9a734b1f74
[ 293/1687  0s] CopyFiles C:/Users/jslade/CyberEyeXR/Library/Bee/Android/Prj/IL2CPP/Gradle/unityLibrary/src/main/assets/bin/Data/1dd796eaee8744b4aa41b3f8bf5df64f
[ 294/1687  0s] CopyFiles C:/Users/jslade/CyberEyeXR/Library/Bee/Android/Prj/IL2CPP/Gradle/unityLibrary/src/main/assets/bin/Data/1ad904b919efe444585d30d515fcdccf
[ 295/1687  0s] CopyFiles C:/Users/jslade/CyberEyeXR/Library/Bee/Android/Prj/IL2CPP/Gradle/unityLibrary/src/main/assets/bin/Data/1a07c691324387740b607ae6b8b478e0
[ 296/1687  0s] CopyFiles C:/Users/jslade/CyberEyeXR/Library/Bee/Android/Prj/IL2CPP/Gradle/unityLibrary/src/main/assets/bin/Data/196522ca0f611744fa187099d38ee9a4
[ 297/1687  0s] CopyFiles C:/Users/jslade/CyberEyeXR/Library/Bee/Android/Prj/IL2CPP/Gradle/unityLibrary/src/main/assets/bin/Data/16f6765321ffa364a89806e925d59d69
[ 298/1687  0s] CopyFiles C:/Users/jslade/CyberEyeXR/Library/Bee/Android/Prj/IL2CPP/Gradle/unityLibrary/src/main/assets/bin/Data/1667cd4d181f4c38b2d409d10d3b341f
[ 299/1687  0s] CopyFiles C:/Users/jslade/CyberEyeXR/Library/Bee/Android/Prj/IL2CPP/Gradle/unityLibrary/src/main/assets/bin/Data/15f5447a55aa4024cb5a8ca05ca1e3d4
[ 300/1687  0s] CopyFiles C:/Users/jslade/CyberEyeXR/Library/Bee/Android/Prj/IL2CPP/Gradle/unityLibrary/src/main/assets/bin/Data/15a0aa31c9b91c041925cc3de29c4e26
[ 301/1687  0s] CopyFiles C:/Users/jslade/CyberEyeXR/Library/Bee/Android/Prj/IL2CPP/Gradle/unityLibrary/src/main/assets/bin/Data/140260594244d6343adb4806e23bfef6
[ 302/1687  0s] CopyFiles C:/Users/jslade/CyberEyeXR/Library/Bee/Android/Prj/IL2CPP/Gradle/unityLibrary/src/main/assets/bin/Data/12956b51986598647b8f8efc56c79728
[ 303/1687  0s] CopyFiles C:/Users/jslade/CyberEyeXR/Library/Bee/Android/Prj/IL2CPP/Gradle/unityLibrary/src/main/assets/bin/Data/126a6b15060a41b4fb93ca8ea360fea0
[ 304/1687  0s] CopyFiles C:/Users/jslade/CyberEyeXR/Library/Bee/Android/Prj/IL2CPP/Gradle/unityLibrary/src/main/assets/bin/Data/127279d577f25ac4ea17dae3782e5074
[ 305/1687  0s] CopyFiles C:/Users/jslade/CyberEyeXR/Library/Bee/Android/Prj/IL2CPP/Gradle/unityLibrary/src/main/assets/bin/Data/119b1da74a8d931419afaa5b9d750321
[ 306/1687  0s] CopyFiles C:/Users/jslade/CyberEyeXR/Library/Bee/Android/Prj/IL2CPP/Gradle/unityLibrary/src/main/assets/bin/Data/10a25524b0986f9488b430e2829bbbe8
[ 307/1687  0s] CopyFiles C:/Users/jslade/CyberEyeXR/Library/Bee/Android/Prj/IL2CPP/Gradle/unityLibrary/src/main/assets/bin/Data/0caebc90d3e9cf34ab027d9ac1f3f862
[ 308/1687  0s] CopyFiles C:/Users/jslade/CyberEyeXR/Library/Bee/Android/Prj/IL2CPP/Gradle/unityLibrary/src/main/assets/bin/Data/0c707c0ce1bfd22408c52e496dec07d2
[ 309/1687  0s] CopyFiles C:/Users/jslade/CyberEyeXR/Library/Bee/Android/Prj/IL2CPP/Gradle/unityLibrary/src/main/assets/bin/Data/0b25a979fca8ac84ab6ed05213a2f3af
[ 310/1687  0s] CopyFiles C:/Users/jslade/CyberEyeXR/Library/Bee/Android/Prj/IL2CPP/Gradle/unityLibrary/src/main/assets/bin/Data/085ca6db92712e24793d78b4ae719f98
[ 311/1687  0s] CopyFiles C:/Users/jslade/CyberEyeXR/Library/Bee/Android/Prj/IL2CPP/Gradle/unityLibrary/src/main/assets/bin/Data/059549276313d2f439e017403c57d387
[ 312/1687  0s] CopyFiles C:/Users/jslade/CyberEyeXR/Library/Bee/Android/Prj/IL2CPP/Gradle/unityLibrary/src/main/assets/bin/Data/03b1a861a358e4d47bed8f39804b5214
[ 313/1687  0s] CopyFiles C:/Users/jslade/CyberEyeXR/Library/Bee/Android/Prj/IL2CPP/Gradle/unityLibrary/src/main/assets/bin/Data/01e92b6b2795b354ba57e218f2acd000
[ 314/1687  0s] CopyFiles C:/Users/jslade/CyberEyeXR/Library/Bee/Android/Prj/IL2CPP/Gradle/unityLibrary/src/main/assets/bin/Data/0000000000000000f000000000000000
[ 315/1687  0s] SplitFile Library/Bee/artifacts/Android/Split/level0
[ 316/1687  0s] CopyFiles C:/Users/jslade/CyberEyeXR/Library/Bee/Android/Prj/IL2CPP/Gradle/unityLibrary/src/main/assets/bin/Data/level0
[ 318/1687  0s] SplitFile Library/Bee/artifacts/Android/Split/globalgamemanagers.assets
[ 319/1687  0s] CopyFiles C:/Users/jslade/CyberEyeXR/Library/Bee/Android/Prj/IL2CPP/Gradle/unityLibrary/src/main/assets/bin/Data/globalgamemanagers.assets.split2
[ 320/1687  0s] CopyFiles C:/Users/jslade/CyberEyeXR/Library/Bee/Android/Prj/IL2CPP/Gradle/unityLibrary/src/main/assets/bin/Data/globalgamemanagers.assets.split0
[ 321/1687  0s] CopyFiles C:/Users/jslade/CyberEyeXR/Library/Bee/Android/Prj/IL2CPP/Gradle/unityLibrary/src/main/assets/bin/Data/globalgamemanagers.assets.split1
[ 322/1687  0s] AddBootConfigGUID Library/Bee/artifacts/Android/boot.config
[ 323/1687  0s] SplitFile Library/Bee/artifacts/Android/Split/sharedassets0.assets
[ 324/1687  0s] CopyFiles C:/Users/jslade/CyberEyeXR/Library/Bee/Android/Prj/IL2CPP/Gradle/unityLibrary/src/main/assets/bin/Data/sharedassets0.assets.split9
[ 325/1687  0s] CopyFiles C:/Users/jslade/CyberEyeXR/Library/Bee/Android/Prj/IL2CPP/Gradle/unityLibrary/src/main/assets/bin/Data/sharedassets0.assets.split5
[ 326/1687  0s] CopyFiles C:/Users/jslade/CyberEyeXR/Library/Bee/Android/Prj/IL2CPP/Gradle/unityLibrary/src/main/assets/bin/Data/sharedassets0.assets.split1
[ 327/1687  0s] CopyFiles C:/Users/jslade/CyberEyeXR/Library/Bee/Android/Prj/IL2CPP/Gradle/unityLibrary/src/main/assets/bin/Data/sharedassets0.assets.split2
[ 328/1687  0s] CopyFiles C:/Users/jslade/CyberEyeXR/Library/Bee/Android/Prj/IL2CPP/Gradle/unityLibrary/src/main/assets/bin/Data/sharedassets0.assets.split0
[ 329/1687  0s] CopyFiles C:/Users/jslade/CyberEyeXR/Library/Bee/Android/Prj/IL2CPP/Gradle/unityLibrary/src/main/assets/bin/Data/sharedassets0.assets.split7
[ 330/1687  0s] CopyFiles C:/Users/jslade/CyberEyeXR/Library/Bee/Android/Prj/IL2CPP/Gradle/unityLibrary/src/main/assets/bin/Data/sharedassets0.assets.split6
[ 331/1687  0s] CopyFiles C:/Users/jslade/CyberEyeXR/Library/Bee/Android/Prj/IL2CPP/Gradle/unityLibrary/src/main/assets/bin/Data/sharedassets0.assets.split8
[ 332/1687  0s] CopyFiles C:/Users/jslade/CyberEyeXR/Library/Bee/Android/Prj/IL2CPP/Gradle/unityLibrary/src/main/assets/bin/Data/sharedassets0.assets.split12
[ 333/1687  0s] CopyFiles C:/Users/jslade/CyberEyeXR/Library/Bee/Android/Prj/IL2CPP/Gradle/unityLibrary/src/main/assets/bin/Data/sharedassets0.assets.split4
[ 334/1687  0s] CopyFiles C:/Users/jslade/CyberEyeXR/Library/Bee/Android/Prj/IL2CPP/Gradle/unityLibrary/src/main/assets/bin/Data/sharedassets0.assets.split13
[ 335/1687  0s] CopyFiles C:/Users/jslade/CyberEyeXR/Library/Bee/Android/Prj/IL2CPP/Gradle/unityLibrary/src/main/assets/bin/Data/sharedassets0.assets.split3
[ 336/1687  0s] CopyFiles C:/Users/jslade/CyberEyeXR/Library/Bee/Android/Prj/IL2CPP/Gradle/unityLibrary/src/main/assets/bin/Data/sharedassets0.assets.split10
[ 337/1687  0s] CopyFiles C:/Users/jslade/CyberEyeXR/Library/Bee/Android/Prj/IL2CPP/Gradle/unityLibrary/src/main/assets/bin/Data/sharedassets0.assets.split11
[ 338/1687  0s] CopyFiles C:/Users/jslade/CyberEyeXR/Library/Bee/Android/Prj/IL2CPP/Gradle/unityLibrary/src/main/assets/bin/Data/boot.config
[BUSY       6s] UnityLinker C:/Users/jslade/CyberEyeXR/Library/Bee/artifacts/unitylinker_xy1a.traceevents
[ 339/1687 12s] UnityLinker C:/Users/jslade/CyberEyeXR/Library/Bee/artifacts/unitylinker_xy1a.traceevents
C:\Program Files\Unity\Hub\Editor\6000.0.78f1\Editor\Data\il2cpp\build\deploy\UnityLinker.exe @Library\Bee\artifacts\rsp\15328752142986626683.rsp
[ 544/1687  0s] CopyFiles C:/Users/jslade/CyberEyeXR/Library/Bee/Android/Prj/IL2CPP/Il2CppBackup/Managed/Assembly-CSharp.pdb
[ 545/1687  0s] CopyFiles C:/Users/jslade/CyberEyeXR/Library/Bee/Android/Prj/IL2CPP/Il2CppBackup/Managed/Assembly-CSharp.dll
[ 546/1687  0s] ExtractUsedFeatures Library/Bee/artifacts/Android/Features/Assembly-CSharp-FeaturesChecked.txt
[BUSY       6s] IL2CPP_CodeGen C:/Users/jslade/CyberEyeXR/Library/Bee/artifacts/il2cpp_conv_m012.traceevents
[BUSY      16s] IL2CPP_CodeGen C:/Users/jslade/CyberEyeXR/Library/Bee/artifacts/il2cpp_conv_m012.traceevents
C:/Users/jslade/CyberEyeXR/Library/PackageCache/com.unity.burst@6bb9aca3ef38/.Runtime\bcl.exe exited after 19447 ms.
stdout:
Starting 1 library requests
Done
stderr:

[ 547/1687 19s] GenerateNativePluginsForAssemblies Library/Bee/artifacts/Android/AsyncPluginsFromLinker
[BUSY      25s] IL2CPP_CodeGen C:/Users/jslade/CyberEyeXR/Library/Bee/artifacts/il2cpp_conv_m012.traceevents
[ 549/1687 25s] IL2CPP_CodeGen C:/Users/jslade/CyberEyeXR/Library/Bee/artifacts/il2cpp_conv_m012.traceevents
C:\Program Files\Unity\Hub\Editor\6000.0.78f1\Editor\Data\il2cpp\build\deploy\il2cpp.exe --convert-to-cpp --assembly=Library/Bee/artifacts/Android/ManagedStripped/Assembly-CSharp.dll --assembly=Library/Bee/artifacts/Android/ManagedStripped/Mono.Security.dll --assembly=Library/Bee/artifacts/Android/ManagedStripped/mscorlib.dll --assembly=Library/Bee/artifacts/Android/ManagedStripped/Newtonsoft.Json.dll --assembly=Library/Bee/artifacts/Android/ManagedStripped/System.Configuration.dll --assembly=Library/Bee/artifacts/Android/ManagedStripped/System.Core.dll --assembly=Library/Bee/artifacts/Android/ManagedStripped/System.Data.dll --assembly=Library/Bee/artifacts/Android/ManagedStripped/System.dll --assembly=Library/Bee/artifacts/Android/ManagedStripped/System.Drawing.dll --assembly=Library/Bee/artifacts/Android/ManagedStripped/System.Numerics.dll --assembly=Library/Bee/artifacts/Android/ManagedStripped/System.Runtime.Serialization.dll --assembly=Library/Bee/artifacts/Android/ManagedStripped/System.Xml.dll --assembly=Library/Bee/artifacts/Android/ManagedStripped/System.Xml.Linq.dll --assembly=Library/Bee/artifacts/Android/ManagedStripped/Unity.AppUI.dll --assembly=Library/Bee/artifacts/Android/ManagedStripped/Unity.AppUI.InternalAPIBridge.dll --assembly=Library/Bee/artifacts/Android/ManagedStripped/Unity.Burst.dll --assembly=Library/Bee/artifacts/Android/ManagedStripped/Unity.Burst.Unsafe.dll --assembly=Library/Bee/artifacts/Android/ManagedStripped/Unity.Collections.dll --assembly=Library/Bee/artifacts/Android/ManagedStripped/Unity.InferenceEngine.dll --assembly=Library/Bee/artifacts/Android/ManagedStripped/Unity.InputSystem.dll --assembly=Library/Bee/artifacts/Android/ManagedStripped/Unity.InputSystem.ForUI.dll --assembly=Library/Bee/artifacts/Android/ManagedStripped/Unity.Mathematics.dll --assembly=Library/Bee/artifacts/Android/ManagedStripped/Unity.RenderPipeline.Universal.ShaderLibrary.dll --assembly=Library/Bee/artifacts/Android/ManagedStripped/Unity.RenderPipelines.Core.Runtime.dll --assembly=Library/Bee/artifacts/Android/ManagedStripped/Unity.RenderPipelines.Core.Runtime.Shared.dll --assembly=Library/Bee/artifacts/Android/ManagedStripped/Unity.RenderPipelines.GPUDriven.Runtime.dll --assembly=Library/Bee/artifacts/Android/ManagedStripped/Unity.RenderPipelines.Universal.Runtime.dll --assembly=Library/Bee/artifacts/Android/ManagedStripped/Unity.TextMeshPro.dll --assembly=Library/Bee/artifacts/Android/ManagedStripped/Unity.XR.ARFoundation.dll --assembly=Library/Bee/artifacts/Android/ManagedStripped/Unity.XR.ARFoundation.InternalUtils.dll --assembly=Library/Bee/artifacts/Android/ManagedStripped/Unity.XR.ARSubsystems.dll --assembly=Library/Bee/artifacts/Android/ManagedStripped/Unity.XR.CoreUtils.dll --assembly=Library/Bee/artifacts/Android/ManagedStripped/Unity.XR.Interaction.Toolkit.dll --assembly=Library/Bee/artifacts/Android/ManagedStripped/Unity.XR.Management.dll --assembly=Library/Bee/artifacts/Android/ManagedStripped/Unity.XR.XREAL.dll --assembly=Library/Bee/artifacts/Android/ManagedStripped/UnityEngine.AIModule.dll --assembly=Library/Bee/artifacts/Android/ManagedStripped/UnityEngine.AndroidJNIModule.dll --assembly=Library/Bee/artifacts/Android/ManagedStripped/UnityEngine.AnimationModule.dll --assembly=Library/Bee/artifacts/Android/ManagedStripped/UnityEngine.AudioModule.dll --assembly=Library/Bee/artifacts/Android/ManagedStripped/UnityEngine.CoreModule.dll --assembly=Library/Bee/artifacts/Android/ManagedStripped/UnityEngine.dll --assembly=Library/Bee/artifacts/Android/ManagedStripped/UnityEngine.HierarchyCoreModule.dll --assembly=Library/Bee/artifacts/Android/ManagedStripped/UnityEngine.ImageConversionModule.dll --assembly=Library/Bee/artifacts/Android/ManagedStripped/UnityEngine.IMGUIModule.dll --assembly=Library/Bee/artifacts/Android/ManagedStripped/UnityEngine.InputForUIModule.dll --assembly=Library/Bee/artifacts/Android/ManagedStripped/UnityEngine.InputLegacyModule.dll --assembly=Library/Bee/artifacts/Android/ManagedStripped/UnityEngine.InputModule.dll --assembly=Library/Bee/artifacts/Android/ManagedStripped/UnityEngine.JSONSerializeModule.dll --assembly=Library/Bee/artifacts/Android/ManagedStripped/UnityEngine.ParticleSystemModule.dll --assembly=Library/Bee/artifacts/Android/ManagedStripped/UnityEngine.PhysicsModule.dll --assembly=Library/Bee/artifacts/Android/ManagedStripped/UnityEngine.PropertiesModule.dll --assembly=Library/Bee/artifacts/Android/ManagedStripped/UnityEngine.SharedInternalsModule.dll --assembly=Library/Bee/artifacts/Android/ManagedStripped/UnityEngine.SpatialTracking.dll --assembly=Library/Bee/artifacts/Android/ManagedStripped/UnityEngine.SubsystemsModule.dll --assembly=Library/Bee/artifacts/Android/ManagedStripped/UnityEngine.TerrainModule.dll --assembly=Library/Bee/artifacts/Android/ManagedStripped/UnityEngine.TextCoreFontEngineModule.dll --assembly=Library/Bee/artifacts/Android/ManagedStripped/UnityEngine.TextCoreTextEngineModule.dll --assembly=Library/Bee/artifacts/Android/ManagedStripped/UnityEngine.TextRenderingModule.dll --assembly=Library/Bee/artifacts/Android/ManagedStripped/UnityEngine.UI.dll --assembly=Library/Bee/artifacts/Android/ManagedStripped/UnityEngine.UIElementsModule.dll --assembly=Library/Bee/artifacts/Android/ManagedStripped/UnityEngine.UIModule.dll --assembly=Library/Bee/artifacts/Android/ManagedStripped/UnityEngine.UnityAnalyticsCommonModule.dll --assembly=Library/Bee/artifacts/Android/ManagedStripped/UnityEngine.UnityAnalyticsModule.dll --assembly=Library/Bee/artifacts/Android/ManagedStripped/UnityEngine.UnityConsentModule.dll --assembly=Library/Bee/artifacts/Android/ManagedStripped/UnityEngine.UnityWebRequestModule.dll --assembly=Library/Bee/artifacts/Android/ManagedStripped/UnityEngine.VFXModule.dll --assembly=Library/Bee/artifacts/Android/ManagedStripped/UnityEngine.VideoModule.dll --assembly=Library/Bee/artifacts/Android/ManagedStripped/UnityEngine.VRModule.dll --assembly=Library/Bee/artifacts/Android/ManagedStripped/UnityEngine.XRModule.dll --generatedcppdir=C:/Users/jslade/CyberEyeXR/Library/Bee/artifacts/Android/il2cppOutput/cpp --symbols-folder=C:/Users/jslade/CyberEyeXR/Library/Bee/artifacts/Android/il2cppOutput/cpp/Symbols --enable-analytics --emit-null-checks --enable-array-bounds-check --dotnetprofile=unityaot-linux --usymtool-path=C:/Program Files/Unity/Hub/Editor/6000.0.78f1/Editor/Data\Tools\usymtool.exe --profiler-report --profiler-output-file=C:/Users/jslade/CyberEyeXR/Library/Bee/artifacts/il2cpp_conv_m012.traceevents --print-command-line --static-lib-il2-cpp --data-folder=C:/Users/jslade/CyberEyeXR/Library/Bee/artifacts/Android/il2cppOutput/data --emit-source-mapping
Warning: [Unity.TextMeshPro] - System.Void TMPro.TMP_TextParsingUtilities::.cctor() - Method was given it's own cpp file because it is large and costly to compile
Warning: [Unity.TextMeshPro] - System.Void TMPro.TextMeshPro::GenerateTextMesh() - Method was given it's own cpp file because it is large and costly to compile
Warning: [Unity.TextMeshPro] - System.Void TMPro.TextMeshProUGUI::GenerateTextMesh() - Method was given it's own cpp file because it is large and costly to compile
[ 567/1687  0s] C_Android_arm64 Library/Bee/artifacts/Android/d8kzr/61brj65i0y1n.o
[ 568/1687  0s] C_Android_arm64 Library/Bee/artifacts/Android/d8kzr/rotukn705vrg.o
[ 572/1687  0s] C_Android_arm64 Library/Bee/artifacts/Android/d8kzr/0pyfc1jm4fft.o
[BUSY       6s] C_Android_arm64 Library/Bee/artifacts/Android/d8kzr/3t6tll32cvot.o
[ 578/1687  7s] C_Android_arm64 Library/Bee/artifacts/Android/d8kzr/imu4k6is6rqm.o
[ 580/1687  7s] C_Android_arm64 Library/Bee/artifacts/Android/d8kzr/ntrsm1do0xjb.o
[ 588/1687 10s] C_Android_arm64 Library/Bee/artifacts/Android/d8kzr/rlaghpsy723j.o
[ 589/1687  0s] C_Android_arm64 Library/Bee/artifacts/Android/d8kzr/s29s5e2gfj39.o
[ 595/1687 15s] C_Android_arm64 Library/Bee/artifacts/Android/d8kzr/l9r87v4j5rgi.o
[ 597/1687  0s] C_Android_arm64 Library/Bee/artifacts/Android/d8kzr/rmu1c42a6us3.o
[ 598/1687 16s] C_Android_arm64 Library/Bee/artifacts/Android/d8kzr/li5eg6vk5ssa.o
[ 599/1687  5s] C_Android_arm64 Library/Bee/artifacts/Android/d8kzr/aa50noz657av.o
[ 601/1687 19s] C_Android_arm64 Library/Bee/artifacts/Android/d8kzr/3t6tll32cvot.o
[ 603/1687  0s] C_Android_arm64 Library/Bee/artifacts/Android/d8kzr/tqycjuk5q76e.o
[ 605/1687 19s] C_Android_arm64 Library/Bee/artifacts/Android/d8kzr/68a4xsar5rrr.o
[ 608/1687  1s] C_Android_arm64 Library/Bee/artifacts/Android/d8kzr/xaeiuz0ax2pn.o
[ 610/1687 20s] C_Android_arm64 Library/Bee/artifacts/Android/d8kzr/i17iea93h2wx.o
[ 614/1687 15s] C_Android_arm64 Library/Bee/artifacts/Android/d8kzr/qxwdl9t8newd.o
[ 620/1687  5s] C_Android_arm64 Library/Bee/artifacts/Android/d8kzr/o1k1fw1gq7uc.o
[ 621/1687  1s] C_Android_arm64 Library/Bee/artifacts/Android/d8kzr/ynvrfnwjd4zl.o
[ 622/1687  6s] C_Android_arm64 Library/Bee/artifacts/Android/d8kzr/gmnfmvn04jd1.o
[ 628/1687  7s] C_Android_arm64 Library/Bee/artifacts/Android/d8kzr/99hea9hhp7uf.o
[ 629/1687 24s] C_Android_arm64 Library/Bee/artifacts/Android/d8kzr/yj6989ea948r.o
[ 631/1687 15s] C_Android_arm64 Library/Bee/artifacts/Android/d8kzr/7selqwy2fmsc.o
[ 632/1687  6s] C_Android_arm64 Library/Bee/artifacts/Android/d8kzr/unjrl32rylgk.o
[ 635/1687 17s] C_Android_arm64 Library/Bee/artifacts/Android/d8kzr/ddt6k22wmf1w.o
[ 636/1687  6s] C_Android_arm64 Library/Bee/artifacts/Android/d8kzr/d33hmrep4q9j.o
[ 637/1687  5s] C_Android_arm64 Library/Bee/artifacts/Android/d8kzr/la3lldbw5rql.o
[ 639/1687 24s] C_Android_arm64 Library/Bee/artifacts/Android/d8kzr/zuhagh1oy2zb.o
[ 641/1687 17s] C_Android_arm64 Library/Bee/artifacts/Android/d8kzr/cs51wnvybvs0.o
[ 648/1687  1s] C_Android_arm64 Library/Bee/artifacts/Android/d8kzr/xuy33fbylma4.o
[ 649/1687  2s] C_Android_arm64 Library/Bee/artifacts/Android/d8kzr/m66wg8r5jfhc.o
[ 650/1687 18s] C_Android_arm64 Library/Bee/artifacts/Android/d8kzr/ccgneoz9dikj.o
[ 654/1687  7s] C_Android_arm64 Library/Bee/artifacts/Android/d8kzr/p8p0y5vg1ozi.o
[ 658/1687 21s] C_Android_arm64 Library/Bee/artifacts/Android/d8kzr/dc2wdrjkf6v9.o
[ 660/1687 15s] C_Android_arm64 Library/Bee/artifacts/Android/d8kzr/3ayxrti8km2k.o
[ 663/1687  8s] C_Android_arm64 Library/Bee/artifacts/Android/d8kzr/eyt0jvv7pmfc.o
[ 665/1687  6s] C_Android_arm64 Library/Bee/artifacts/Android/d8kzr/s4yrw0w2fc5b.o
[ 671/1687  7s] C_Android_arm64 Library/Bee/artifacts/Android/d8kzr/1rnsl4wlelig.o
[ 676/1687 15s] C_Android_arm64 Library/Bee/artifacts/Android/d8kzr/0aekjx7tq4p2.o
[ 679/1687 18s] C_Android_arm64 Library/Bee/artifacts/Android/d8kzr/aqjaqxbp6yuk.o
[ 680/1687 15s] C_Android_arm64 Library/Bee/artifacts/Android/d8kzr/riki9n16yy49.o
[ 681/1687  7s] C_Android_arm64 Library/Bee/artifacts/Android/d8kzr/r3dni76bk9ks.o
[ 685/1687  0s] C_Android_arm64 Library/Bee/artifacts/Android/d8kzr/bp2g4fp2igu9.o
[ 686/1687  6s] C_Android_arm64 Library/Bee/artifacts/Android/d8kzr/bo6fofxvsloc.o
[ 691/1687 19s] C_Android_arm64 Library/Bee/artifacts/Android/d8kzr/bufy9u7vabv6.o
[ 696/1687 18s] C_Android_arm64 Library/Bee/artifacts/Android/d8kzr/lhe58uc8xjnn.o
[ 697/1687 18s] C_Android_arm64 Library/Bee/artifacts/Android/d8kzr/ke2fme90hbv4.o
[ 700/1687  9s] C_Android_arm64 Library/Bee/artifacts/Android/d8kzr/ehb0tplkrc83.o
[ 701/1687  7s] C_Android_arm64 Library/Bee/artifacts/Android/d8kzr/gu778y4g6r1x.o
[ 702/1687 16s] C_Android_arm64 Library/Bee/artifacts/Android/d8kzr/yv7onehaj70t.o
[ 703/1687  2s] C_Android_arm64 Library/Bee/artifacts/Android/d8kzr/0ivbgjhrjaf8.o
[ 704/1687 20s] C_Android_arm64 Library/Bee/artifacts/Android/d8kzr/eg5v7i632ntf.o
[ 707/1687  1s] C_Android_arm64 Library/Bee/artifacts/Android/d8kzr/thrav7w08evn.o
[ 720/1687  0s] C_Android_arm64 Library/Bee/artifacts/Android/d8kzr/73lz66oqcndu.o
[BUSY       7s] C_Android_arm64 Library/Bee/artifacts/Android/d8kzr/dur4a1mmk5ki.o
[ 722/1687 15s] C_Android_arm64 Library/Bee/artifacts/Android/d8kzr/1lnt6pymtte0.o
[ 724/1687 12s] C_Android_arm64 Library/Bee/artifacts/Android/d8kzr/w6tvx7u57r4s.o
[ 727/1687 19s] C_Android_arm64 Library/Bee/artifacts/Android/d8kzr/zv8jnsk15b5y.o
[ 728/1687 17s] C_Android_arm64 Library/Bee/artifacts/Android/d8kzr/go7uqyl8w5dt.o
[ 729/1687  1s] C_Android_arm64 Library/Bee/artifacts/Android/d8kzr/0ew4ehbw8lcu.o
[ 738/1687 19s] C_Android_arm64 Library/Bee/artifacts/Android/d8kzr/mz3340fx8mco.o
[ 739/1687 16s] C_Android_arm64 Library/Bee/artifacts/Android/d8kzr/dur4a1mmk5ki.o
[ 742/1687  0s] C_Android_arm64 Library/Bee/artifacts/Android/d8kzr/xtogcjqjdbwx.o
[ 743/1687 16s] C_Android_arm64 Library/Bee/artifacts/Android/d8kzr/5ljev5fxf4pj.o
[ 745/1687  0s] C_Android_arm64 Library/Bee/artifacts/Android/d8kzr/yubd0ast6jo5.o
[BUSY      16s] C_Android_arm64 Library/Bee/artifacts/Android/d8kzr/w7p496qq1u5x.o
[ 747/1687 16s] C_Android_arm64 Library/Bee/artifacts/Android/d8kzr/w7p496qq1u5x.o
[ 750/1687 16s] C_Android_arm64 Library/Bee/artifacts/Android/d8kzr/hnatr4ncew9l.o
[ 753/1687  7s] C_Android_arm64 Library/Bee/artifacts/Android/d8kzr/vro6jg67llmc.o
[ 754/1687 26s] C_Android_arm64 Library/Bee/artifacts/Android/d8kzr/s85d9url8wi3.o
[ 758/1687  1s] C_Android_arm64 Library/Bee/artifacts/Android/d8kzr/ke35ofczccs3.o
[ 759/1687  1s] C_Android_arm64 Library/Bee/artifacts/Android/d8kzr/2k9sc9q4r5gt.o
[ 761/1687 14s] C_Android_arm64 Library/Bee/artifacts/Android/d8kzr/5t6yoifrepns.o
[ 763/1687 17s] C_Android_arm64 Library/Bee/artifacts/Android/d8kzr/62guten9vatq.o
[ 764/1687 19s] C_Android_arm64 Library/Bee/artifacts/Android/d8kzr/fdu6rnbm2uv0.o
[ 769/1687 16s] C_Android_arm64 Library/Bee/artifacts/Android/d8kzr/7d5czvgn0iuk.o
[ 770/1687  5s] C_Android_arm64 Library/Bee/artifacts/Android/d8kzr/p217uan6jiy4.o
[BUSY      14s] C_Android_arm64 Library/Bee/artifacts/Android/d8kzr/ew5d6u7vp0wu.o
[ 774/1687 16s] C_Android_arm64 Library/Bee/artifacts/Android/d8kzr/ew5d6u7vp0wu.o
[ 775/1687 15s] C_Android_arm64 Library/Bee/artifacts/Android/d8kzr/1rh3a4l42ad1.o
[ 776/1687 11s] C_Android_arm64 Library/Bee/artifacts/Android/d8kzr/1o0lundyo4xr.o
[ 781/1687  1s] C_Android_arm64 Library/Bee/artifacts/Android/d8kzr/wcg7lj7fzvx6.o
[BUSY      13s] C_Android_arm64 Library/Bee/artifacts/Android/d8kzr/ybdd9em27tpt.o
[ 783/1687 21s] C_Android_arm64 Library/Bee/artifacts/Android/d8kzr/qdl0maam0de0.o
[ 784/1687  7s] C_Android_arm64 Library/Bee/artifacts/Android/d8kzr/cp67qvm1x23f.o
[ 787/1687  1s] C_Android_arm64 Library/Bee/artifacts/Android/d8kzr/omtovta3wywd.o
[ 788/1687 18s] C_Android_arm64 Library/Bee/artifacts/Android/d8kzr/8pdv28uyvq6c.o
[ 789/1687 23s] C_Android_arm64 Library/Bee/artifacts/Android/d8kzr/92scbibwgryy.o
[ 790/1687  0s] C_Android_arm64 Library/Bee/artifacts/Android/d8kzr/dct9o3w03eia.o
[ 793/1687  1s] C_Android_arm64 Library/Bee/artifacts/Android/d8kzr/hhawzzvgy3ay.o
[ 797/1687  6s] C_Android_arm64 Library/Bee/artifacts/Android/d8kzr/ub5o4wsvcime.o
[ 798/1687 23s] C_Android_arm64 Library/Bee/artifacts/Android/d8kzr/ybdd9em27tpt.o
[ 800/1687 25s] C_Android_arm64 Library/Bee/artifacts/Android/d8kzr/5t531nnykz6n.o
[ 802/1687 16s] C_Android_arm64 Library/Bee/artifacts/Android/d8kzr/3i4o9gi4wu98.o
[ 804/1687 18s] C_Android_arm64 Library/Bee/artifacts/Android/d8kzr/61pkm33wo1n3.o
[ 808/1687  7s] C_Android_arm64 Library/Bee/artifacts/Android/d8kzr/ttqabc4i4ybs.o
[ 809/1687  5s] C_Android_arm64 Library/Bee/artifacts/Android/d8kzr/4dtdtxmynbrm.o
[ 812/1687  7s] C_Android_arm64 Library/Bee/artifacts/Android/d8kzr/8nwugf4x6dsv.o
[ 814/1687 16s] C_Android_arm64 Library/Bee/artifacts/Android/d8kzr/x78pcx9vej4j.o
[ 820/1687  1s] C_Android_arm64 Library/Bee/artifacts/Android/d8kzr/g3rkla9bxpwf.o
[ 823/1687  7s] C_Android_arm64 Library/Bee/artifacts/Android/d8kzr/d3gvqye9q5pa.o
[ 825/1687  1s] C_Android_arm64 Library/Bee/artifacts/Android/d8kzr/vklkpxuj8erh.o
[ 828/1687  7s] C_Android_arm64 Library/Bee/artifacts/Android/d8kzr/tzitjsxwt7j1.o
[ 830/1687 18s] C_Android_arm64 Library/Bee/artifacts/Android/d8kzr/q58639jfce5o.o
[ 833/1687  3s] C_Android_arm64 Library/Bee/artifacts/Android/d8kzr/mm4p3uf2f699.o
[ 835/1687 20s] C_Android_arm64 Library/Bee/artifacts/Android/d8kzr/74198j7349fm.o
[ 836/1687  0s] C_Android_arm64 Library/Bee/artifacts/Android/d8kzr/poi62ggxxpj1.o
[ 842/1687  1s] C_Android_arm64 Library/Bee/artifacts/Android/d8kzr/touyn9w7wbpy.o
[ 846/1687  0s] C_Android_arm64 Library/Bee/artifacts/Android/d8kzr/pfw6rnqoe1dj.o
[ 847/1687 21s] C_Android_arm64 Library/Bee/artifacts/Android/d8kzr/c58p0mmyidkh.o
[ 849/1687 12s] C_Android_arm64 Library/Bee/artifacts/Android/d8kzr/8u8vq2uxcphj.o
[ 851/1687 13s] C_Android_arm64 Library/Bee/artifacts/Android/d8kzr/1reqoxte4ec4.o
[ 852/1687  0s] C_Android_arm64 Library/Bee/artifacts/Android/d8kzr/shtk7c4c8094.o
[ 859/1687 18s] C_Android_arm64 Library/Bee/artifacts/Android/d8kzr/4ovnez3zospw.o
[ 864/1687  5s] C_Android_arm64 Library/Bee/artifacts/Android/d8kzr/zzcbwwvsiec5.o
[ 865/1687 15s] C_Android_arm64 Library/Bee/artifacts/Android/d8kzr/729mczmxlz7h.o
[ 866/1687  1s] C_Android_arm64 Library/Bee/artifacts/Android/d8kzr/5ov51qxi5m2v.o
[ 867/1687 17s] C_Android_arm64 Library/Bee/artifacts/Android/d8kzr/iyyd4d4w3wde.o
[ 869/1687 19s] C_Android_arm64 Library/Bee/artifacts/Android/d8kzr/jwn4jxn4si25.o
[ 870/1687 20s] C_Android_arm64 Library/Bee/artifacts/Android/d8kzr/m7krqd015yok.o
[ 877/1687  6s] C_Android_arm64 Library/Bee/artifacts/Android/d8kzr/4uyb9oz7im6m.o
[ 878/1687 18s] C_Android_arm64 Library/Bee/artifacts/Android/d8kzr/f4puqaout2da.o
[ 880/1687  0s] C_Android_arm64 Library/Bee/artifacts/Android/d8kzr/yulad2kpkln1.o
[ 881/1687  1s] C_Android_arm64 Library/Bee/artifacts/Android/d8kzr/jmweh8kp56if.o
[ 882/1687  0s] C_Android_arm64 Library/Bee/artifacts/Android/d8kzr/op30uvtxvuo9.o
[ 885/1687 18s] C_Android_arm64 Library/Bee/artifacts/Android/d8kzr/amvhpfrx68dr.o
[ 891/1687 17s] C_Android_arm64 Library/Bee/artifacts/Android/d8kzr/blcvjjycf2g8.o
[ 893/1687  5s] C_Android_arm64 Library/Bee/artifacts/Android/d8kzr/15za158ehlcf.o
[ 895/1687 18s] C_Android_arm64 Library/Bee/artifacts/Android/d8kzr/qcjseoyvviiv.o
[ 898/1687 12s] C_Android_arm64 Library/Bee/artifacts/Android/d8kzr/uiw0qrptjfai.o
[ 899/1687  1s] C_Android_arm64 Library/Bee/artifacts/Android/d8kzr/d7glxkkxexlc.o
[ 900/1687  1s] C_Android_arm64 Library/Bee/artifacts/Android/d8kzr/6eybmvfphnef.o
[ 901/1687  8s] C_Android_arm64 Library/Bee/artifacts/Android/d8kzr/9q77ucynfir0.o
[ 904/1687 14s] C_Android_arm64 Library/Bee/artifacts/Android/d8kzr/0jti6j2rwqpt.o
[ 906/1687 23s] C_Android_arm64 Library/Bee/artifacts/Android/d8kzr/ozymw1fe7rqf.o
[ 907/1687  0s] C_Android_arm64 Library/Bee/artifacts/Android/d8kzr/g6m4bvrwpdga.o
[ 908/1687  5s] C_Android_arm64 Library/Bee/artifacts/Android/d8kzr/mx9svlt8p3bz.o
[ 909/1687 15s] C_Android_arm64 Library/Bee/artifacts/Android/d8kzr/g6j5qgkpq52g.o
[ 910/1687  5s] C_Android_arm64 Library/Bee/artifacts/Android/d8kzr/5151iu854bhl.o
[ 912/1687 17s] C_Android_arm64 Library/Bee/artifacts/Android/d8kzr/7bntk9dyl0ja.o
[ 913/1687 14s] C_Android_arm64 Library/Bee/artifacts/Android/d8kzr/9bzjrqyk0foo.o
[ 916/1687  7s] C_Android_arm64 Library/Bee/artifacts/Android/d8kzr/5ekvxu5dlid6.o
[ 917/1687  0s] C_Android_arm64 Library/Bee/artifacts/Android/d8kzr/yfk28gpk5pls.o
[ 919/1687 22s] C_Android_arm64 Library/Bee/artifacts/Android/d8kzr/8mr84patfd5m.o
[ 922/1687 14s] C_Android_arm64 Library/Bee/artifacts/Android/d8kzr/nuzpwfovpsfz.o
[ 923/1687  6s] C_Android_arm64 Library/Bee/artifacts/Android/d8kzr/pf4q22eysl0p.o
[ 924/1687  5s] C_Android_arm64 Library/Bee/artifacts/Android/d8kzr/pqzxzza70s0y.o
[ 925/1687 17s] C_Android_arm64 Library/Bee/artifacts/Android/d8kzr/4brsz611v6dp.o
[ 927/1687 11s] C_Android_arm64 Library/Bee/artifacts/Android/d8kzr/fyzo603qm3l1.o
[ 930/1687 18s] C_Android_arm64 Library/Bee/artifacts/Android/d8kzr/kgkz00bqwt5e.o
[ 932/1687  8s] C_Android_arm64 Library/Bee/artifacts/Android/d8kzr/251ohy1ajfpt.o
[ 937/1687  0s] C_Android_arm64 Library/Bee/artifacts/Android/d8kzr/hcs4k8mhrc12.o
[ 940/1687  6s] C_Android_arm64 Library/Bee/artifacts/Android/d8kzr/mjx2la6gzogz.o
[ 943/1687  8s] C_Android_arm64 Library/Bee/artifacts/Android/d8kzr/udz8aso433ay.o
[ 946/1687  6s] C_Android_arm64 Library/Bee/artifacts/Android/d8kzr/1l6umg6pz37j.o
[ 952/1687  1s] C_Android_arm64 Library/Bee/artifacts/Android/d8kzr/uja6e82vkes1.o
[ 955/1687 19s] C_Android_arm64 Library/Bee/artifacts/Android/d8kzr/6eoz4r97rpr3.o
[ 956/1687  0s] C_Android_arm64 Library/Bee/artifacts/Android/d8kzr/duzce7dni4of.o
[ 957/1687 15s] C_Android_arm64 Library/Bee/artifacts/Android/d8kzr/roesd2oo8f3a.o
[ 958/1687  0s] C_Android_arm64 Library/Bee/artifacts/Android/d8kzr/jywz50742ejj.o
[ 960/1687  0s] C_Android_arm64 Library/Bee/artifacts/Android/d8kzr/51dm7vo2mc0h.o
[ 961/1687  0s] C_Android_arm64 Library/Bee/artifacts/Android/d8kzr/94hjcczx66tz.o
[ 967/1687  1s] C_Android_arm64 Library/Bee/artifacts/Android/d8kzr/ppwt5frpfmjt.o
[ 969/1687 20s] C_Android_arm64 Library/Bee/artifacts/Android/d8kzr/1j0fpr1z5y04.o
[ 972/1687  1s] C_Android_arm64 Library/Bee/artifacts/Android/d8kzr/yporfpqbcuyp.o
[ 978/1687  0s] C_Android_arm64 Library/Bee/artifacts/Android/d8kzr/t65kw19ct01y.o
[ 983/1687  0s] C_Android_arm64 Library/Bee/artifacts/Android/d8kzr/saoc78ceddpi.o
[ 994/1687  9s] C_Android_arm64 Library/Bee/artifacts/Android/d8kzr/nrnlkknkzltk.o
[ 997/1687 13s] C_Android_arm64 Library/Bee/artifacts/Android/d8kzr/5286rzwhg8km.o
[ 999/1687 18s] C_Android_arm64 Library/Bee/artifacts/Android/d8kzr/xfljvxz22idv.o
[1001/1687 17s] C_Android_arm64 Library/Bee/artifacts/Android/d8kzr/nf57atg0905z.o
[1006/1687 12s] C_Android_arm64 Library/Bee/artifacts/Android/d8kzr/ykrnmiiekqt2.o
[1008/1687 13s] C_Android_arm64 Library/Bee/artifacts/Android/d8kzr/akj0b6ej4h53.o
[1010/1687  0s] C_Android_arm64 Library/Bee/artifacts/Android/d8kzr/y1pgpptx0iep.o
[1011/1687 18s] C_Android_arm64 Library/Bee/artifacts/Android/d8kzr/6up6rj6yhxq2.o
[1013/1687  4s] C_Android_arm64 Library/Bee/artifacts/Android/d8kzr/pesebwd2hqhq.o
[1016/1687  0s] C_Android_arm64 Library/Bee/artifacts/Android/d8kzr/t874o6r2m62f.o
[1018/1687  1s] C_Android_arm64 Library/Bee/artifacts/Android/d8kzr/sulfgdiudzdd.o
[1020/1687  1s] C_Android_arm64 Library/Bee/artifacts/Android/d8kzr/2mhpq301r3p8.o
[1021/1687 19s] C_Android_arm64 Library/Bee/artifacts/Android/d8kzr/tzayky8tsqc9.o
[1022/1687 18s] C_Android_arm64 Library/Bee/artifacts/Android/d8kzr/8iwnqjvd3okm.o
[1023/1687 19s] C_Android_arm64 Library/Bee/artifacts/Android/d8kzr/yft6wcquillz.o
[1028/1687  2s] C_Android_arm64 Library/Bee/artifacts/Android/d8kzr/n900rttvildc.o
[1029/1687  1s] C_Android_arm64 Library/Bee/artifacts/Android/d8kzr/xxkyqixvserl.o
[1037/1687 13s] C_Android_arm64 Library/Bee/artifacts/Android/d8kzr/ye2u6ys3bgvt.o
[1039/1687 14s] C_Android_arm64 Library/Bee/artifacts/Android/d8kzr/15393bxrx5fy.o
[1041/1687  0s] C_Android_arm64 Library/Bee/artifacts/Android/d8kzr/hr2fpajvz6qb.o
[1044/1687 16s] C_Android_arm64 Library/Bee/artifacts/Android/d8kzr/w764bv9eb8x2.o
[1045/1687  1s] C_Android_arm64 Library/Bee/artifacts/Android/d8kzr/4dmh90wohim0.o
[1046/1687  1s] C_Android_arm64 Library/Bee/artifacts/Android/d8kzr/ne7xcigyn4ng.o
[1048/1687 32s] C_Android_arm64 Library/Bee/artifacts/Android/d8kzr/3jvygs1g43ew.o
[1052/1687  0s] C_Android_arm64 Library/Bee/artifacts/Android/d8kzr/pt9l4b9tqb8c.o
[1055/1687  0s] C_Android_arm64 Library/Bee/artifacts/Android/d8kzr/dt3yzk3r7zu5.o
[1056/1687  0s] C_Android_arm64 Library/Bee/artifacts/Android/d8kzr/8mw4buo9v3oc.o
[1059/1687 17s] C_Android_arm64 Library/Bee/artifacts/Android/d8kzr/p4ybu8hxrg1f.o
[1060/1687 18s] C_Android_arm64 Library/Bee/artifacts/Android/d8kzr/i6x1wmicga3m.o
[1061/1687  3s] C_Android_arm64 Library/Bee/artifacts/Android/d8kzr/e1121umsg08c.o
[1063/1687 10s] C_Android_arm64 Library/Bee/artifacts/Android/d8kzr/9l0k76flaerc.o
[1064/1687  1s] C_Android_arm64 Library/Bee/artifacts/Android/d8kzr/f4e6h91ju7o2.o
[1067/1687  7s] C_Android_arm64 Library/Bee/artifacts/Android/d8kzr/w01uppk28yoq.o
[1078/1687  0s] C_Android_arm64 Library/Bee/artifacts/Android/d8kzr/qlcymw5qotqm.o
[1080/1687  0s] C_Android_arm64 Library/Bee/artifacts/Android/d8kzr/0objvjek1ia2.o
[1083/1687  0s] C_Android_arm64 Library/Bee/artifacts/Android/d8kzr/y7dfcyjs8mxk.o
[1085/1687 26s] C_Android_arm64 Library/Bee/artifacts/Android/d8kzr/mdbxank5cygt.o
[1086/1687 22s] C_Android_arm64 Library/Bee/artifacts/Android/d8kzr/22dh7d29gkl5.o
[1089/1687  5s] C_Android_arm64 Library/Bee/artifacts/Android/d8kzr/uqwxvkxqt013.o
[1090/1687 32s] C_Android_arm64 Library/Bee/artifacts/Android/d8kzr/4kuvpiblrfsn.o
[1094/1687  7s] C_Android_arm64 Library/Bee/artifacts/Android/d8kzr/0ck7vpg3f3x3.o
[1095/1687 22s] C_Android_arm64 Library/Bee/artifacts/Android/d8kzr/bsmguxcty6te.o
[1096/1687 16s] C_Android_arm64 Library/Bee/artifacts/Android/d8kzr/c4hgtb3lb4eu.o
[1097/1687 14s] C_Android_arm64 Library/Bee/artifacts/Android/d8kzr/ivo7a7d056oe.o
[1098/1687  1s] C_Android_arm64 Library/Bee/artifacts/Android/d8kzr/q5b652n468um.o
[1099/1687  0s] CopyFiles C:/Users/jslade/CyberEyeXR/Library/Bee/Android/Prj/IL2CPP/Il2CppBackup/il2cppOutput/UnityEngine.ParticleSystemModule_CodeGen.c
[1100/1687  0s] CopyFiles C:/Users/jslade/CyberEyeXR/Library/Bee/Android/Prj/IL2CPP/Il2CppBackup/il2cppOutput/UnityEngine.UnityAnalyticsModule_CodeGen.c
[1101/1687  0s] CopyFiles C:/Users/jslade/CyberEyeXR/Library/Bee/Android/Prj/IL2CPP/Il2CppBackup/il2cppOutput/UnityEngine.UnityAnalyticsCommonModule.cpp
[1102/1687  0s] CopyFiles C:/Users/jslade/CyberEyeXR/Library/Bee/artifacts/Android/il2cppOutput/build/arm64-v8a/Data/Resources/mscorlib.dll-resources.dat
[1103/1687  0s] CopyFiles C:/Users/jslade/CyberEyeXR/Library/Bee/Android/Prj/IL2CPP/Il2CppBackup/il2cppOutput/Unity.RenderPipelines.GPUDriven.Runtime_CodeGen.c
[1104/1687  0s] CopyFiles C:/Users/jslade/CyberEyeXR/Library/Bee/Android/Prj/IL2CPP/Il2CppBackup/il2cppOutput/Unity.RenderPipelines.Universal.Runtime_CodeGen.c
[1105/1687  0s] CopyFiles C:/Users/jslade/CyberEyeXR/Library/Bee/Android/Prj/IL2CPP/Il2CppBackup/il2cppOutput/UnityEngine.UIElementsModule_CodeGen.c
[1106/1687  0s] CopyFiles C:/Users/jslade/CyberEyeXR/Library/Bee/Android/Prj/IL2CPP/Il2CppBackup/il2cppOutput/UnityEngine.SubsystemsModule_CodeGen.c
[1107/1687  0s] CopyFiles C:/Users/jslade/CyberEyeXR/Library/Bee/Android/Prj/IL2CPP/Il2CppBackup/il2cppOutput/UnityEngine.PropertiesModule_CodeGen.c
[1108/1687  0s] CopyFiles C:/Users/jslade/CyberEyeXR/Library/Bee/Android/Prj/IL2CPP/Il2CppBackup/il2cppOutput/UnityEngine.AndroidJNIModule_CodeGen.c
[1109/1687  0s] CopyFiles C:/Users/jslade/CyberEyeXR/Library/Bee/Android/Prj/IL2CPP/Il2CppBackup/il2cppOutput/UnityEngine.InputForUIModule_CodeGen.c
[1110/1687  0s] CopyFiles C:/Users/jslade/CyberEyeXR/Library/Bee/Android/Prj/IL2CPP/Il2CppBackup/il2cppOutput/Unity.XR.Interaction.Toolkit_CodeGen.c
[1111/1687  0s] CopyFiles C:/Users/jslade/CyberEyeXR/Library/Bee/Android/Prj/IL2CPP/Il2CppBackup/il2cppOutput/Unity.RenderPipelines.Core.Runtime.cpp
[1114/1687  0s] CopyFiles C:/Users/jslade/CyberEyeXR/Library/Bee/Android/Prj/IL2CPP/Il2CppBackup/il2cppOutput/UnityEngine.AIModule_CodeGen.c
[1115/1687  0s] CopyFiles C:/Users/jslade/CyberEyeXR/Library/Bee/Android/Prj/IL2CPP/Il2CppBackup/il2cppOutput/UnityEngine.VRModule_CodeGen.c
[1116/1687  0s] CopyFiles C:/Users/jslade/CyberEyeXR/Library/Bee/Android/Prj/IL2CPP/Il2CppBackup/il2cppOutput/UnityEngine.XRModule_CodeGen.c
[1117/1687  0s] CopyFiles C:/Users/jslade/CyberEyeXR/Library/Bee/Android/Prj/IL2CPP/Il2CppBackup/il2cppOutput/UnityEngine.UIModule_CodeGen.c
[1119/1687  0s] CopyFiles C:/Users/jslade/CyberEyeXR/Library/Bee/Android/Prj/IL2CPP/Il2CppBackup/il2cppOutput/Unity.Burst.Unsafe.cpp
[1121/1687  0s] CopyFiles C:/Users/jslade/CyberEyeXR/Library/Bee/Android/Prj/IL2CPP/Il2CppBackup/il2cppOutput/UnityEngine.InputForUIModule.cpp
[1123/1687  0s] CopyFiles C:/Users/jslade/CyberEyeXR/Library/Bee/Android/Prj/IL2CPP/Il2CppBackup/il2cppOutput/UnityEngine.SubsystemsModule.cpp
[1124/1687  0s] CopyFiles C:/Users/jslade/CyberEyeXR/Library/Bee/Android/Prj/IL2CPP/Il2CppBackup/il2cppOutput/UnityEngine.CoreModule_CodeGen.c
[1127/1687  0s] CopyFiles C:/Users/jslade/CyberEyeXR/Library/Bee/Android/Prj/IL2CPP/Il2CppBackup/il2cppOutput/Unity.XR.Management.cpp
[1128/1687  0s] CopyFiles C:/Users/jslade/CyberEyeXR/Library/Bee/Android/Prj/IL2CPP/Il2CppBackup/il2cppOutput/Unity.InferenceEngine.cpp
[1129/1687  0s] CopyFiles C:/Users/jslade/CyberEyeXR/Library/Bee/Android/Prj/IL2CPP/Il2CppBackup/il2cppOutput/Unity.XR.ARSubsystems.cpp
[1132/1687  0s] CopyFiles C:/Users/jslade/CyberEyeXR/Library/Bee/Android/Prj/IL2CPP/Il2CppBackup/il2cppOutput/UnityEngine.VFXModule.cpp
[1133/1687  0s] CopyFiles C:/Users/jslade/CyberEyeXR/Library/Bee/Android/Prj/IL2CPP/Il2CppBackup/il2cppOutput/Unity.XR.ARFoundation.cpp
[1134/1687  0s] CopyFiles C:/Users/jslade/CyberEyeXR/Library/Bee/Android/Prj/IL2CPP/Il2CppBackup/il2cppOutput/Unity.Collections_CodeGen.c
[1135/1687  0s] CopyFiles C:/Users/jslade/CyberEyeXR/Library/Bee/Android/Prj/IL2CPP/Il2CppBackup/il2cppOutput/Unity.InputSystem_CodeGen.c
[1136/1687  0s] CopyFiles C:/Users/jslade/CyberEyeXR/Library/Bee/Android/Prj/IL2CPP/Il2CppBackup/il2cppOutput/Unity.Mathematics_CodeGen.c
[1137/1687  0s] CopyFiles C:/Users/jslade/CyberEyeXR/Library/Bee/Android/Prj/IL2CPP/Il2CppBackup/il2cppOutput/Unity.TextMeshPro_CodeGen.c
[1139/1687  0s] CopyFiles C:/Users/jslade/CyberEyeXR/Library/Bee/Android/Prj/IL2CPP/Il2CppBackup/il2cppOutput/UnityEngine.AudioModule.cpp
[1140/1687  0s] CopyFiles C:/Users/jslade/CyberEyeXR/Library/Bee/Android/Prj/IL2CPP/Il2CppBackup/il2cppOutput/UnityEngine.VideoModule.cpp
[1141/1687  0s] CopyFiles C:/Users/jslade/CyberEyeXR/Library/Bee/Android/Prj/IL2CPP/Il2CppBackup/il2cppOutput/UnityEngine.InputModule.cpp
[1142/1687  0s] CopyFiles C:/Users/jslade/CyberEyeXR/Library/Bee/Android/Prj/IL2CPP/Il2CppBackup/il2cppOutput/Unity.InputSystem.ForUI.cpp
[1143/1687  0s] CopyFiles C:/Users/jslade/CyberEyeXR/Library/Bee/Android/Prj/IL2CPP/Il2CppBackup/il2cppOutput/Unity.Burst_CodeGen.c
[1145/1687  0s] CopyFiles C:/Users/jslade/CyberEyeXR/Library/Bee/Android/Prj/IL2CPP/Il2CppBackup/il2cppOutput/Unity.AppUI_CodeGen.c
[1147/1687  0s] CopyFiles C:/Users/jslade/CyberEyeXR/Library/Bee/Android/Prj/IL2CPP/Il2CppBackup/il2cppOutput/Unity.Mathematics.cpp
[1148/1687  0s] CopyFiles C:/Users/jslade/CyberEyeXR/Library/Bee/Android/Prj/IL2CPP/Il2CppBackup/il2cppOutput/Unity.XR.XREAL__1.cpp
[1152/1687  0s] CopyFiles C:/Users/jslade/CyberEyeXR/Library/Bee/Android/Prj/IL2CPP/Il2CppBackup/il2cppOutput/Unity.Collections.cpp
[1154/1687  0s] CopyFiles C:/Users/jslade/CyberEyeXR/Library/Bee/Android/Prj/IL2CPP/Il2CppBackup/il2cppOutput/UnityEngine.InputLegacyModule.cpp
[1155/1687  0s] CopyFiles C:/Users/jslade/CyberEyeXR/Library/Bee/Android/Prj/IL2CPP/Il2CppBackup/il2cppOutput/Unity.InputSystem.ForUI_CodeGen.c
[1156/1687  0s] CopyFiles C:/Users/jslade/CyberEyeXR/Library/Bee/Android/Prj/IL2CPP/Il2CppBackup/il2cppOutput/Unity.AppUI.InternalAPIBridge.cpp
[1157/1687  0s] CopyFiles C:/Users/jslade/CyberEyeXR/Library/Bee/Android/Prj/IL2CPP/Il2CppBackup/il2cppOutput/UnityEngine.IMGUIModule_CodeGen.c
[1158/1687  0s] CopyFiles C:/Users/jslade/CyberEyeXR/Library/Bee/Android/Prj/IL2CPP/Il2CppBackup/il2cppOutput/UnityEngine.AudioModule_CodeGen.c
[1159/1687  0s] CopyFiles C:/Users/jslade/CyberEyeXR/Library/Bee/Android/Prj/IL2CPP/Il2CppBackup/il2cppOutput/UnityEngine.VideoModule_CodeGen.c
[1160/1687  0s] CopyFiles C:/Users/jslade/CyberEyeXR/Library/Bee/Android/Prj/IL2CPP/Il2CppBackup/il2cppOutput/UnityEngine.InputModule_CodeGen.c
[1163/1687  0s] CopyFiles C:/Users/jslade/CyberEyeXR/Library/Bee/Android/Prj/IL2CPP/Il2CppBackup/il2cppOutput/Unity.Burst.cpp
[1176/1687  0s] CopyFiles C:/Users/jslade/CyberEyeXR/Library/Bee/Android/Prj/IL2CPP/Il2CppBackup/il2cppOutput/Unity.XR.XREAL_CodeGen.c
[1177/1687  0s] CopyFiles C:/Users/jslade/CyberEyeXR/Library/Bee/Android/Prj/IL2CPP/Il2CppBackup/il2cppOutput/UnityEngine.UI_CodeGen.c
[1178/1687  0s] CopyFiles C:/Users/jslade/CyberEyeXR/Library/Bee/Android/Prj/IL2CPP/Il2CppBackup/il2cppOutput/UnityEngine.AIModule.cpp
[1179/1687  0s] CopyFiles C:/Users/jslade/CyberEyeXR/Library/Bee/Android/Prj/IL2CPP/Il2CppBackup/il2cppOutput/UnityEngine.VRModule.cpp
[1180/1687  0s] CopyFiles C:/Users/jslade/CyberEyeXR/Library/Bee/Android/Prj/IL2CPP/Il2CppBackup/il2cppOutput/UnityEngine.XRModule.cpp
[1181/1687  0s] CopyFiles C:/Users/jslade/CyberEyeXR/Library/Bee/Android/Prj/IL2CPP/Il2CppBackup/il2cppOutput/UnityEngine.UIModule.cpp
[1192/1687  0s] CopyFiles C:/Users/jslade/CyberEyeXR/Library/Bee/Android/Prj/IL2CPP/Il2CppBackup/il2cppOutput/Unity.XR.XREAL.cpp
[1206/1687  0s] CopyFiles C:/Users/jslade/CyberEyeXR/Library/Bee/Android/Prj/IL2CPP/Il2CppBackup/il2cppOutput/UnityEngine.PhysicsModule.cpp
[1207/1687  0s] CopyFiles C:/Users/jslade/CyberEyeXR/Library/Bee/Android/Prj/IL2CPP/Il2CppBackup/il2cppOutput/UnityEngine.TerrainModule.cpp
[1209/1687  0s] CopyFiles C:/Users/jslade/CyberEyeXR/Library/Bee/Android/Prj/IL2CPP/Il2CppBackup/il2cppOutput/Unity.XR.Management_CodeGen.c
[1211/1687  0s] CopyFiles C:/Users/jslade/CyberEyeXR/Library/Bee/Android/Prj/IL2CPP/Il2CppBackup/il2cppOutput/Unity.InferenceEngine__13.cpp
[1213/1687  0s] CopyFiles C:/Users/jslade/CyberEyeXR/Library/Bee/Android/Prj/IL2CPP/Il2CppBackup/il2cppOutput/Unity.InferenceEngine__1.cpp
[1214/1687  0s] CopyFiles C:/Users/jslade/CyberEyeXR/Library/Bee/Android/Prj/IL2CPP/Il2CppBackup/il2cppOutput/Unity.InferenceEngine__9.cpp
[1215/1687  0s] CopyFiles C:/Users/jslade/CyberEyeXR/Library/Bee/Android/Prj/IL2CPP/Il2CppBackup/il2cppOutput/Unity.InferenceEngine__3.cpp
[1216/1687  0s] CopyFiles C:/Users/jslade/CyberEyeXR/Library/Bee/Android/Prj/IL2CPP/Il2CppBackup/il2cppOutput/Unity.InferenceEngine__6.cpp
[1217/1687  0s] CopyFiles C:/Users/jslade/CyberEyeXR/Library/Bee/Android/Prj/IL2CPP/Il2CppBackup/il2cppOutput/Unity.XR.ARFoundation__1.cpp
[1218/1687  0s] CopyFiles C:/Users/jslade/CyberEyeXR/Library/Bee/Android/Prj/IL2CPP/Il2CppBackup/il2cppOutput/Unity.InferenceEngine__2.cpp
[1219/1687  0s] CopyFiles C:/Users/jslade/CyberEyeXR/Library/Bee/Android/Prj/IL2CPP/Il2CppBackup/il2cppOutput/Unity.InferenceEngine__7.cpp
[1220/1687  0s] CopyFiles C:/Users/jslade/CyberEyeXR/Library/Bee/Android/Prj/IL2CPP/Il2CppBackup/il2cppOutput/Unity.InferenceEngine__5.cpp
[1221/1687  0s] CopyFiles C:/Users/jslade/CyberEyeXR/Library/Bee/Android/Prj/IL2CPP/Il2CppBackup/il2cppOutput/Unity.InferenceEngine__8.cpp
[1222/1687  0s] CopyFiles C:/Users/jslade/CyberEyeXR/Library/Bee/Android/Prj/IL2CPP/Il2CppBackup/il2cppOutput/Unity.XR.CoreUtils_CodeGen.c
[1224/1687  0s] CopyFiles C:/Users/jslade/CyberEyeXR/Library/Bee/Android/Prj/IL2CPP/Il2CppBackup/il2cppOutput/Unity.InferenceEngine__4.cpp
[1225/1687  0s] CopyFiles C:/Users/jslade/CyberEyeXR/Library/Bee/Android/Prj/IL2CPP/Il2CppBackup/il2cppOutput/UnityEngine.SpatialTracking.cpp
[1226/1687  0s] CopyFiles C:/Users/jslade/CyberEyeXR/Library/Bee/Android/Prj/IL2CPP/Il2CppBackup/il2cppOutput/Unity.XR.ARFoundation_CodeGen.c
[1227/1687  0s] CopyFiles C:/Users/jslade/CyberEyeXR/Library/Bee/Android/Prj/IL2CPP/Il2CppBackup/il2cppOutput/Unity.InferenceEngine_CodeGen.c
[1228/1687  0s] CopyFiles C:/Users/jslade/CyberEyeXR/Library/Bee/Android/Prj/IL2CPP/Il2CppBackup/il2cppOutput/UnityEngine.VFXModule_CodeGen.c
[1229/1687  0s] CopyFiles C:/Users/jslade/CyberEyeXR/Library/Bee/Android/Prj/IL2CPP/Il2CppBackup/il2cppOutput/Unity.XR.ARSubsystems_CodeGen.c
[1230/1687  0s] CopyFiles C:/Users/jslade/CyberEyeXR/Library/Bee/Android/Prj/IL2CPP/Il2CppBackup/il2cppOutput/UnityEngine.AnimationModule.cpp
[1232/1687  0s] CopyFiles C:/Users/jslade/CyberEyeXR/Library/Bee/artifacts/Android/il2cppOutput/build/arm64-v8a/Data/Resources/System.Drawing.dll-resources.dat
[1234/1687  0s] CopyFiles C:/Users/jslade/CyberEyeXR/Library/Bee/Android/Prj/IL2CPP/Il2CppBackup/il2cppOutput/UnityEngine.ImageConversionModule_CodeGen.c
[1235/1687  0s] CopyFiles C:/Users/jslade/CyberEyeXR/Library/Bee/Android/Prj/IL2CPP/Il2CppBackup/il2cppOutput/UnityEngine.UnityWebRequestModule_CodeGen.c
[1241/1687  0s] CopyFiles C:/Users/jslade/CyberEyeXR/Library/Bee/Android/Prj/IL2CPP/Il2CppBackup/il2cppOutput/UnityEngine.UnityAnalyticsCommonModule_CodeGen.c
[1242/1687  0s] CopyFiles C:/Users/jslade/CyberEyeXR/Library/Bee/Android/Prj/IL2CPP/Il2CppBackup/il2cppOutput/Unity.RenderPipelines.Core.Runtime.Shared_CodeGen.c
[1243/1687  0s] CopyFiles C:/Users/jslade/CyberEyeXR/Library/Bee/Android/Prj/IL2CPP/Il2CppBackup/il2cppOutput/Unity.XR.Interaction.Toolkit__1.cpp
[1244/1687  0s] CopyFiles C:/Users/jslade/CyberEyeXR/Library/Bee/Android/Prj/IL2CPP/Il2CppBackup/il2cppOutput/UnityEngine.PhysicsModule_CodeGen.c
[1245/1687  0s] CopyFiles C:/Users/jslade/CyberEyeXR/Library/Bee/Android/Prj/IL2CPP/Il2CppBackup/il2cppOutput/UnityEngine.TerrainModule_CodeGen.c
[1246/1687  0s] CopyFiles C:/Users/jslade/CyberEyeXR/Library/Bee/Android/Prj/IL2CPP/Il2CppBackup/il2cppOutput/UnityEngine.HierarchyCoreModule.cpp
[1247/1687  0s] CopyFiles C:/Users/jslade/CyberEyeXR/Library/Bee/Android/Prj/IL2CPP/Il2CppBackup/il2cppOutput/UnityEngine.TextRenderingModule.cpp
[1248/1687  0s] CopyFiles C:/Users/jslade/CyberEyeXR/Library/Bee/Android/Prj/IL2CPP/Il2CppBackup/il2cppOutput/Unity.XR.Interaction.Toolkit__4.cpp
[1250/1687  0s] CopyFiles C:/Users/jslade/CyberEyeXR/Library/Bee/Android/Prj/IL2CPP/Il2CppBackup/il2cppOutput/UnityEngine.UIElementsModule__1.cpp
[1253/1687  0s] CopyFiles C:/Users/jslade/CyberEyeXR/Library/Bee/Android/Prj/IL2CPP/Il2CppBackup/il2cppOutput/UnityEngine.UIElementsModule__5.cpp
[1254/1687  0s] CopyFiles C:/Users/jslade/CyberEyeXR/Library/Bee/Android/Prj/IL2CPP/Il2CppBackup/il2cppOutput/Unity.XR.Interaction.Toolkit__5.cpp
[1256/1687  0s] CopyFiles C:/Users/jslade/CyberEyeXR/Library/Bee/Android/Prj/IL2CPP/Il2CppBackup/il2cppOutput/UnityEngine.JSONSerializeModule.cpp
[1259/1687  0s] CopyFiles C:/Users/jslade/CyberEyeXR/Library/Bee/Android/Prj/IL2CPP/Il2CppBackup/il2cppOutput/Unity.XR.Interaction.Toolkit__7.cpp
[1261/1687  0s] CopyFiles C:/Users/jslade/CyberEyeXR/Library/Bee/Android/Prj/IL2CPP/Il2CppBackup/il2cppOutput/Unity.XR.Interaction.Toolkit__6.cpp
[1262/1687  0s] CopyFiles C:/Users/jslade/CyberEyeXR/Library/Bee/Android/Prj/IL2CPP/Il2CppBackup/il2cppOutput/Unity.XR.Interaction.Toolkit__3.cpp
[1265/1687  0s] CopyFiles C:/Users/jslade/CyberEyeXR/Library/Bee/Android/Prj/IL2CPP/Gradle/unityLibrary/src/main/assets/bin/Data/Managed/Resources/mscorlib.dll-resources.dat
[1266/1687  0s] CopyFiles C:/Users/jslade/CyberEyeXR/Library/Bee/artifacts/Android/il2cppOutput/build/arm64-v8a/Data/Resources/System.Data.dll-resources.dat
[1267/1687  0s] CopyFiles C:/Users/jslade/CyberEyeXR/Library/Bee/Android/Prj/IL2CPP/Il2CppBackup/il2cppOutput/Symbols/LineNumberMappings.json
[1269/1687  0s] CopyFiles C:/Users/jslade/CyberEyeXR/Library/Bee/Android/Prj/IL2CPP/Il2CppBackup/il2cppOutput/UnityEngine.UnityConsentModule_CodeGen.c
[1271/1687  0s] CopyFiles C:/Users/jslade/CyberEyeXR/Library/Bee/Android/Prj/IL2CPP/Il2CppBackup/il2cppOutput/UnityEngine.TextCoreFontEngineModule.cpp
[1272/1687  0s] CopyFiles C:/Users/jslade/CyberEyeXR/Library/Bee/Android/Prj/IL2CPP/Gradle/unityLibrary/src/main/assets/bin/Data/Managed/Metadata/global-metadata.dat
[1274/1687  0s] CopyFiles C:/Users/jslade/CyberEyeXR/Library/Bee/Android/Prj/IL2CPP/Il2CppBackup/il2cppOutput/Unity.XR.ARFoundation.InternalUtils.cpp
[1275/1687  0s] CopyFiles C:/Users/jslade/CyberEyeXR/Library/Bee/Android/Prj/IL2CPP/Il2CppBackup/il2cppOutput/UnityEngine.InputLegacyModule_CodeGen.c
[1276/1687  0s] CopyFiles C:/Users/jslade/CyberEyeXR/Library/Bee/Android/Prj/IL2CPP/Il2CppBackup/il2cppOutput/Unity.AppUI.InternalAPIBridge_CodeGen.c
[BUSY      19s] C_Android_arm64 Library/Bee/artifacts/Android/d8kzr/tw6eh8ykminm.o
[1277/1687 18s] C_Android_arm64 Library/Bee/artifacts/Android/d8kzr/y9usqa1jntw1.o
[1280/1687  0s] CopyFiles C:/Users/jslade/CyberEyeXR/Library/Bee/Android/Prj/IL2CPP/Il2CppBackup/il2cppOutput/Newtonsoft.Json__1.cpp
[1282/1687  0s] CopyFiles C:/Users/jslade/CyberEyeXR/Library/Bee/Android/Prj/IL2CPP/Il2CppBackup/il2cppOutput/Newtonsoft.Json__4.cpp
[1283/1687  0s] CopyFiles C:/Users/jslade/CyberEyeXR/Library/Bee/Android/Prj/IL2CPP/Il2CppBackup/il2cppOutput/Newtonsoft.Json_CodeGen.c
[1294/1687  0s] CopyFiles C:/Users/jslade/CyberEyeXR/Library/Bee/Android/Prj/IL2CPP/Il2CppBackup/il2cppOutput/mscorlib_CodeGen.c
[1310/1687  0s] CopyFiles C:/Users/jslade/CyberEyeXR/Library/Bee/Android/Prj/IL2CPP/Il2CppBackup/il2cppOutput/__Generated.cpp
[1311/1687  0s] CopyFiles C:/Users/jslade/CyberEyeXR/Library/Bee/artifacts/Android/il2cppOutput/build/arm64-v8a/Data/Metadata/global-metadata.dat
[1315/1687  0s] CopyFiles C:/Users/jslade/CyberEyeXR/Library/Bee/Android/Prj/IL2CPP/Il2CppBackup/il2cppOutput/GenericMethods__31.cpp
[1318/1687  0s] CopyFiles C:/Users/jslade/CyberEyeXR/Library/Bee/Android/Prj/IL2CPP/Il2CppBackup/il2cppOutput/GenericMethods__33.cpp
[1319/1687  0s] CopyFiles C:/Users/jslade/CyberEyeXR/Library/Bee/Android/Prj/IL2CPP/Il2CppBackup/il2cppOutput/GenericMethods__39.cpp
[1320/1687  0s] CopyFiles C:/Users/jslade/CyberEyeXR/Library/Bee/Android/Prj/IL2CPP/Il2CppBackup/il2cppOutput/GenericMethods__25.cpp
[1321/1687  0s] CopyFiles C:/Users/jslade/CyberEyeXR/Library/Bee/Android/Prj/IL2CPP/Il2CppBackup/il2cppOutput/GenericMethods__29.cpp
[1323/1687  0s] CopyFiles C:/Users/jslade/CyberEyeXR/Library/Bee/Android/Prj/IL2CPP/Il2CppBackup/il2cppOutput/GenericMethods__44.cpp
[1325/1687  0s] CopyFiles C:/Users/jslade/CyberEyeXR/Library/Bee/Android/Prj/IL2CPP/Il2CppBackup/il2cppOutput/GenericMethods__15.cpp
[1330/1687  0s] CopyFiles C:/Users/jslade/CyberEyeXR/Library/Bee/Android/Prj/IL2CPP/Il2CppBackup/il2cppOutput/GenericMethods__32.cpp
[1333/1687  0s] CopyFiles C:/Users/jslade/CyberEyeXR/Library/Bee/Android/Prj/IL2CPP/Il2CppBackup/il2cppOutput/GenericMethods__30.cpp
[1335/1687  0s] CopyFiles C:/Users/jslade/CyberEyeXR/Library/Bee/Android/Prj/IL2CPP/Il2CppBackup/il2cppOutput/GenericMethods__26.cpp
[1340/1687  0s] CopyFiles C:/Users/jslade/CyberEyeXR/Library/Bee/Android/Prj/IL2CPP/Il2CppBackup/il2cppOutput/GenericMethods__38.cpp
[1343/1687  0s] CopyFiles C:/Users/jslade/CyberEyeXR/Library/Bee/Android/Prj/IL2CPP/Il2CppBackup/il2cppOutput/GenericMethods__45.cpp
[1344/1687  0s] CopyFiles C:/Users/jslade/CyberEyeXR/Library/Bee/Android/Prj/IL2CPP/Il2CppBackup/il2cppOutput/GenericMethods__43.cpp
[1349/1687  0s] CopyFiles C:/Users/jslade/CyberEyeXR/Library/Bee/Android/Prj/IL2CPP/Il2CppBackup/il2cppOutput/Generics.cpp
[1350/1687  0s] CopyFiles C:/Users/jslade/CyberEyeXR/Library/Bee/Android/Prj/IL2CPP/Il2CppBackup/il2cppOutput/GenericMethods__2.cpp
[1351/1687  0s] CopyFiles C:/Users/jslade/CyberEyeXR/Library/Bee/Android/Prj/IL2CPP/Il2CppBackup/il2cppOutput/GenericMethods__1.cpp
[1353/1687  0s] CopyFiles C:/Users/jslade/CyberEyeXR/Library/Bee/Android/Prj/IL2CPP/Il2CppBackup/il2cppOutput/GenericMethods__8.cpp
[1360/1687  0s] CopyFiles C:/Users/jslade/CyberEyeXR/Library/Bee/Android/Prj/IL2CPP/Il2CppBackup/il2cppOutput/Generics__124.cpp
[1362/1687  0s] CopyFiles C:/Users/jslade/CyberEyeXR/Library/Bee/Android/Prj/IL2CPP/Il2CppBackup/il2cppOutput/Generics__140.cpp
[1383/1687  6s] GuidGenerator C:/Users/jslade/CyberEyeXR/Library/Bee/Android/Prj/IL2CPP/Gradle/unityLibrary/src/main/assets/bin/Data/unity_app_guid
[1384/1687  0s] CopyFiles C:/Users/jslade/CyberEyeXR/Library/Bee/Android/Prj/IL2CPP/Il2CppBackup/il2cppOutput/Generics__163.cpp
[1385/1687  0s] CopyFiles C:/Users/jslade/CyberEyeXR/Library/Bee/Android/Prj/IL2CPP/Il2CppBackup/il2cppOutput/Generics__113.cpp
[1386/1687  0s] CopyFiles C:/Users/jslade/CyberEyeXR/Library/Bee/Android/Prj/IL2CPP/Il2CppBackup/il2cppOutput/Generics__114.cpp
[1388/1687  0s] CopyFiles C:/Users/jslade/CyberEyeXR/Library/Bee/Android/Prj/IL2CPP/Il2CppBackup/il2cppOutput/Generics__157.cpp
[1410/1687  0s] CopyFiles C:/Users/jslade/CyberEyeXR/Library/Bee/Android/Prj/IL2CPP/Il2CppBackup/il2cppOutput/Generics__130.cpp
[1412/1687  0s] CopyFiles C:/Users/jslade/CyberEyeXR/Library/Bee/Android/Prj/IL2CPP/Il2CppBackup/il2cppOutput/Generics__153.cpp
[1413/1687  0s] CopyFiles C:/Users/jslade/CyberEyeXR/Library/Bee/Android/Prj/IL2CPP/Il2CppBackup/il2cppOutput/Generics__161.cpp
[1417/1687  0s] CopyFiles C:/Users/jslade/CyberEyeXR/Library/Bee/Android/Prj/IL2CPP/Il2CppBackup/il2cppOutput/Generics__141.cpp
[1421/1687  0s] CopyFiles C:/Users/jslade/CyberEyeXR/Library/Bee/Android/Prj/IL2CPP/Il2CppBackup/il2cppOutput/Generics__174.cpp
[1424/1687  0s] CopyFiles C:/Users/jslade/CyberEyeXR/Library/Bee/Android/Prj/IL2CPP/Il2CppBackup/il2cppOutput/Generics__129.cpp
[1426/1687  0s] CopyFiles C:/Users/jslade/CyberEyeXR/Library/Bee/Android/Prj/IL2CPP/Il2CppBackup/il2cppOutput/Generics__162.cpp
[1428/1687  0s] CopyFiles C:/Users/jslade/CyberEyeXR/Library/Bee/Android/Prj/IL2CPP/Il2CppBackup/il2cppOutput/Generics__123.cpp
[1429/1687  0s] CopyFiles C:/Users/jslade/CyberEyeXR/Library/Bee/Android/Prj/IL2CPP/Il2CppBackup/il2cppOutput/Generics__152.cpp
[1432/1687  0s] CopyFiles C:/Users/jslade/CyberEyeXR/Library/Bee/Android/Prj/IL2CPP/Il2CppBackup/il2cppOutput/Generics__120.cpp
[1434/1687  0s] CopyFiles C:/Users/jslade/CyberEyeXR/Library/Bee/Android/Prj/IL2CPP/Il2CppBackup/il2cppOutput/Generics__158.cpp
[1438/1687  0s] CopyFiles C:/Users/jslade/CyberEyeXR/Library/Bee/Android/Prj/IL2CPP/Il2CppBackup/il2cppOutput/Generics__1.cpp
[1439/1687  0s] CopyFiles C:/Users/jslade/CyberEyeXR/Library/Bee/Android/Prj/IL2CPP/Il2CppBackup/il2cppOutput/Generics__4.cpp
[1442/1687  0s] CopyFiles C:/Users/jslade/CyberEyeXR/Library/Bee/Android/Prj/IL2CPP/Il2CppBackup/il2cppOutput/Generics__2.cpp
[1447/1687  0s] CopyFiles C:/Users/jslade/CyberEyeXR/Library/Bee/Android/Prj/IL2CPP/Il2CppBackup/il2cppOutput/GenericMethods.cpp
[1455/1687  0s] CopyFiles C:/Users/jslade/CyberEyeXR/Library/Bee/Android/Prj/IL2CPP/Il2CppBackup/il2cppOutput/Generics__74.cpp
[1460/1687  0s] CopyFiles C:/Users/jslade/CyberEyeXR/Library/Bee/Android/Prj/IL2CPP/Il2CppBackup/il2cppOutput/Generics__72.cpp
[1463/1687  0s] CopyFiles C:/Users/jslade/CyberEyeXR/Library/Bee/Android/Prj/IL2CPP/Il2CppBackup/il2cppOutput/Generics__67.cpp
[1493/1687  0s] CopyFiles C:/Users/jslade/CyberEyeXR/Library/Bee/Android/Prj/IL2CPP/Il2CppBackup/il2cppOutput/Generics__53.cpp
[1494/1687  0s] CopyFiles C:/Users/jslade/CyberEyeXR/Library/Bee/Android/Prj/IL2CPP/Il2CppBackup/il2cppOutput/Generics__66.cpp
[1497/1687  0s] CopyFiles C:/Users/jslade/CyberEyeXR/Library/Bee/Android/Prj/IL2CPP/Il2CppBackup/il2cppOutput/Generics__85.cpp
[1504/1687  0s] CopyFiles C:/Users/jslade/CyberEyeXR/Library/Bee/Android/Prj/IL2CPP/Il2CppBackup/il2cppOutput/Generics__70.cpp
[1505/1687  0s] CopyFiles C:/Users/jslade/CyberEyeXR/Library/Bee/Android/Prj/IL2CPP/Il2CppBackup/il2cppOutput/Generics__68.cpp
[1507/1687  0s] CopyFiles C:/Users/jslade/CyberEyeXR/Library/Bee/Android/Prj/IL2CPP/Il2CppBackup/il2cppOutput/Generics__83.cpp
[1514/1687  0s] CopyFiles C:/Users/jslade/CyberEyeXR/Library/Bee/Android/Prj/IL2CPP/Il2CppBackup/il2cppOutput/Generics__56.cpp
[1516/1687  0s] CopyFiles C:/Users/jslade/CyberEyeXR/Library/Bee/Android/Prj/IL2CPP/Il2CppBackup/il2cppOutput/Generics__20.cpp
[1530/1687  0s] CopyFiles C:/Users/jslade/CyberEyeXR/Library/Bee/Android/Prj/IL2CPP/Il2CppBackup/il2cppOutput/Generics__26.cpp
[1534/1687  0s] CopyFiles C:/Users/jslade/CyberEyeXR/Library/Bee/Android/Prj/IL2CPP/Il2CppBackup/il2cppOutput/Generics__76.cpp
[1535/1687  0s] CopyFiles C:/Users/jslade/CyberEyeXR/Library/Bee/Android/Prj/IL2CPP/Gradle/unityLibrary/src/main/assets/bin/Data/Managed/Resources/System.Drawing.dll-resources.dat
[1536/1687  0s] CopyFiles C:/Users/jslade/CyberEyeXR/Library/Bee/Android/Prj/IL2CPP/Gradle/unityLibrary/src/main/assets/bin/Data/Managed/Resources/System.Data.dll-resources.dat
[1537/1687  0s] CopyFiles C:/Users/jslade/CyberEyeXR/Library/Bee/Android/Prj/IL2CPP/Il2CppBackup/il2cppOutput/Unity.RenderPipelines.Core.Runtime.Shared.cpp
[1538/1687  0s] CopyFiles C:/Users/jslade/CyberEyeXR/Library/Bee/Android/Prj/IL2CPP/Il2CppBackup/il2cppOutput/Unity.XR.ARFoundation.InternalUtils_CodeGen.c
[1539/1687  0s] CopyFiles C:/Users/jslade/CyberEyeXR/Library/Bee/Android/Prj/IL2CPP/Il2CppBackup/il2cppOutput/UnityEngine.UnityWebRequestModule.cpp
[1540/1687  0s] CopyFiles C:/Users/jslade/CyberEyeXR/Library/Bee/Android/Prj/IL2CPP/Il2CppBackup/il2cppOutput/UnityEngine.SharedInternalsModule.cpp
[1541/1687  0s] CopyFiles C:/Users/jslade/CyberEyeXR/Library/Bee/Android/Prj/IL2CPP/Il2CppBackup/il2cppOutput/UnityEngine.ImageConversionModule.cpp
[1542/1687  0s] CopyFiles C:/Users/jslade/CyberEyeXR/Library/Bee/Android/Prj/IL2CPP/Il2CppBackup/il2cppOutput/UnityEngine.SpatialTracking_CodeGen.c
[1543/1687  0s] CopyFiles C:/Users/jslade/CyberEyeXR/Library/Bee/Android/Prj/IL2CPP/Il2CppBackup/il2cppOutput/UnityEngine.AnimationModule_CodeGen.c
[1545/1687  0s] CopyFiles C:/Users/jslade/CyberEyeXR/Library/Bee/Android/Prj/IL2CPP/Il2CppBackup/il2cppOutput/Il2CppInvokerTable.cpp
[1549/1687  0s] CopyFiles C:/Users/jslade/CyberEyeXR/Library/Bee/Android/Prj/IL2CPP/Il2CppBackup/il2cppOutput/Il2CppCCalculateFieldValues4.cpp
[1550/1687  0s] CopyFiles C:/Users/jslade/CyberEyeXR/Library/Bee/Android/Prj/IL2CPP/Il2CppBackup/il2cppOutput/Il2CppGenericInstDefinitions.c
[1551/1687  0s] CopyFiles C:/Users/jslade/CyberEyeXR/Library/Bee/Android/Prj/IL2CPP/Il2CppBackup/il2cppOutput/Il2CppGenericMethodDefinitions.c
[1555/1687  0s] CopyFiles C:/Users/jslade/CyberEyeXR/Library/Bee/Android/Prj/IL2CPP/Il2CppBackup/il2cppOutput/Il2CppTypeDefinitions.c
[1556/1687  0s] CopyFiles C:/Users/jslade/CyberEyeXR/Library/Bee/Android/Prj/IL2CPP/Il2CppBackup/il2cppOutput/Il2CppMetadataUsage.c
[1557/1687  0s] CopyFiles C:/Users/jslade/CyberEyeXR/Library/Bee/Android/Prj/IL2CPP/Il2CppBackup/il2cppOutput/Il2CppGenericMethodPointerTable.c
[1558/1687  0s] CopyFiles C:/Users/jslade/CyberEyeXR/Library/Bee/Android/Prj/IL2CPP/Il2CppBackup/il2cppOutput/Il2CppGenericAdjustorThunkTable.c
[1559/1687  0s] CopyFiles C:/Users/jslade/CyberEyeXR/Library/Bee/Android/Prj/IL2CPP/Il2CppBackup/il2cppOutput/Il2CppRgctxTable.c
[1562/1687  0s] CopyFiles C:/Users/jslade/CyberEyeXR/Library/Bee/Android/Prj/IL2CPP/Il2CppBackup/il2cppOutput/Il2CppCCFieldValuesTable.cpp
[1564/1687  0s] CopyFiles C:/Users/jslade/CyberEyeXR/Library/Bee/Android/Prj/IL2CPP/Il2CppBackup/il2cppOutput/Il2CppCCalculateTypeValues2.cpp
[1566/1687  0s] CopyFiles C:/Users/jslade/CyberEyeXR/Library/Bee/Android/Prj/IL2CPP/Il2CppBackup/il2cppOutput/Il2CppCodeRegistration.cpp
[1569/1687  0s] CopyFiles C:/Users/jslade/CyberEyeXR/Library/Bee/Android/Prj/IL2CPP/Il2CppBackup/il2cppOutput/Il2CppGenericMethodTable.c
[1571/1687  0s] CopyFiles C:/Users/jslade/CyberEyeXR/Library/Bee/Android/Prj/IL2CPP/Il2CppBackup/il2cppOutput/UnityEngine.UIElementsModule__13.cpp
[1573/1687  0s] CopyFiles C:/Users/jslade/CyberEyeXR/Library/Bee/Android/Prj/IL2CPP/Il2CppBackup/il2cppOutput/UnityEngine.UnityAnalyticsModule.cpp
[1579/1687  0s] CopyFiles C:/Users/jslade/CyberEyeXR/Library/Bee/Android/Prj/IL2CPP/Il2CppBackup/il2cppOutput/UnityEngine.ParticleSystemModule.cpp
[1581/1687  0s] CopyFiles C:/Users/jslade/CyberEyeXR/Library/Bee/Android/Prj/IL2CPP/Il2CppBackup/il2cppOutput/System.Numerics.cpp
[1582/1687  0s] CopyFiles C:/Users/jslade/CyberEyeXR/Library/Bee/Android/Prj/IL2CPP/Il2CppBackup/il2cppOutput/Unity.RenderPipelines.GPUDriven.Runtime.cpp
[1583/1687  0s] CopyFiles C:/Users/jslade/CyberEyeXR/Library/Bee/Android/Prj/IL2CPP/Il2CppBackup/il2cppOutput/System.Xml.Linq.cpp
[1584/1687  0s] CopyFiles C:/Users/jslade/CyberEyeXR/Library/Bee/Android/Prj/IL2CPP/Il2CppBackup/il2cppOutput/System.Configuration_CodeGen.c
[1585/1687  0s] CopyFiles C:/Users/jslade/CyberEyeXR/Library/Bee/Android/Prj/IL2CPP/Il2CppBackup/il2cppOutput/System.Runtime.Serialization.cpp
[1586/1687  0s] CopyFiles C:/Users/jslade/CyberEyeXR/Library/Bee/Android/Prj/IL2CPP/Il2CppBackup/il2cppOutput/System.Xml.Linq_CodeGen.c
[1587/1687 11s] C_Android_arm64 Library/Bee/artifacts/Android/d8kzr/3pwg1sz3kbqe.o
[1598/1687  0s] CopyFiles C:/Users/jslade/CyberEyeXR/Library/Bee/Android/Prj/IL2CPP/Il2CppBackup/il2cppOutput/System.Xml_CodeGen.c
[1599/1687  0s] CopyFiles C:/Users/jslade/CyberEyeXR/Library/Bee/Android/Prj/IL2CPP/Il2CppBackup/il2cppOutput/System.Core_CodeGen.c
[1601/1687  0s] CopyFiles C:/Users/jslade/CyberEyeXR/Library/Bee/Android/Prj/IL2CPP/Il2CppBackup/il2cppOutput/System.Numerics_CodeGen.c
[1612/1687  0s] CopyFiles C:/Users/jslade/CyberEyeXR/Library/Bee/Android/Prj/IL2CPP/Il2CppBackup/il2cppOutput/System.Configuration.cpp
[1616/1687  0s] CopyFiles C:/Users/jslade/CyberEyeXR/Library/Bee/Android/Prj/IL2CPP/Il2CppBackup/il2cppOutput/System.Drawing_CodeGen.c
[1620/1687  0s] CopyFiles C:/Users/jslade/CyberEyeXR/Library/Bee/Android/Prj/IL2CPP/Il2CppBackup/il2cppOutput/System.Drawing.cpp
[1632/1687  0s] CopyFiles C:/Users/jslade/CyberEyeXR/Library/Bee/Android/Prj/IL2CPP/Il2CppBackup/il2cppOutput/System.Data__7.cpp
[1636/1687  0s] CopyFiles C:/Users/jslade/CyberEyeXR/Library/Bee/Android/Prj/IL2CPP/Il2CppBackup/il2cppOutput/System.Data_CodeGen.c
[1637/1687  0s] CopyFiles C:/Users/jslade/CyberEyeXR/Library/Bee/Android/Prj/IL2CPP/Il2CppBackup/il2cppOutput/UnityEngine.UnityConsentModule.cpp
[1638/1687  0s] CopyFiles C:/Users/jslade/CyberEyeXR/Library/Bee/Android/Prj/IL2CPP/Il2CppBackup/il2cppOutput/System_CodeGen.c
[1639/1687  0s] CopyFiles C:/Users/jslade/CyberEyeXR/Library/Bee/Android/Prj/IL2CPP/Il2CppBackup/il2cppOutput/Unity.RenderPipelines.Core.Runtime__6.cpp
[1640/1687  0s] CopyFiles C:/Users/jslade/CyberEyeXR/Library/Bee/Android/Prj/IL2CPP/Il2CppBackup/il2cppOutput/Unity.RenderPipelines.Core.Runtime__2.cpp
[1641/1687  0s] CopyFiles C:/Users/jslade/CyberEyeXR/Library/Bee/Android/Prj/IL2CPP/Il2CppBackup/il2cppOutput/Unity.RenderPipelines.Core.Runtime__5.cpp
[1642/1687  0s] CopyFiles C:/Users/jslade/CyberEyeXR/Library/Bee/Android/Prj/IL2CPP/Il2CppBackup/il2cppOutput/UnityEngine.TextRenderingModule_CodeGen.c
[1644/1687  0s] CopyFiles C:/Users/jslade/CyberEyeXR/Library/Bee/Android/Prj/IL2CPP/Il2CppBackup/il2cppOutput/UnityEngine.JSONSerializeModule_CodeGen.c
[1646/1687  0s] CopyFiles C:/Users/jslade/CyberEyeXR/Library/Bee/Android/Prj/IL2CPP/Il2CppBackup/il2cppOutput/Unity.RenderPipelines.Core.Runtime__7.cpp
[1647/1687  0s] CopyFiles C:/Users/jslade/CyberEyeXR/Library/Bee/Android/Prj/IL2CPP/Il2CppBackup/il2cppOutput/Unity.RenderPipelines.Core.Runtime__8.cpp
[1649/1687  0s] CopyFiles C:/Users/jslade/CyberEyeXR/Library/Bee/Android/Prj/IL2CPP/Il2CppBackup/il2cppOutput/Unity.RenderPipelines.Core.Runtime__3.cpp
[1650/1687  0s] CopyFiles C:/Users/jslade/CyberEyeXR/Library/Bee/Android/Prj/IL2CPP/Il2CppBackup/il2cppOutput/Mono.Security_CodeGen.c
[1653/1687  0s] CopyFiles C:/Users/jslade/CyberEyeXR/Library/Bee/Android/Prj/IL2CPP/Il2CppBackup/il2cppOutput/Unity.RenderPipelines.GPUDriven.Runtime__1.cpp
[1654/1687  0s] CopyFiles C:/Users/jslade/CyberEyeXR/Library/Bee/Android/Prj/IL2CPP/Il2CppBackup/il2cppOutput/UnityEngine.HierarchyCoreModule_CodeGen.c
[1655/1687  0s] CopyFiles C:/Users/jslade/CyberEyeXR/Library/Bee/Android/Prj/IL2CPP/Il2CppBackup/il2cppOutput/Unity.RenderPipelines.Universal.Runtime__1.cpp
[1656/1687  0s] CopyFiles C:/Users/jslade/CyberEyeXR/Library/Bee/Android/Prj/IL2CPP/Il2CppBackup/il2cppOutput/Unity.RenderPipelines.Universal.Runtime__5.cpp
[1657/1687  0s] CopyFiles C:/Users/jslade/CyberEyeXR/Library/Bee/Android/Prj/IL2CPP/Il2CppBackup/il2cppOutput/Unity.RenderPipelines.Universal.Runtime__7.cpp
[1658/1687  0s] CopyFiles C:/Users/jslade/CyberEyeXR/Library/Bee/Android/Prj/IL2CPP/Il2CppBackup/il2cppOutput/Unity.RenderPipelines.Core.Runtime_CodeGen.c
[1659/1687  0s] CopyFiles C:/Users/jslade/CyberEyeXR/Library/Bee/Android/Prj/IL2CPP/Il2CppBackup/il2cppOutput/Unity.RenderPipelines.GPUDriven.Runtime__2.cpp
[1660/1687  0s] CopyFiles C:/Users/jslade/CyberEyeXR/Library/Bee/Android/Prj/IL2CPP/Il2CppBackup/il2cppOutput/Unity.RenderPipelines.Universal.Runtime__6.cpp
[1661/1687  0s] CopyFiles C:/Users/jslade/CyberEyeXR/Library/Bee/Android/Prj/IL2CPP/Il2CppBackup/il2cppOutput/Unity.RenderPipelines.Universal.Runtime__4.cpp
[1663/1687  0s] CopyFiles C:/Users/jslade/CyberEyeXR/Library/Bee/Android/Prj/IL2CPP/Il2CppBackup/il2cppOutput/Unity.RenderPipelines.Universal.Runtime__2.cpp
[1664/1687  0s] CopyFiles C:/Users/jslade/CyberEyeXR/Library/Bee/Android/Prj/IL2CPP/Il2CppBackup/il2cppOutput/UnityEngine.TextCoreFontEngineModule_CodeGen.c
[1665/1687  0s] CopyFiles C:/Users/jslade/CyberEyeXR/Library/Bee/Android/Prj/IL2CPP/Il2CppBackup/il2cppOutput/UnityEngine.TextCoreTextEngineModule_CodeGen.c
[1667/1687  0s] CopyFiles C:/Users/jslade/CyberEyeXR/Library/Bee/Android/Prj/IL2CPP/Il2CppBackup/il2cppOutput/Assembly-CSharp__1.cpp
[1668/1687  0s] CopyFiles C:/Users/jslade/CyberEyeXR/Library/Bee/Android/Prj/IL2CPP/Il2CppBackup/il2cppOutput/Assembly-CSharp.cpp
[1669/1687  0s] CopyFiles C:/Users/jslade/CyberEyeXR/Library/Bee/Android/Prj/IL2CPP/Il2CppBackup/il2cppOutput/Assembly-CSharp_CodeGen.c
[1670/1687 22s] C_Android_arm64 Library/Bee/artifacts/Android/d8kzr/03s0770z9dme.o
[1671/1687 23s] C_Android_arm64 Library/Bee/artifacts/Android/d8kzr/tw6eh8ykminm.o
[1672/1687 17s] C_Android_arm64 Library/Bee/artifacts/Android/d8kzr/zxw9xndp0830.o
[1673/1687 23s] C_Android_arm64 Library/Bee/artifacts/Android/d8kzr/tg2pqltymclb.o
[BUSY      73s] C_Android_arm64 Library/Bee/artifacts/Android/d8kzr/m9991wbz1unf.o
[BUSY      83s] C_Android_arm64 Library/Bee/artifacts/Android/d8kzr/m9991wbz1unf.o
[BUSY      93s] C_Android_arm64 Library/Bee/artifacts/Android/d8kzr/m9991wbz1unf.o
[BUSY     103s] C_Android_arm64 Library/Bee/artifacts/Android/d8kzr/m9991wbz1unf.o
[BUSY     113s] C_Android_arm64 Library/Bee/artifacts/Android/d8kzr/m9991wbz1unf.o
[1674/1687 113s] C_Android_arm64 Library/Bee/artifacts/Android/d8kzr/m9991wbz1unf.o
[BUSY       6s] Link_Android_arm64 Library/Bee/artifacts/Android/d8kzr/libil2cpp.so
[1675/1687  7s] Link_Android_arm64 Library/Bee/artifacts/Android/d8kzr/libil2cpp.so
[1676/1687  1s] CopyFiles Library/Bee/artifacts/objcopy_5lmi/libil2cpp.dbg.so
[1677/1687  1s] CopyFiles C:/Users/jslade/CyberEyeXR/Library/Bee/artifacts/Android/il2cppOutput/build/arm64-v8a/libil2cpp.dbg.so
[1678/1687  1s] NdkObjCopy Library/Bee/artifacts/objcopy_5lmi/stripped/libil2cpp.so
[1679/1687  2s] NdkObjCopy Library/Bee/artifacts/objcopy_5lmi/libil2cpp.sym.so
[1680/1687  0s] CopyFiles C:/Users/jslade/CyberEyeXR/Library/Bee/Android/Prj/IL2CPP/Gradle/unityLibrary/symbols/arm64-v8a/libil2cpp.so
[1681/1687  0s] CopyFiles C:/Users/jslade/CyberEyeXR/Library/Bee/artifacts/Android/il2cppOutput/build/arm64-v8a/libil2cpp.sym.so
[1682/1687  0s] NdkObjCopy Library/Bee/artifacts/objcopy_5lmi/libil2cpp.so
[1683/1687  0s] CopyFiles C:/Users/jslade/CyberEyeXR/Library/Bee/artifacts/Android/il2cppOutput/build/arm64-v8a/libil2cpp.so
[1684/1687  0s] CopyFiles C:/Users/jslade/CyberEyeXR/Library/Bee/Android/Prj/IL2CPP/Gradle/unityLibrary/src/main/jniLibs/arm64-v8a/libil2cpp.so
*** Tundra requires additional run (414.42 seconds - 0:06:54), 668 items updated, 1687 evaluated
*** Additional run caused by: timestamp change of Library/Bee/artifacts/Android/Features/Assembly-CSharp-FeaturesChecked.txt
Starting: C:\Program Files\Unity\Hub\Editor\6000.0.78f1\Editor\Data\Tools\netcorerun\netcorerun.exe "C:\Program Files\Unity\Hub\Editor\6000.0.78f1\Editor\Data\PlaybackEngines\AndroidPlayer\AndroidPlayerBuildProgram.exe" "C:/Program Files/Unity/Hub/Editor/6000.0.78f1/Editor/Data/PlaybackEngines/AndroidPlayer/Bee;C:/Program Files/Unity/Hub/Editor/6000.0.78f1/Editor/Data/Tools/BuildPipeline" "Library/Bee/Player40cf1ce1.dag.json" "Library/Bee/Player40cf1ce1-inputdata.json" "Library\Bee\buildprogram1.traceevents"
WorkingDir: C:/Users/jslade/CyberEyeXR
ExitCode: 4 Duration: 6m:54s
ExitCode: 0 Duration: 1s901ms
Starting: C:\Program Files\Unity\Hub\Editor\6000.0.78f1\Editor\Data\bee_backend.exe --ipc --dagfile="Library/Bee/Player40cf1ce1.dag" --dagfilejson="Library\Bee\Player40cf1ce1.dag.json" --profile="Library/Bee/backend3.traceevents" Player
WorkingDir: C:/Users/jslade/CyberEyeXR
Finished compiling graph: 1878 nodes, 5184 flattened edges (5178 ToBuild, 6 ToUse), maximum node priority 1349
*** Tundra build success (1.17 seconds), 0 items updated, 1687 evaluated
ExitCode: 0 Duration: 1s261ms
DisplayProgressbar: Calling IPostGenerateGradleAndroidProject callbacks
Calling IPostGenerateGradleAndroidProject callbacks on 'C:\Users\jslade\CyberEyeXR\Library\Bee\Android\Prj\IL2CPP\Gradle\unityLibrary':
    Call "Unity.XR.Management.AndroidManifest.Editor.AndroidManifestBuildEventReceiver.OnPostGenerateGradleAndroidProject" from assembly 'Unity.XR.Management.Editor'
Android PostProcess task "Calling IPostGenerateGradleAndroidProject callbacks" took 135.8758 ms
DisplayProgressbar: Validate Gradle Project
Android PostProcess task "Validate Gradle Project" took 4.1686 ms
Android PostProcess task "Cloud Diagnostics Symbol Upload" took 0.6262 ms
DisplayProgressbar: Building Gradle project
Total cache size 268274982
Total cache size after purge 268274982, took 00:00:02.6335380
Starting: C:\Program Files\Unity\Hub\Editor\6000.0.78f1\Editor\Data\PlaybackEngines\AndroidPlayer\OpenJDK\bin\java.exe -classpath "C:\Program Files\Unity\Hub\Editor\6000.0.78f1\Editor\Data\PlaybackEngines\AndroidPlayer\Tools\gradle\lib\gradle-launcher-8.13.jar" org.gradle.launcher.GradleMain "-Dorg.gradle.jvmargs=-Xmx4096m" "assembleRelease" 
WorkingDir: C:/Users/jslade/CyberEyeXR/Library/Bee/Android/Prj/IL2CPP/Gradle\launcher
Android PostProcess task "Building Gradle project" took 71427.0743 ms
DisplayProgressbar: Building Gradle Symbols
Android PostProcess task "Building Gradle Symbols" took 0.6177 ms
DisplayProgressbar: Processing Mapping File
Android PostProcess task "Processing Mapping File" took 0.79 ms
DisplayProgressbar: Moving output package(s)
Deleting file 'C:/Users/jslade/CyberEyeXR/Builds/CyberEye-release.apk'
Copy 'C:/Users/jslade/CyberEyeXR/Library/Bee/Android/Prj/IL2CPP/Gradle\launcher\build\outputs\apk\release\launcher-release.apk' -> 
 'C:/Users/jslade/CyberEyeXR/Builds/CyberEye-release.apk'
Android PostProcess task "Moving output package(s)" took 5055.6399 ms
Android PostProcess task "Checking Symbols size" took 1.7288 ms
Refreshing native plugins compatible for Editor in 54.98 ms, found 2 plugins.
Preloading 1 native plugins for Editor in 0.30 ms.
Asset Pipeline Refresh (id=1431e1cff5e5e06488485f458b8e9f7b): Total: 0.245 seconds - Initiated by RefreshV2(NoUpdateAssetOptions)
Refreshing native plugins compatible for Editor in 25.28 ms, found 2 plugins.
Refreshing native plugins compatible for Editor in 28.25 ms, found 2 plugins.
Preloading 1 native plugins for Editor in 0.30 ms.
Asset Pipeline Refresh (id=97ac6373eb2ac2541bc88ba4a9645fc0): Total: 0.193 seconds - Initiated by StopAssetImportingV2(NoUpdateAssetOptions)
Failed to move the asset (Assets\XR\Temp\XRSimulationPreferences.asset) to a temporary location: Cannot move asset from Assets/XR/Temp/XRSimulationPreferences.asset to Assets/XR/UserSimulationSettings/Resources/XRSimulationPreferences.asset. Destination path name does already exist
UnityEngine.Debug:ExtractStackTraceNoAlloc (byte*,int,string)
UnityEngine.StackTraceUtility:ExtractStackTrace ()
UnityEngine.DebugLogHandler:Internal_Log (UnityEngine.LogType,UnityEngine.LogOption,string,UnityEngine.Object)
UnityEngine.DebugLogHandler:LogFormat (UnityEngine.LogType,UnityEngine.Object,string,object[])
UnityEngine.Logger:Log (UnityEngine.LogType,object)
UnityEngine.Debug:LogWarning (object)
UnityEditor.XR.Simulation.SimulationSettingsBuildProcessor:TryMoveAsset (string,string) (at ./Library/PackageCache/com.unity.xr.arfoundation@f996f0242444/Editor/Simulation/SimulationSettingsBuildProcessor.cs:121)
UnityEditor.XR.Simulation.SimulationSettingsBuildProcessor:OnPostprocessBuild (UnityEditor.Build.Reporting.BuildReport) (at ./Library/PackageCache/com.unity.xr.arfoundation@f996f0242444/Editor/Simulation/SimulationSettingsBuildProcessor.cs:64)
UnityEditor.Build.BuildPipelineInterfaces/<>c__DisplayClass20_0:<OnBuildPostProcess>b__1 (UnityEditor.Build.IPostprocessBuildWithReport)
UnityEditor.Build.BuildPipelineInterfaces:InvokeCallbackInterfacesPair<UnityEditor.Build.IPostprocessBuild, UnityEditor.Build.IPostprocessBuildWithReport> (System.Collections.Generic.List`1<UnityEditor.Build.IPostprocessBuild>,System.Action`1<UnityEditor.Build.IPostprocessBuild>,System.Collections.Generic.List`1<UnityEditor.Build.IPostprocessBuildWithReport>,System.Action`1<UnityEditor.Build.IPostprocessBuildWithReport>,bool)
UnityEditor.Build.BuildPipelineInterfaces:OnBuildPostProcess (UnityEditor.Build.Reporting.BuildReport)
UnityEditor.BuildPipeline:BuildPlayerInternalNoCheck (string[],string,string,UnityEditor.BuildTargetGroup,UnityEditor.BuildTarget,int,UnityEditor.BuildOptions,string[],bool)
UnityEditor.BuildPipeline:BuildPlayerInternal (string[],string,string,UnityEditor.BuildTargetGroup,UnityEditor.BuildTarget,int,UnityEditor.BuildOptions,string[])
UnityEditor.BuildPipeline:BuildPlayer (string[],string,string,UnityEditor.BuildTargetGroup,UnityEditor.BuildTarget,int,UnityEditor.BuildOptions,string[])
UnityEditor.BuildPipeline:BuildPlayer (UnityEditor.BuildPlayerOptions)
BuildScript:PerformAndroidBuild () (at Assets/Editor/BuildScript.cs:133)

(Filename: ./Library/PackageCache/com.unity.xr.arfoundation@f996f0242444/Editor/Simulation/SimulationSettingsBuildProcessor.cs Line: 121)

Failed to move the asset (Assets\XR\Temp\XRSimulationRuntimeSettings.asset) to a temporary location: Cannot move asset from Assets/XR/Temp/XRSimulationRuntimeSettings.asset to Assets/XR/Resources/XRSimulationRuntimeSettings.asset. Destination path name does already exist
UnityEngine.Debug:ExtractStackTraceNoAlloc (byte*,int,string)
UnityEngine.StackTraceUtility:ExtractStackTrace ()
UnityEngine.DebugLogHandler:Internal_Log (UnityEngine.LogType,UnityEngine.LogOption,string,UnityEngine.Object)
UnityEngine.DebugLogHandler:LogFormat (UnityEngine.LogType,UnityEngine.Object,string,object[])
UnityEngine.Logger:Log (UnityEngine.LogType,object)
UnityEngine.Debug:LogWarning (object)
UnityEditor.XR.Simulation.SimulationSettingsBuildProcessor:TryMoveAsset (string,string) (at ./Library/PackageCache/com.unity.xr.arfoundation@f996f0242444/Editor/Simulation/SimulationSettingsBuildProcessor.cs:121)
UnityEditor.XR.Simulation.SimulationSettingsBuildProcessor:OnPostprocessBuild (UnityEditor.Build.Reporting.BuildReport) (at ./Library/PackageCache/com.unity.xr.arfoundation@f996f0242444/Editor/Simulation/SimulationSettingsBuildProcessor.cs:64)
UnityEditor.Build.BuildPipelineInterfaces/<>c__DisplayClass20_0:<OnBuildPostProcess>b__1 (UnityEditor.Build.IPostprocessBuildWithReport)
UnityEditor.Build.BuildPipelineInterfaces:InvokeCallbackInterfacesPair<UnityEditor.Build.IPostprocessBuild, UnityEditor.Build.IPostprocessBuildWithReport> (System.Collections.Generic.List`1<UnityEditor.Build.IPostprocessBuild>,System.Action`1<UnityEditor.Build.IPostprocessBuild>,System.Collections.Generic.List`1<UnityEditor.Build.IPostprocessBuildWithReport>,System.Action`1<UnityEditor.Build.IPostprocessBuildWithReport>,bool)
UnityEditor.Build.BuildPipelineInterfaces:OnBuildPostProcess (UnityEditor.Build.Reporting.BuildReport)
UnityEditor.BuildPipeline:BuildPlayerInternalNoCheck (string[],string,string,UnityEditor.BuildTargetGroup,UnityEditor.BuildTarget,int,UnityEditor.BuildOptions,string[],bool)
UnityEditor.BuildPipeline:BuildPlayerInternal (string[],string,string,UnityEditor.BuildTargetGroup,UnityEditor.BuildTarget,int,UnityEditor.BuildOptions,string[])
UnityEditor.BuildPipeline:BuildPlayer (string[],string,string,UnityEditor.BuildTargetGroup,UnityEditor.BuildTarget,int,UnityEditor.BuildOptions,string[])
UnityEditor.BuildPipeline:BuildPlayer (UnityEditor.BuildPlayerOptions)
BuildScript:PerformAndroidBuild () (at Assets/Editor/BuildScript.cs:133)

(Filename: ./Library/PackageCache/com.unity.xr.arfoundation@f996f0242444/Editor/Simulation/SimulationSettingsBuildProcessor.cs Line: 121)

Asset Pipeline Refresh (id=071e157652691b24d99708ec3d67ee11): Total: 0.048 seconds - Initiated by RefreshV2(NoUpdateAssetOptions)
Refreshing native plugins compatible for Editor in 27.61 ms, found 2 plugins.
Preloading 1 native plugins for Editor in 0.43 ms.

-------------------------------------------------------------------------------
Build Report
Uncompressed usage by category (Percentages based on user generated assets only):
Textures               3.5 mb	 12.8% 
Meshes                 0.0 kb	 0.0% 
Animations             0.0 kb	 0.0% 
Sounds                 41.0 kb	 0.1% 
Shaders                2.1 mb	 7.5% 
Other Assets           21.6 mb	 77.9% 
Levels                 0.0 kb	 0.0% 
File headers           179.6 kb	 0.6% 
Total User Assets      27.8 mb	 100.0% 
Complete build size    1.3 gb
Used Assets and files from the Resources folder, sorted by uncompressed size:
 12.2 mb	 0.9% Assets/CyberEye/Models/yolov8n.onnx
 6.5 mb	 0.5% Packages/com.unity.ai.inference/Runtime/Core/Resources/Sentis/ComputeShaders/ConvGeneric.compute
 1.2 mb	 0.1% Built-in Texture2D: Splash Screen Unity Logo
 1.1 mb	 0.1% Packages/com.unity.ai.inference/Runtime/Core/Resources/Sentis/PixelShaders/ConvTranspose.shader
 1.0 mb	 0.1% Assets/TextMesh Pro/Resources/Fonts & Materials/LiberationSans SDF.asset
 611.7 kb	 0.0% Assets/CyberEye/Models/test_detect.jpg
 532.5 kb	 0.0% Resources/unity_builtin_extra
 531.7 kb	 0.0% Packages/com.unity.ai.inference/Runtime/Core/Resources/Sentis/ComputeShaders/Dense.compute
 344.5 kb	 0.0% Assets/TextMesh Pro/Fonts/LiberationSans.ttf
 259.0 kb	 0.0% Packages/com.unity.ai.inference/Runtime/Core/Resources/Sentis/ComputeShaders/Compute.Shaders.Broadcast.gen.compute
 212.8 kb	 0.0% Packages/com.unity.ai.inference/Runtime/Core/Resources/Sentis/ComputeShaders/Compute.Shaders.Reduction.gen.compute
 169.1 kb	 0.0% Packages/com.unity.ai.inference/Runtime/Core/Resources/Sentis/ComputeShaders/Compute.Shaders.Conv.gen.compute
 154.8 kb	 0.0% Assets/TextMesh Pro/Sprites/EmojiOne.png
 109.4 kb	 0.0% Packages/com.unity.ai.inference/Runtime/Core/Resources/Sentis/ComputeShaders/GridSample.compute
 106.7 kb	 0.0% Packages/com.unity.ai.inference/Runtime/Core/Resources/Sentis/ComputeShaders/Compute.Shaders.ConvTranspose.gen.compute
 102.7 kb	 0.0% Packages/com.unity.ai.inference/Runtime/Core/Resources/Sentis/ComputeShaders/Compute.Shaders.PointwiseUnary.gen.compute
 83.5 kb	 0.0% Assets/TextMesh Pro/Shaders/TMP_SDF SSD.shader
 79.7 kb	 0.0% Packages/com.unity.render-pipelines.core/Runtime/Debugging/Prefabs/Fonts/PerfectDOSVGA437.ttf
 78.0 kb	 0.0% Packages/com.xreal.xr/Runtime/Scripts/Android/Camera Features/Resources/Textures/captureDefault.jpg
 74.5 kb	 0.0% Packages/com.unity.render-pipelines.universal/Shaders/Lit.shader
 72.2 kb	 0.0% Packages/com.unity.ai.inference/Runtime/Core/Resources/Sentis/ComputeShaders/RNN.compute
 64.3 kb	 0.0% Packages/com.unity.render-pipelines.universal/Shaders/Utils/CoreBlit.shader
 62.2 kb	 0.0% Packages/com.unity.ai.inference/Runtime/Core/Resources/Sentis/ComputeShaders/DepthwiseConv.compute
 59.1 kb	 0.0% Packages/com.unity.render-pipelines.core/Runtime/Debugging/Prefabs/Widgets/DebugUIHandlerRenderingLayerField.prefab
 59.1 kb	 0.0% Packages/com.unity.render-pipelines.core/Runtime/Debugging/Prefabs/Widgets/DebugUIBitField.prefab
 54.3 kb	 0.0% Packages/com.unity.ai.inference/Runtime/Core/Resources/Sentis/ComputeShaders/Pool.compute
 46.6 kb	 0.0% Assets/TextMesh Pro/Shaders/TMP_SDF.shader
 42.7 kb	 0.0% Assets/CyberEye/Fonts/ShareTechMono-Regular.ttf
 39.7 kb	 0.0% Packages/com.unity.ai.inference/Runtime/Core/Resources/Sentis/ComputeShaders/Compute.Shaders.ReductionUnrolled.gen.compute
 39.3 kb	 0.0% Packages/com.unity.ai.inference/Runtime/Core/Resources/Sentis/ComputeShaders/GemmT.compute
 39.1 kb	 0.0% Packages/com.unity.ai.inference/Runtime/Core/Resources/Sentis/ComputeShaders/WindowedDFTMatrix.compute
 33.5 kb	 0.0% Packages/com.unity.render-pipelines.universal/Shaders/Terrain/WavingGrass.shader
 32.9 kb	 0.0% Packages/com.unity.xr.arfoundation/Assets/Shaders/SimulationLegacyStandard.shader
 32.1 kb	 0.0% Packages/com.unity.ai.inference/Runtime/Core/Resources/Sentis/ComputeShaders/RoiAlign.compute
 32.0 kb	 0.0% Assets/CyberEye/Audio/ambiance.wav
 31.6 kb	 0.0% Packages/com.unity.ai.inference/Runtime/Core/Resources/Sentis/ComputeShaders/Resize.compute
 31.5 kb	 0.0% Packages/com.unity.ai.inference/Runtime/Core/Resources/Sentis/ComputeShaders/CompareOps.compute
 29.6 kb	 0.0% Packages/com.unity.ai.inference/Runtime/Core/Resources/Sentis/PixelShaders/ScatterElements.shader
 26.9 kb	 0.0% Assets/TextMesh Pro/Shaders/TMP_SDF-Mobile.shader
 24.6 kb	 0.0% Packages/com.unity.ai.inference/Runtime/Core/Resources/Sentis/ComputeShaders/ReferenceImpl.PoolA.compute
 24.6 kb	 0.0% Packages/com.unity.render-pipelines.universal/Shaders/Terrain/WavingGrassBillboard.shader
 23.4 kb	 0.0% Packages/com.unity.ai.inference/Runtime/Core/Resources/Sentis/ComputeShaders/ScatterOps.compute
 23.3 kb	 0.0% Packages/com.unity.ai.inference/Runtime/Core/Resources/Sentis/ComputeShaders/ReferenceImpl.IndexingOpsA.compute
 22.2 kb	 0.0% Packages/com.unity.ai.inference/Runtime/Core/Resources/Sentis/ComputeShaders/CopyOps.compute
 21.5 kb	 0.0% Packages/com.unity.render-pipelines.universal/Shaders/Terrain/TerrainDetailLit.shader
 20.6 kb	 0.0% Packages/com.unity.render-pipelines.universal/Shaders/Utils/StencilDeferred.shader
 18.5 kb	 0.0% Packages/com.unity.ai.inference/Runtime/Core/Resources/Sentis/PixelShaders/GridSample.shader
 18.4 kb	 0.0% Packages/com.unity.ai.inference/Runtime/Core/Resources/Sentis/PixelShaders/Broadcast.shader
 18.3 kb	 0.0% Packages/com.unity.ai.inference/Runtime/Core/Resources/Sentis/TextureConversion/TensorToTexture.compute
 17.8 kb	 0.0% Packages/com.unity.ai.inference/Runtime/Core/Resources/Sentis/TextureConversion/TextureToTensor.compute
 17.3 kb	 0.0% Packages/com.unity.ai.inference/Runtime/Core/Resources/Sentis/ComputeShaders/ReduceIndices.compute
 17.0 kb	 0.0% Packages/com.unity.ai.inference/Runtime/Core/Resources/Sentis/ComputeShaders/ReferenceImpl.PadA.compute
 16.5 kb	 0.0% Packages/com.unity.ai.inference/Runtime/Core/Resources/Sentis/PixelShaders/Activation.shader
 16.4 kb	 0.0% Packages/com.unity.ai.inference/Runtime/Core/Resources/Sentis/ComputeShaders/CumSum.compute
 16.0 kb	 0.0% Packages/com.unity.ai.inference/Runtime/Core/Resources/Sentis/ComputeShaders/NMS.compute
 14.9 kb	 0.0% Packages/com.unity.render-pipelines.universal/Textures/DebugFont.tga
 14.4 kb	 0.0% Packages/com.unity.ai.inference/Runtime/Core/Resources/Sentis/PixelShaders/STFT.shader
 14.3 kb	 0.0% Packages/com.unity.ai.inference/Runtime/Core/Resources/Sentis/PixelShaders/GroupedConv.shader
 13.6 kb	 0.0% Packages/com.unity.ai.inference/Runtime/Core/Resources/Sentis/ComputeShaders/Random.compute
 13.3 kb	 0.0% Packages/com.unity.ai.inference/Runtime/Core/Resources/Sentis/ComputeShaders/Normalization.compute
 13.2 kb	 0.0% Packages/com.unity.ai.inference/Runtime/Core/Resources/Sentis/ComputeShaders/Clip.compute
 12.7 kb	 0.0% Packages/com.unity.ai.inference/Runtime/Core/Resources/Sentis/PixelShaders/Conv.shader
 11.9 kb	 0.0% Packages/com.unity.render-pipelines.universal/Shaders/Debug/HDRDebugView.shader
 11.6 kb	 0.0% Packages/com.unity.ai.inference/Runtime/Core/Resources/Sentis/ComputeShaders/LogicalOps.compute
 11.0 kb	 0.0% Packages/com.unity.xr.arfoundation/Assets/Shaders/SimulationStandardLit.shader
 10.2 kb	 0.0% Packages/com.unity.ai.inference/Runtime/Core/Resources/Sentis/PixelShaders/DepthwiseConv.shader
 10.0 kb	 0.0% Packages/com.unity.ai.inference/Runtime/Core/Resources/Sentis/PixelShaders/LocalResponseNormalization.shader
 9.4 kb	 0.0% Packages/com.unity.ai.inference/Runtime/Core/Resources/Sentis/PixelShaders/GatherElements.shader
 9.3 kb	 0.0% Packages/com.unity.render-pipelines.core/Runtime/Debugging/Prefabs/Widgets/DebugUIPanel.prefab
 9.3 kb	 0.0% Packages/com.unity.ai.inference/Runtime/Core/Resources/Sentis/PixelShaders/ScatterND.shader
 9.3 kb	 0.0% Packages/com.unity.ai.inference/Runtime/Core/Resources/Sentis/PixelShaders/SliceSet.shader
 9.2 kb	 0.0% Packages/com.unity.ai.inference/Runtime/Core/Resources/Sentis/PixelShaders/RoiAlign.shader
 9.2 kb	 0.0% Packages/com.unity.ai.inference/Runtime/Core/Resources/Sentis/PixelShaders/WindowedDFTMatrix.shader
 9.0 kb	 0.0% Packages/com.unity.ai.inference/Runtime/Core/Resources/Sentis/ComputeShaders/ImageBased.compute
 8.9 kb	 0.0% Packages/com.unity.ai.inference/Runtime/Core/Resources/Sentis/TextureConversion/TensorToTexture.shader
 8.8 kb	 0.0% Packages/com.unity.ai.inference/Runtime/Core/Resources/Sentis/PixelShaders/Random.shader
 8.8 kb	 0.0% Packages/com.unity.ai.inference/Runtime/Core/Resources/Sentis/PixelShaders/Pad.shader
 8.7 kb	 0.0% Packages/com.unity.ai.inference/Runtime/Core/Resources/Sentis/ComputeShaders/SortingOps.compute
 8.5 kb	 0.0% Packages/com.unity.ai.inference/Runtime/Core/Resources/Sentis/ComputeShaders/IndexingOps.compute
 8.3 kb	 0.0% Packages/com.unity.ai.inference/Runtime/Core/Resources/Sentis/ComputeShaders/BitonicSort.compute
 8.2 kb	 0.0% Packages/com.unity.ai.inference/Runtime/Core/Resources/Sentis/PixelShaders/GatherND.shader
 7.9 kb	 0.0% Packages/com.unity.ai.inference/Runtime/Core/Resources/Sentis/PixelShaders/Upsample.shader
 7.8 kb	 0.0% Packages/com.unity.ai.inference/Runtime/Core/Resources/Sentis/ComputeShaders/Spectral.compute
 7.8 kb	 0.0% Packages/com.unity.ai.inference/Runtime/Core/Resources/Sentis/PixelShaders/LocalPool.shader
 7.7 kb	 0.0% Packages/com.unity.ai.inference/Runtime/Core/Resources/Sentis/PixelShaders/Reduce.shader
 7.4 kb	 0.0% Packages/com.unity.ai.inference/Runtime/Core/Resources/Sentis/TextureConversion/TextureToTensor.shader
 7.4 kb	 0.0% Packages/com.unity.ai.inference/Runtime/Core/Resources/Sentis/PixelShaders/Gather.shader
 7.0 kb	 0.0% Packages/com.unity.ai.inference/Runtime/Core/Resources/Sentis/PixelShaders/DepthToSpace.shader
 6.9 kb	 0.0% Packages/com.unity.ai.inference/Runtime/Core/Resources/Sentis/ComputeShaders/ReferenceImpl.Einsum.compute
 6.8 kb	 0.0% Assets/TextMesh Pro/Shaders/TMP_Sprite.shader
 6.6 kb	 0.0% Packages/com.unity.ai.inference/Runtime/Core/Resources/Sentis/PixelShaders/Slice.shader
 6.5 kb	 0.0% Packages/com.unity.ai.inference/Runtime/Core/Resources/Sentis/PixelShaders/SpaceToDepth.shader
 6.5 kb	 0.0% Packages/com.unity.render-pipelines.core/Runtime/Debugging/Prefabs/Widgets/DebugUIColor.prefab
 6.2 kb	 0.0% Packages/com.unity.ai.inference/Runtime/Core/Resources/Sentis/PixelShaders/TextureTensorDataDownload.shader
 6.2 kb	 0.0% Packages/com.unity.ai.inference/Runtime/Core/Resources/Sentis/ComputeShaders/AxisActivations.compute
 6.2 kb	 0.0% Packages/com.unity.ai.inference/Runtime/Core/Resources/Sentis/PixelShaders/Split.shader
 6.2 kb	 0.0% Packages/com.unity.render-pipelines.universal/Shaders/Utils/CoreBlitColorAndDepth.shader
 6.2 kb	 0.0% Packages/com.unity.ai.inference/Runtime/Core/Resources/Sentis/PixelShaders/Reshape.shader
 6.2 kb	 0.0% Packages/com.unity.ai.inference/Runtime/Core/Resources/Sentis/PixelShaders/Dense.shader
 6.1 kb	 0.0% Packages/com.unity.render-pipelines.core/Runtime/Debugging/Prefabs/Widgets/DebugUIVector4.prefab
 6.1 kb	 0.0% Packages/com.unity.ai.inference/Runtime/Core/Resources/Sentis/PixelShaders/Clip.shader
 6.0 kb	 0.0% Packages/com.unity.ai.inference/Runtime/Core/Resources/Sentis/PixelShaders/LayoutSwitchBlockedAxis.shader
 6.0 kb	 0.0% Assets/CyberEye/Rendering/TargetBox.shader
 6.0 kb	 0.0% Packages/com.unity.render-pipelines.core/Shaders/CoreCopy.shader
 5.9 kb	 0.0% Assets/CyberEye/Rendering/CyberpunkFeed.shader
 5.8 kb	 0.0% Packages/com.unity.ai.inference/Runtime/Core/Resources/Sentis/PixelShaders/CumSum.shader
 5.8 kb	 0.0% Packages/com.unity.ai.inference/Runtime/Core/Resources/Sentis/PixelShaders/TextureTensorDataUpload.shader
 5.7 kb	 0.0% Packages/com.unity.ai.inference/Runtime/Core/Resources/Sentis/PixelShaders/ReduceIndices.shader
 5.6 kb	 0.0% Packages/com.unity.ai.inference/Runtime/Core/Resources/Sentis/PixelShaders/Gemm.shader
 5.6 kb	 0.0% Packages/com.unity.ai.inference/Runtime/Core/Resources/Sentis/PixelShaders/Where.shader
 5.5 kb	 0.0% Packages/com.unity.ai.inference/Runtime/Core/Resources/Sentis/ComputeShaders/ReferenceImpl.GenericA.compute
 5.4 kb	 0.0% Packages/com.unity.ai.inference/Runtime/Core/Resources/Sentis/PixelShaders/MatMul.shader
 5.3 kb	 0.0% Packages/com.unity.ai.inference/Runtime/Core/Resources/Sentis/PixelShaders/BatchNormalization.shader
 5.2 kb	 0.0% Packages/com.unity.render-pipelines.core/Runtime/Debugging/Prefabs/Widgets/DebugUIVector3.prefab
 5.1 kb	 0.0% Packages/com.unity.render-pipelines.universal/Shaders/Utils/CopyDepth.shader
 5.1 kb	 0.0% Packages/com.unity.ai.inference/Runtime/Core/Resources/Sentis/PixelShaders/Trilu.shader
 5.1 kb	 0.0% Packages/com.unity.ai.inference/Runtime/Core/Resources/Sentis/PixelShaders/Resize1D.shader
 5.1 kb	 0.0% Packages/com.unity.ai.inference/Runtime/Core/Resources/Sentis/PixelShaders/ActivationInt.shader
 5.0 kb	 0.0% Assets/CyberEye/Rendering/CyberEyeYUV.shader
 5.0 kb	 0.0% Packages/com.unity.ai.inference/Runtime/Core/Resources/Sentis/PixelShaders/InstanceNormalizationTail.shader
 5.0 kb	 0.0% Packages/com.unity.ai.inference/Runtime/Core/Resources/Sentis/PixelShaders/ScaleBias.shader
 4.9 kb	 0.0% Packages/com.unity.ai.inference/Runtime/Core/Resources/Sentis/PixelShaders/Softmax.shader
 4.9 kb	 0.0% Packages/com.unity.ai.inference/Runtime/Core/Resources/Sentis/PixelShaders/LayerNormalizationTail.shader
 4.9 kb	 0.0% Packages/com.unity.render-pipelines.universal/Shaders/CameraMotionVectors.shader
 4.8 kb	 0.0% Packages/com.unity.ai.inference/Runtime/Core/Resources/Sentis/PixelShaders/GlobalPool.shader
 4.8 kb	 0.0% Packages/com.unity.ai.inference/Runtime/Core/Resources/Sentis/PixelShaders/MelWeightMatrix.shader
 4.8 kb	 0.0% Packages/com.unity.render-pipelines.universal/Shaders/Debug/DebugReplacement.shader
 4.8 kb	 0.0% Packages/com.unity.ai.inference/Runtime/Core/Resources/Sentis/PixelShaders/OneHot.shader
 4.7 kb	 0.0% Packages/com.unity.ai.inference/Runtime/Core/Resources/Sentis/PixelShaders/IsInfNaN.shader
 4.7 kb	 0.0% Assets/CyberEye/Audio/glitch.wav
 4.6 kb	 0.0% Packages/com.unity.ai.inference/Runtime/Core/Resources/Sentis/PixelShaders/TopP.shader
 4.6 kb	 0.0% Packages/com.unity.ai.inference/Runtime/Core/Resources/Sentis/PixelShaders/Expand.shader
 4.6 kb	 0.0% Packages/com.unity.ai.inference/Runtime/Core/Resources/Sentis/PixelShaders/Tile.shader
 4.6 kb	 0.0% Packages/com.unity.ai.inference/Runtime/Core/Resources/Sentis/PixelShaders/ReduceExpBias.shader
 4.6 kb	 0.0% Packages/com.unity.ai.inference/Runtime/Core/Resources/Sentis/PixelShaders/RMSNormalizationTail.shader
 4.6 kb	 0.0% Packages/com.unity.render-pipelines.universal/Shaders/XR/XRMirrorView.shader
 4.6 kb	 0.0% Packages/com.unity.ai.inference/Runtime/Core/Resources/Sentis/PixelShaders/SpectralWindow.shader
 4.5 kb	 0.0% Packages/com.xreal.xr/Runtime/Scripts/Android/Camera Features/Resources/Shaders/CaptureBackgroundYUV.shader
 4.5 kb	 0.0% Packages/com.unity.render-pipelines.core/Runtime/Debugging/Prefabs/Resources/DebugUICanvas.prefab
 4.5 kb	 0.0% Assets/CyberEye/Rendering/FeedUnlit.shader
 4.5 kb	 0.0% Packages/com.unity.ai.inference/Runtime/Core/Resources/Sentis/PixelShaders/Transpose.shader
 4.4 kb	 0.0% Packages/com.unity.render-pipelines.core/Runtime/Debugging/Prefabs/Widgets/DebugUIUIntField.prefab
 4.4 kb	 0.0% Packages/com.unity.render-pipelines.core/Runtime/Debugging/Prefabs/Widgets/DebugUIIntField.prefab
 4.4 kb	 0.0% Packages/com.unity.ai.inference/Runtime/Core/Resources/Sentis/PixelShaders/Range.shader
 4.3 kb	 0.0% Packages/com.unity.render-pipelines.universal/Shaders/Utils/FallbackError.shader
 4.3 kb	 0.0% Packages/com.unity.ai.inference/Runtime/Core/Resources/Sentis/PixelShaders/ScalarMad.shader
 4.3 kb	 0.0% Packages/com.unity.render-pipelines.universal/Shaders/XR/XRMotionVector.shader
 4.3 kb	 0.0% Packages/com.unity.ai.inference/Runtime/Core/Resources/Sentis/PixelShaders/Hardmax.shader
 4.3 kb	 0.0% Packages/com.unity.render-pipelines.core/Runtime/Debugging/Prefabs/Widgets/DebugUIVector2.prefab
 4.2 kb	 0.0% Packages/com.unity.ai.inference/Runtime/Core/Resources/Sentis/PixelShaders/Cast.shader
 4.2 kb	 0.0% Packages/com.unity.render-pipelines.universal/Shaders/Utils/Sampling.shader
 4.2 kb	 0.0% Packages/com.unity.ai.inference/Runtime/Core/Resources/Sentis/PixelShaders/Copy.shader
 4.1 kb	 0.0% Packages/com.unity.render-pipelines.universal/Textures/BlueNoise64/L/LDR_LLL1_0.png
 4.1 kb	 0.0% Packages/com.unity.render-pipelines.core/Runtime/Debugging/Prefabs/Widgets/DebugUIFloatField.prefab
 4.1 kb	 0.0% Packages/com.unity.render-pipelines.universal/Shaders/XR/XROcclusionMesh.shader
 4.0 kb	 0.0% Packages/com.xreal.xr/Runtime/Scripts/Android/Camera Features/Resources/Shaders/CaptureBackground.shader
 4.0 kb	 0.0% Packages/com.unity.ai.inference/Runtime/Core/Resources/Sentis/ComputeShaders/LocalResponseNormalization.compute
 3.9 kb	 0.0% Packages/com.unity.ai.inference/Runtime/Core/Resources/Sentis/ComputeShaders/ReferenceImpl.compute
 3.9 kb	 0.0% Packages/com.unity.ai.inference/Runtime/Core/Resources/Sentis/PixelShaders/ConstantOfShape.shader
 3.8 kb	 0.0% Packages/com.unity.ai.inference/Runtime/Core/Resources/Sentis/TextureConversion/ComputeBufferToTexture.shader
 3.7 kb	 0.0% Packages/com.unity.render-pipelines.core/Runtime/RenderPipelineResources/FallbackShader.shader
 3.4 kb	 0.0% Packages/com.unity.ai.inference/Runtime/Core/Resources/Sentis/ComputeShaders/ReferenceImpl.Logical.compute
 3.3 kb	 0.0% Assets/TextMesh Pro/Resources/Fonts & Materials/LiberationSans SDF - Fallback.asset
 3.2 kb	 0.0% Assets/TextMesh Pro/Resources/Sprite Assets/EmojiOne.asset
 2.9 kb	 0.0% Packages/com.unity.render-pipelines.universal/Shaders/Debug/ProbeVolumeSamplingDebugPositionNormal.compute
 2.8 kb	 0.0% Packages/com.unity.render-pipelines.core/Runtime/Debugging/Prefabs/Widgets/DebugUIObjectPopupField.prefab
 2.6 kb	 0.0% Assets/CyberEye/Rendering/CyberHudOverlay.shader
 2.6 kb	 0.0% Packages/com.unity.xr.arfoundation/Assets/Prefabs/DefaultSimulationEnvironment.prefab
 2.6 kb	 0.0% Packages/com.unity.render-pipelines.core/Runtime/Debugging/Prefabs/Widgets/DebugUIObjectList.prefab
 2.6 kb	 0.0% Packages/com.unity.render-pipelines.core/Runtime/Debugging/Prefabs/Widgets/DebugUIEnumField.prefab
 2.5 kb	 0.0% Assets/Resources/PerformanceTestRunInfo.json
 2.4 kb	 0.0% Packages/com.unity.render-pipelines.core/Runtime/Debugging/Prefabs/Widgets/DebugUIFoldout.prefab
 2.4 kb	 0.0% Packages/com.unity.render-pipelines.core/Runtime/Debugging/Prefabs/Widgets/DebugUIRow.prefab
 2.3 kb	 0.0% Assets/TextMesh Pro/Resources/Style Sheets/Default Style Sheet.asset
 2.1 kb	 0.0% Packages/com.xreal.xr/Runtime/Scripts/Android/Camera Features/Resources/Prefabs/XREALRecorderBehaviour.prefab
 2.1 kb	 0.0% Packages/com.xreal.xr/Runtime/Scripts/Android/Camera Features/Resources/Prefabs/XREALCaptureBehaviour.prefab
 1.9 kb	 0.0% Assets/CyberEye/Audio/alert.wav
 1.9 kb	 0.0% Assets/CyberEye/Fonts/ShareTechMono SDF.asset
 1.8 kb	 0.0% Assets/UniversalRenderPipelineGlobalSettings.asset
 1.7 kb	 0.0% Packages/com.unity.render-pipelines.core/Runtime/Debugging/Prefabs/Widgets/DebugUIToggleHistory.prefab
 1.7 kb	 0.0% Packages/com.unity.render-pipelines.core/Runtime/Debugging/Prefabs/Widgets/DebugUIToggle.prefab
 1.7 kb	 0.0% Packages/com.unity.render-pipelines.universal/Runtime/Materials/Lit.mat
 1.7 kb	 0.0% Packages/com.unity.xr.arfoundation/Assets/InputActions/XR Simulation Input Actions.inputactions
 1.6 kb	 0.0% Assets/TextMesh Pro/Resources/Fonts & Materials/LiberationSans SDF - Drop Shadow.mat
 1.6 kb	 0.0% Assets/TextMesh Pro/Resources/Fonts & Materials/LiberationSans SDF - Outline.mat
 1.6 kb	 0.0% Assets/CyberEye/Audio/scan.wav
 1.4 kb	 0.0% Packages/com.unity.render-pipelines.core/Runtime/Debugging/Prefabs/Widgets/DebugUIProgressBar.prefab
 1.4 kb	 0.0% Packages/com.unity.render-pipelines.core/Runtime/Debugging/Prefabs/Widgets/DebugUIGroup.prefab
 1.2 kb	 0.0% Packages/com.unity.render-pipelines.core/Runtime/Debugging/Prefabs/Widgets/DebugUIButton.prefab
 1.2 kb	 0.0% Packages/com.unity.xr.arfoundation/Assets/Materials/SimulationLitGray.mat
 1.1 kb	 0.0% Packages/com.unity.render-pipelines.core/Runtime/Debugging/Prefabs/Textures/UIFoldoutOpened.png
 1.1 kb	 0.0% Packages/com.unity.render-pipelines.core/Runtime/Debugging/Prefabs/Textures/UIFoldoutClosed.png
 1.1 kb	 0.0% Packages/com.unity.render-pipelines.core/Runtime/Debugging/Prefabs/Textures/UICheckMark.png
 1.1 kb	 0.0% Packages/com.xreal.xr/Runtime/Scripts/Android/Camera Features/Resources/Prefabs/NRRecorderBehaviour.prefab
 1.1 kb	 0.0% Packages/com.xreal.xr/Runtime/Scripts/Android/Camera Features/Resources/Prefabs/NRCaptureBehaviour.prefab
 1.0 kb	 0.0% Assets/CyberEye/Audio/lock.wav
 0.9 kb	 0.0% Packages/com.unity.render-pipelines.core/Runtime/Debugging/Prefabs/Widgets/DebugUIEnumHistory.prefab
 0.9 kb	 0.0% Packages/com.unity.render-pipelines.core/Runtime/Debugging/Prefabs/Widgets/DebugUIValuePersistent.prefab
 0.9 kb	 0.0% Packages/com.unity.render-pipelines.core/Runtime/Debugging/Prefabs/Widgets/DebugUIValueTuple.prefab
 0.9 kb	 0.0% Packages/com.unity.render-pipelines.core/Runtime/Debugging/Prefabs/Resources/DebugUIPersistentCanvas.prefab
 0.9 kb	 0.0% Packages/com.unity.render-pipelines.core/Runtime/Debugging/Prefabs/Widgets/DebugUIObject.prefab
 0.9 kb	 0.0% Packages/com.unity.render-pipelines.core/Runtime/Debugging/Prefabs/Widgets/DebugUIValue.prefab
 0.9 kb	 0.0% Packages/com.unity.render-pipelines.core/Runtime/Debugging/Prefabs/Widgets/DebugUIMessageBox.prefab
 0.8 kb	 0.0% Packages/com.unity.render-pipelines.core/Runtime/Debugging/Prefabs/Textures/UIElement8px.png
 0.5 kb	 0.0% Packages/com.unity.render-pipelines.core/Runtime/Debugging/Prefabs/Textures/White1px.png
 0.5 kb	 0.0% Packages/com.unity.render-pipelines.universal/Shaders/Utils/BlitHDROverlay.shader
 0.4 kb	 0.0% Assets/Settings/URP_Asset.asset
 0.4 kb	 0.0% Packages/com.unity.render-pipelines.universal/Runtime/Decal/DBuffer/DBufferClear.shader
 0.4 kb	 0.0% Packages/com.unity.render-pipelines.core/Runtime/Debugging/Prefabs/Widgets/DebugUIVBox.prefab
 0.4 kb	 0.0% Packages/com.unity.render-pipelines.core/Runtime/Debugging/Prefabs/Widgets/DebugUIHBox.prefab
 0.4 kb	 0.0% Built-in Sprite: 
 0.3 kb	 0.0% Assets/TextMesh Pro/Resources/LineBreaking Following Characters.txt
 0.3 kb	 0.0% Assets/TextMesh Pro/Resources/TMP Settings.asset
 0.2 kb	 0.0% Assets/Settings/URP_Renderer.asset
 0.2 kb	 0.0% Assets/XR/Resources/XRSimulationRuntimeSettings.asset
 0.2 kb	 0.0% Packages/com.unity.xr.interaction.toolkit/Runtime/Utilities/Tweenables/SmartTweenableVariables/SmartFollowQuaternionTweenableVariable.cs
 0.2 kb	 0.0% Packages/com.unity.xr.interaction.toolkit/Runtime/AffordanceSystem/Receiver/Rendering/Vector4MaterialPropertyAffordanceReceiver.cs
 0.2 kb	 0.0% Packages/com.unity.xr.interaction.toolkit/Runtime/AffordanceSystem/Receiver/Rendering/Vector3MaterialPropertyAffordanceReceiver.cs
 0.2 kb	 0.0% Packages/com.unity.xr.interaction.toolkit/Runtime/AffordanceSystem/Receiver/Rendering/Vector2MaterialPropertyAffordanceReceiver.cs
 0.2 kb	 0.0% Packages/com.unity.xr.interaction.toolkit/Runtime/AffordanceSystem/Receiver/Rendering/ColorGradientLineRendererAffordanceReceiver.cs
 0.2 kb	 0.0% Packages/com.unity.xr.interaction.toolkit/Runtime/Locomotion/Teleportation/TeleportVolumeDestinationSettingsDatumProperty.cs
 0.2 kb	 0.0% Packages/com.unity.xr.interaction.toolkit/Runtime/AffordanceSystem/Receiver/Transformation/UniformTransformScaleAffordanceReceiver.cs
 0.2 kb	 0.0% Packages/com.unity.ai.inference/Runtime/Tokenization/Parsers/HuggingFace/PreTokenizers/CharDelimiterSplitPreTokenizerBuilder.cs
 0.2 kb	 0.0% Packages/com.unity.xr.interaction.toolkit/Runtime/Utilities/Tweenables/SmartTweenableVariables/SmartFollowVector3TweenableVariable.cs
 0.2 kb	 0.0% Packages/com.unity.xr.interaction.toolkit/Runtime/AffordanceSystem/Receiver/Rendering/FloatMaterialPropertyAffordanceReceiver.cs
 0.2 kb	 0.0% Packages/com.unity.xr.interaction.toolkit/Runtime/AffordanceSystem/Receiver/Rendering/ColorMaterialPropertyAffordanceReceiver.cs
 0.2 kb	 0.0% Packages/com.unity.ai.inference/Runtime/Tokenization/Parsers/HuggingFace/PreTokenizers/WhitespaceSplitPreTokenizerBuilder.cs
 0.2 kb	 0.0% Packages/com.unity.xr.interaction.toolkit/Runtime/AffordanceSystem/Receiver/Primitives/QuaternionEulerAffordanceReceiver.cs
 0.2 kb	 0.0% Packages/com.unity.render-pipelines.universal/Runtime/Debug/UniversalRenderPipelineVolumeDebugSettings.deprecated.cs
 0.2 kb	 0.0% Packages/com.unity.ai.inference/Runtime/Tokenization/Parsers/HuggingFace/PostProcessors/ByteLevelPostProcessorBuilder.cs
 0.2 kb	 0.0% Packages/com.unity.xr.interaction.toolkit/Runtime/Locomotion/Teleportation/TeleportVolumeDestinationSettingsDatum.cs
 0.2 kb	 0.0% Packages/com.unity.xr.interaction.toolkit/Runtime/Inputs/Readers/XRInputDeviceInputTrackingStateValueReader.cs
 0.2 kb	 0.0% Packages/com.unity.xr.interaction.toolkit/Runtime/AffordanceSystem/State/Provider/XRInteractableAffordanceStateProvider.cs
 0.2 kb	 0.0% Packages/com.unity.ai.inference/Runtime/Tokenization/Parsers/HuggingFace/PreTokenizers/WhitespacePreTokenizerBuilder.cs
 0.2 kb	 0.0% Packages/com.unity.ai.inference/Runtime/Tokenization/Parsers/HuggingFace/PreTokenizers/PunctuationPreTokenizerBuilder.cs
 0.2 kb	 0.0% Packages/com.unity.ai.inference/Runtime/Tokenization/Parsers/HuggingFace/Normalizers/StripAccentsNormalizerBuilder.cs
 0.2 kb	 0.0% Packages/com.unity.ai.inference/Runtime/Tokenization/Parsers/HuggingFace/PostProcessors/TemplatePostProcessorBuilder.cs
 0.2 kb	 0.0% Packages/com.unity.ai.inference/Runtime/Tokenization/Parsers/HuggingFace/PostProcessors/SequencePostProcessorBuilder.cs
 0.2 kb	 0.0% Packages/com.unity.ai.inference/Runtime/Tokenization/Parsers/HuggingFace/PostProcessors/RobertaPostProcessorBuilder.cs
 0.2 kb	 0.0% Packages/com.unity.xr.interaction.toolkit/Runtime/Locomotion/Teleportation/TeleportVolumeDestinationSettings.cs
 0.2 kb	 0.0% Packages/com.unity.xr.interaction.toolkit/Runtime/Locomotion/Teleportation/FurthestTeleportationAnchorFilter.cs
 0.2 kb	 0.0% Packages/com.unity.xr.interaction.toolkit/Runtime/Inputs/Haptics/XRInputDeviceHapticImpulseChannelGroup.cs
 0.2 kb	 0.0% Packages/com.unity.xr.interaction.toolkit/Runtime/AffordanceSystem/State/Provider/XRInteractorAffordanceStateProvider.cs
 0.2 kb	 0.0% Packages/com.unity.xr.interaction.toolkit/Runtime/AffordanceSystem/Receiver/ISynchronousAffordanceStateReceiver.cs
 0.2 kb	 0.0% Packages/com.unity.render-pipelines.universal/Runtime/RenderPipelineResources/UniversalRenderPipelineRuntimeXRResources.cs
 0.2 kb	 0.0% Packages/com.unity.render-pipelines.universal/Runtime/Debug/UniversalRenderPipelineVolumeDebugSettings.cs
 0.2 kb	 0.0% Packages/com.unity.render-pipelines.universal/Runtime/Debug/UniversalRenderPipelineDebugDisplaySettings.cs
 0.2 kb	 0.0% Packages/com.unity.ai.inference/Runtime/Tokenization/SplitDelimiterBehaviors/SplitDelimiterMergeWithPrevious.cs
 0.2 kb	 0.0% Packages/com.unity.ai.inference/Runtime/Tokenization/Parsers/HuggingFace/PreTokenizers/SequencePreTokenizerBuilder.cs
 0.2 kb	 0.0% Packages/com.unity.ai.inference/Runtime/Tokenization/Parsers/HuggingFace/PreTokenizers/MetaspacePreTokenizerBuilder.cs
 0.2 kb	 0.0% Packages/com.unity.ai.inference/Runtime/Tokenization/Parsers/HuggingFace/PreTokenizers/DigitsPreTokenizerBuilder.cs
 0.2 kb	 0.0% Packages/com.unity.ai.inference/Runtime/Tokenization/Parsers/HuggingFace/PreTokenizers/ByteLevelPreTokenizerBuilder.cs
 0.2 kb	 0.0% Packages/com.unity.ai.inference/Runtime/Tokenization/Parsers/HuggingFace/Normalizers/SequenceNormalizerBuilder.cs
 0.2 kb	 0.0% Packages/com.unity.ai.inference/Runtime/Tokenization/Parsers/HuggingFace/Normalizers/PrecompiledNormalizerBuilder.cs
 0.2 kb	 0.0% Packages/com.unity.ai.inference/Runtime/Tokenization/Parsers/HuggingFace/Normalizers/LowerCaseNormalizerBuilder.cs
 0.2 kb	 0.0% Assets/XRI/Settings/Resources/InteractionLayerSettings.asset
 0.2 kb	 0.0% Packages/com.unity.xr.interaction.toolkit/Runtime/AffordanceSystem/Receiver/Rendering/BlendShapeAffordanceReceiver.cs
 0.2 kb	 0.0% Packages/com.unity.xr.interaction.toolkit/Runtime/AffordanceSystem/Receiver/Primitives/Vector4AffordanceReceiver.cs
 0.2 kb	 0.0% Packages/com.unity.xr.interaction.toolkit/Runtime/AffordanceSystem/Receiver/Primitives/Vector3AffordanceReceiver.cs
 0.2 kb	 0.0% Packages/com.unity.xr.interaction.toolkit/Runtime/AffordanceSystem/Receiver/Primitives/Vector2AffordanceReceiver.cs
 0.2 kb	 0.0% Packages/com.unity.xr.interaction.toolkit/Runtime/AffordanceSystem/Receiver/Primitives/QuaternionAffordanceReceiver.cs
 0.2 kb	 0.0% Packages/com.unity.render-pipelines.core/Runtime/RenderGraph/RenderGraphResourceAccelerationStructure.cs
 0.2 kb	 0.0% Packages/com.unity.ai.inference/Runtime/Tokenization/Parsers/HuggingFace/Padding/BatchLongestPaddingBuilder.cs
 0.2 kb	 0.0% Packages/com.unity.ai.inference/Runtime/Tokenization/Parsers/HuggingFace/Decoders/ByteFallBackDecoderBuilder.cs
 0.2 kb	 0.0% Packages/com.unity.xr.interaction.toolkit/Runtime/Utilities/Tweenables/Primitives/QuaternionTweenableVariable.cs
 0.2 kb	 0.0% Packages/com.unity.xr.interaction.toolkit/Runtime/Locomotion/Teleportation/TeleportationMultiAnchorVolume.cs
 0.2 kb	 0.0% Packages/com.unity.xr.interaction.toolkit/Runtime/Locomotion/Teleportation/ITeleportationVolumeAnchorFilter.cs
 0.2 kb	 0.0% Packages/com.unity.xr.interaction.toolkit/Runtime/Locomotion/Teleportation/GazeTeleportationAnchorFilter.cs
 0.2 kb	 0.0% Packages/com.unity.xr.interaction.toolkit/Runtime/Locomotion/Teleportation/BaseTeleportationInteractable.cs
 0.2 kb	 0.0% Packages/com.unity.xr.interaction.toolkit/Runtime/Inputs/Readers/XRInputDeviceQuaternionValueReader.cs
 0.2 kb	 0.0% Packages/com.unity.xr.interaction.toolkit/Runtime/Inputs/Haptics/XRInputDeviceHapticImpulseProvider.cs
 0.2 kb	 0.0% Packages/com.unity.xr.interaction.toolkit/Runtime/Inputs/Haptics/XRInputDeviceHapticImpulseChannel.cs
 0.2 kb	 0.0% Packages/com.unity.xr.interaction.toolkit/Runtime/AffordanceSystem/Theme/Primitives/Vector4AffordanceThemeDatum.cs
 0.2 kb	 0.0% Packages/com.unity.xr.interaction.toolkit/Runtime/AffordanceSystem/Theme/Primitives/Vector3AffordanceThemeDatum.cs
 0.2 kb	 0.0% Packages/com.unity.xr.interaction.toolkit/Runtime/AffordanceSystem/Theme/Primitives/Vector2AffordanceThemeDatum.cs
 0.2 kb	 0.0% Packages/com.unity.xr.interaction.toolkit/Runtime/AffordanceSystem/Theme/Primitives/FloatAffordanceThemeDatum.cs
 0.2 kb	 0.0% Packages/com.unity.xr.interaction.toolkit/Runtime/AffordanceSystem/Theme/Primitives/ColorAffordanceThemeDatum.cs
 0.2 kb	 0.0% Packages/com.unity.xr.interaction.toolkit/Runtime/AffordanceSystem/Receiver/IAsyncAffordanceStateReceiver.cs
 0.2 kb	 0.0% Packages/com.unity.xr.interaction.toolkit/Runtime/AR/Inputs/TouchscreenGestureInputControllerState.cs
 0.2 kb	 0.0% Packages/com.unity.xr.arfoundation/Runtime/InternalUtils/ShowInDebugInspectorOnlyAttribute.cs
 0.2 kb	 0.0% Packages/com.unity.render-pipelines.universal/Runtime/UniversalRenderPipelineGlobalSettings.cs
 0.2 kb	 0.0% Packages/com.unity.render-pipelines.universal/Runtime/RenderPipelineResources/UniversalRenderPipelineRuntimeTextures.cs
 0.2 kb	 0.0% Packages/com.unity.render-pipelines.universal/Runtime/RenderPipelineResources/UniversalRenderPipelineRuntimeShaders.cs
 0.2 kb	 0.0% Packages/com.unity.render-pipelines.universal/Runtime/RenderPipelineResources/UniversalRenderPipelineEditorMaterials.cs
 0.2 kb	 0.0% Packages/com.unity.render-pipelines.universal/Runtime/Debug/UniversalRenderPipelineDebugDisplayStats.cs
 0.2 kb	 0.0% Packages/com.unity.ai.inference/Runtime/Tokenization/SplitDelimiterBehaviors/SplitDelimiterMergeWithNext.cs
 0.2 kb	 0.0% Packages/com.unity.ai.inference/Runtime/Tokenization/Parsers/HuggingFace/PreTokenizers/SplitPreTokenizerBuilder.cs
 0.2 kb	 0.0% Packages/com.unity.ai.inference/Runtime/Tokenization/Parsers/HuggingFace/PreTokenizers/BertPreTokenizerBuilder.cs
 0.2 kb	 0.0% Packages/com.unity.ai.inference/Runtime/Tokenization/Parsers/HuggingFace/Normalizers/StripNormalizerBuilder.cs
 0.2 kb	 0.0% Packages/com.unity.ai.inference/Runtime/Tokenization/Parsers/HuggingFace/Normalizers/ReplaceNormalizerBuilder.cs
 0.2 kb	 0.0% Packages/com.unity.ai.inference/Runtime/Tokenization/Parsers/HuggingFace/Normalizers/PrependNormalizerBuilder.cs
 0.2 kb	 0.0% Packages/com.unity.ai.inference/Runtime/Tokenization/Parsers/HuggingFace/Normalizers/NfkdNormalizerBuilder.cs
 0.2 kb	 0.0% Packages/com.unity.ai.inference/Runtime/Tokenization/Parsers/HuggingFace/Normalizers/NfkcNormalizerBuilder.cs
 0.2 kb	 0.0% Packages/com.unity.ai.inference/Runtime/Tokenization/Parsers/HuggingFace/Normalizers/BertNormalizerBuilder.cs
 0.2 kb	 0.0% Packages/com.unity.xr.interaction.toolkit/Runtime/Locomotion/ScriptableConstrainedBodyManipulator.cs
 0.2 kb	 0.0% Packages/com.unity.xr.interaction.toolkit/Runtime/Locomotion/CharacterControllerBodyManipulator.cs
 0.2 kb	 0.0% Packages/com.unity.xr.interaction.toolkit/Runtime/Interaction/Interactors/Visuals/ICurveInteractionDataProvider.cs
 0.2 kb	 0.0% Packages/com.unity.xr.interaction.toolkit/Runtime/Interaction/Interactables/IXRInteractionStrengthInteractable.cs
 0.2 kb	 0.0% Packages/com.unity.xr.interaction.toolkit/Runtime/AffordanceSystem/Theme/Audio/AudioAffordanceThemeDatum.cs
 0.2 kb	 0.0% Packages/com.unity.xr.interaction.toolkit/Runtime/AffordanceSystem/Rendering/MaterialPropertyBlockHelper.cs
 0.2 kb	 0.0% Packages/com.unity.xr.interaction.toolkit/Runtime/AffordanceSystem/Receiver/UI/ImageColorAffordanceReceiver.cs
 0.2 kb	 0.0% Packages/com.unity.xr.interaction.toolkit/Runtime/AffordanceSystem/Receiver/Primitives/FloatAffordanceReceiver.cs
 0.2 kb	 0.0% Packages/com.unity.xr.interaction.toolkit/Runtime/AffordanceSystem/Receiver/Primitives/ColorAffordanceReceiver.cs
 0.2 kb	 0.0% Packages/com.unity.xr.arfoundation/Runtime/ARFoundation/MutableRuntimeReferenceImageLibraryExtensions.cs
 0.2 kb	 0.0% Packages/com.unity.render-pipelines.universal/Runtime/2D/Shadows/ShadowProvider/Providers/ShadowShape2DProvider_SpriteRenderer.cs
 0.2 kb	 0.0% Packages/com.unity.render-pipelines.core/Runtime/Stripping/RenderPipelineGraphicsSettingsStripperFetcher.cs
 0.2 kb	 0.0% Packages/com.unity.render-pipelines.core/Runtime/RenderGraph/IRenderGraphEnabledRenderPipeline.cs
 0.2 kb	 0.0% Packages/com.unity.ai.inference/Runtime/Tokenization/PreTokenizers/ByteLevelPreTokenizer.DefaultSplitter.cs
 0.2 kb	 0.0% Packages/com.unity.ai.inference/Runtime/Tokenization/Parsers/HuggingFace/Models/WordPieceModelBuilder.cs
 0.2 kb	 0.0% Packages/com.unity.ai.inference/Runtime/Tokenization/Parsers/HuggingFace/Models/WordLevelModelBuilder.cs
 0.2 kb	 0.0% Packages/com.unity.ai.inference/Runtime/Tokenization/Parsers/HuggingFace/Decoders/WordPieceDecoderBuilder.cs
 0.2 kb	 0.0% Packages/com.unity.ai.inference/Runtime/Tokenization/Parsers/HuggingFace/Decoders/SequenceDecoderBuilder.cs
 0.2 kb	 0.0% Packages/com.unity.ai.inference/Runtime/Tokenization/Parsers/HuggingFace/Decoders/ReplaceDecoderBuilder.cs
 0.2 kb	 0.0% Packages/com.unity.ai.inference/Runtime/Tokenization/Parsers/HuggingFace/Decoders/MetaspaceDecoderBuilder.cs
 0.2 kb	 0.0% Packages/com.unity.ai.inference/Runtime/Tokenization/Parsers/HuggingFace/Decoders/ByteLevelDecoderBuilder.cs
 0.2 kb	 0.0% Packages/com.unity.xr.interaction.toolkit/Runtime/Utilities/Tweenables/Primitives/Vector4TweenableVariable.cs
 0.2 kb	 0.0% Packages/com.unity.xr.interaction.toolkit/Runtime/Utilities/Tweenables/Primitives/Vector3TweenableVariable.cs
 0.2 kb	 0.0% Packages/com.unity.xr.interaction.toolkit/Runtime/Utilities/Tweenables/Primitives/Vector2TweenableVariable.cs
 0.2 kb	 0.0% Packages/com.unity.xr.interaction.toolkit/Runtime/Utilities/Tweenables/Primitives/FloatTweenableVariable.cs
 0.2 kb	 0.0% Packages/com.unity.xr.interaction.toolkit/Runtime/Utilities/Tweenables/Primitives/ColorTweenableVariable.cs
 0.2 kb	 0.0% Packages/com.unity.xr.interaction.toolkit/Runtime/Interaction/Attributes/XRTargetEvaluatorEnabledAttribute.cs
 0.2 kb	 0.0% Packages/com.unity.xr.interaction.toolkit/Runtime/Inputs/Readers/XRInputDeviceVector3ValueReader.cs
 0.2 kb	 0.0% Packages/com.unity.xr.interaction.toolkit/Runtime/Inputs/Readers/XRInputDeviceVector2ValueReader.cs
 0.2 kb	 0.0% Packages/com.unity.xr.interaction.toolkit/Runtime/Inputs/Readers/XRInputDeviceFloatValueReader.cs
 0.2 kb	 0.0% Packages/com.unity.xr.interaction.toolkit/Runtime/Inputs/Haptics/HapticImpulseSingleChannelGroup.cs
 0.2 kb	 0.0% Packages/com.unity.xr.interaction.toolkit/Runtime/Inputs/Haptics/HapticImpulseCommandChannelGroup.cs
 0.2 kb	 0.0% Packages/com.unity.xr.interaction.toolkit/Runtime/AffordanceSystem/State/Provider/BaseAffordanceStateProvider.cs
 0.2 kb	 0.0% Packages/com.unity.xr.interaction.toolkit/Runtime/AffordanceSystem/Receiver/Audio/AudioAffordanceReceiver.cs
 0.2 kb	 0.0% Packages/com.unity.xr.interaction.toolkit/Runtime/AR/Inputs/TouchscreenGestureInputLayoutLoader.cs
 0.2 kb	 0.0% Packages/com.unity.xr.interaction.toolkit/Runtime/AR/Inputs/TouchscreenGestureInputController.cs
 0.2 kb	 0.0% Packages/com.unity.rendering.light-transport/Runtime/UnifiedRayTracing/Hardware/HardwareRayTracingAccelStruct.cs
 0.2 kb	 0.0% Packages/com.unity.render-pipelines.universal/Runtime/RenderPipelineResources/UniversalRenderPipelineEditorShaders.cs
 0.2 kb	 0.0% Packages/com.unity.render-pipelines.universal/Runtime/RenderPipelineResources/UniversalRenderPipelineEditorAssets.cs
 0.2 kb	 0.0% Packages/com.unity.render-pipelines.universal/Runtime/RenderPipelineResources/UniversalRenderPipelineDebugShaders.cs
 0.2 kb	 0.0% Packages/com.unity.render-pipelines.universal/Runtime/Passes/AdditionalLightsShadowCasterPass.cs
 0.2 kb	 0.0% Packages/com.unity.render-pipelines.universal/Runtime/Passes/AdditionalLightsShadowAtlasLayout.cs
 0.2 kb	 0.0% Packages/com.unity.render-pipelines.core/Runtime/Stripping/RenderPipelineGraphicsSettingsStripperReport.cs
 0.2 kb	 0.0% Packages/com.unity.render-pipelines.core/Runtime/RenderGraph/Compiler/NativePassCompiler.Debug.cs
 0.2 kb	 0.0% Packages/com.unity.render-pipelines.core/Runtime/GPUDriven/OcclusionCullingCommonShaderVariables.cs
 0.2 kb	 0.0% Packages/com.unity.render-pipelines.core/Runtime/GPUDriven/InstanceOcclusionCullerShaderVariables.cs
 0.2 kb	 0.0% Packages/com.unity.ai.inference/Runtime/Tokenization/SplitDelimiterBehaviors/SplitDelimiterIsolate.cs
 0.2 kb	 0.0% Packages/com.unity.ai.inference/Runtime/Tokenization/SplitDelimiterBehaviors/SplitDelimiterContiguous.cs
 0.2 kb	 0.0% Packages/com.unity.ai.inference/Runtime/Tokenization/Parsers/HuggingFace/Normalizers/NmtNormalizerBuilder.cs
 0.2 kb	 0.0% Packages/com.unity.ai.inference/Runtime/Tokenization/Parsers/HuggingFace/Normalizers/NfdNormalizerBuilder.cs
 0.2 kb	 0.0% Packages/com.unity.ai.inference/Runtime/Tokenization/Parsers/HuggingFace/Normalizers/NfcNormalizerBuilder.cs
 0.2 kb	 0.0% Packages/com.unity.ai.inference/Runtime/Tokenization/Normalizers/PrecompiledNormalizer.DoubleArray.cs
 0.2 kb	 0.0% Packages/com.unity.xr.interaction.toolkit/Runtime/Utilities/RequireInterfaceAttribute.cs
 0.2 kb	 0.0% Packages/com.unity.xr.interaction.toolkit/Runtime/Locomotion/UnderCameraBodyPositionEvaluator.cs
 0.2 kb	 0.0% Packages/com.unity.xr.interaction.toolkit/Runtime/Locomotion/Movement/TwoHandedGrabMoveProvider.cs
 0.2 kb	 0.0% Packages/com.unity.xr.interaction.toolkit/Runtime/Locomotion/IConstrainedXRBodyManipulator.cs
 0.2 kb	 0.0% Packages/com.unity.xr.interaction.toolkit/Runtime/Locomotion/Comfort/TunnelingVignetteController.cs
 0.2 kb	 0.0% Packages/com.unity.xr.interaction.toolkit/Runtime/Locomotion/Climbing/ClimbSettingsDatumProperty.cs
 0.2 kb	 0.0% Packages/com.unity.xr.interaction.toolkit/Runtime/Interaction/Interactors/Visuals/XRInteractorReticleVisual.cs
 0.2 kb	 0.0% Packages/com.unity.xr.interaction.toolkit/Runtime/Interaction/Interactors/Visuals/IXRReticleDirectionProvider.cs
 0.2 kb	 0.0% Packages/com.unity.xr.interaction.toolkit/Runtime/Interaction/Interactors/IXRInteractionStrengthInteractor.cs
 0.2 kb	 0.0% Packages/com.unity.xr.interaction.toolkit/Runtime/Interaction/Interactables/Visuals/IXRInteractableCustomReticle.cs
 0.2 kb	 0.0% Packages/com.unity.xr.interaction.toolkit/Runtime/AffordanceSystem/Rendering/MaterialInstanceHelper.cs
 0.2 kb	 0.0% Packages/com.unity.render-pipelines.universal/Runtime/2D/CinemachineUniversalPixelPerfect.cs
 0.2 kb	 0.0% Packages/com.unity.render-pipelines.core/Runtime/Stripping/RenderPipelineGraphicsSettingsStripper.cs
 0.2 kb	 0.0% Packages/com.unity.render-pipelines.core/Runtime/RenderPipeline/RenderPipelineGraphicsSettingsContainer.cs
 0.2 kb	 0.0% Packages/com.unity.render-pipelines.core/Runtime/RenderGraph/Compiler/NativePassCompiler.cs
 0.2 kb	 0.0% Packages/com.unity.render-pipelines.core/Runtime/RenderGraph/Compiler/CompilerContextData.cs
 0.2 kb	 0.0% Packages/com.unity.render-pipelines.core/Runtime/Common/IVirtualTexturingEnabledRenderPipeline.cs
 0.2 kb	 0.0% Packages/com.unity.mathematics/Unity.Mathematics/Il2CppEagerStaticClassConstructionAttribute.cs
 0.2 kb	 0.0% Packages/com.unity.ai.inference/Runtime/Tokenization/Truncators/RightDirectionRangeGenerator.cs
 0.2 kb	 0.0% Packages/com.unity.ai.inference/Runtime/Tokenization/Truncators/LeftDirectionRangeGenerator.cs
 0.2 kb	 0.0% Packages/com.unity.ai.inference/Runtime/Tokenization/PreTokenizers/WhitespaceSplitPreTokenizer.cs
 0.2 kb	 0.0% Packages/com.unity.ai.inference/Runtime/Tokenization/Parsers/HuggingFace/Padding/FixedPaddingBuilder.cs
 0.2 kb	 0.0% Packages/com.unity.ai.inference/Runtime/Tokenization/Parsers/HuggingFace/Models/UnigramModelBuilder.cs
 0.2 kb	 0.0% Packages/com.unity.ai.inference/Runtime/Tokenization/Parsers/HuggingFace/HfTruncationAttribute.cs
 0.2 kb	 0.0% Packages/com.unity.ai.inference/Runtime/Tokenization/Parsers/HuggingFace/HfPreTokenizerAttribute.cs
 0.2 kb	 0.0% Packages/com.unity.ai.inference/Runtime/Tokenization/Parsers/HuggingFace/HfPostProcessorAttribute.cs
 0.2 kb	 0.0% Packages/com.unity.ai.inference/Runtime/Tokenization/Parsers/HuggingFace/HfNormalizerAttribute.cs
 0.2 kb	 0.0% Packages/com.unity.ai.inference/Runtime/Tokenization/Parsers/HuggingFace/Decoders/StripDecoderBuilder.cs
 0.2 kb	 0.0% Packages/com.unity.ai.inference/Runtime/Tokenization/Parsers/HuggingFace/Decoders/FuseDecoderBuilder.cs
 0.2 kb	 0.0% Packages/com.unity.ai.inference/Runtime/Tokenization/Parsers/HuggingFace/Decoders/BpeDecoderBuilder.cs
 0.2 kb	 0.0% Packages/com.unity.ai.inference/Runtime/Tokenization/Normalizers/PrecompiledNormalizer.ArrayUnit.cs
 0.2 kb	 0.0% Packages/com.unity.ai.inference/Runtime/Core/Compiler/Passes/PreComputeWindowedDFTMatrixPass.cs
 0.2 kb	 0.0% Packages/com.unity.xr.interaction.toolkit/Runtime/Utilities/EditorComponentLocatorUtility.cs
 0.2 kb	 0.0% Packages/com.unity.xr.interaction.toolkit/Runtime/Locomotion/Teleportation/TeleportationProvider.cs
 0.2 kb	 0.0% Packages/com.unity.xr.interaction.toolkit/Runtime/Locomotion/Legacy/DeviceBasedContinuousTurnProvider.cs
 0.2 kb	 0.0% Packages/com.unity.xr.interaction.toolkit/Runtime/Locomotion/Legacy/DeviceBasedContinuousMoveProvider.cs
 0.2 kb	 0.0% Packages/com.unity.xr.interaction.toolkit/Runtime/Locomotion/Legacy/ActionBasedContinuousTurnProvider.cs
 0.2 kb	 0.0% Packages/com.unity.xr.interaction.toolkit/Runtime/Locomotion/Legacy/ActionBasedContinuousMoveProvider.cs
 0.2 kb	 0.0% Packages/com.unity.xr.interaction.toolkit/Runtime/Inputs/Simulation/XRSimulatedControllerState.cs
 0.2 kb	 0.0% Packages/com.unity.xr.interaction.toolkit/Runtime/Inputs/Simulation/XRDeviceSimulatorSettings.cs
 0.2 kb	 0.0% Packages/com.unity.xr.interaction.toolkit/Runtime/Inputs/Simulation/SimulatedInputLayoutLoader.cs
 0.2 kb	 0.0% Packages/com.unity.xr.interaction.toolkit/Runtime/Inputs/Simulation/Hands/HandExpressionCapture.cs
 0.2 kb	 0.0% Packages/com.unity.xr.interaction.toolkit/Runtime/Inputs/Readers/XRInputDeviceButtonReader.cs
 0.2 kb	 0.0% Packages/com.unity.xr.interaction.toolkit/Runtime/Inputs/Readers/XRInputDeviceBoolValueReader.cs
 0.2 kb	 0.0% Packages/com.unity.xr.interaction.toolkit/Runtime/Inputs/InputActionPropertyExtensions.cs
 0.2 kb	 0.0% Packages/com.unity.xr.interaction.toolkit/Runtime/Inputs/Haptics/XRInputHapticImpulseProvider.cs
 0.2 kb	 0.0% Packages/com.unity.xr.interaction.toolkit/Runtime/Inputs/Haptics/IXRHapticImpulseChannelGroup.cs
 0.2 kb	 0.0% Packages/com.unity.xr.interaction.toolkit/Runtime/Inputs/Haptics/HapticImpulseCommandChannel.cs
 0.2 kb	 0.0% Packages/com.unity.xr.interaction.toolkit/Runtime/Inputs/Haptics/HapticControlActionManager.cs
 0.2 kb	 0.0% Packages/com.unity.xr.interaction.toolkit/Runtime/AffordanceSystem/State/Data/AffordanceStateShortcuts.cs
 0.2 kb	 0.0% Packages/com.unity.xr.interaction.toolkit/Runtime/AffordanceSystem/Receiver/IAffordanceStateReceiver.cs
 0.2 kb	 0.0% Packages/com.unity.xr.interaction.toolkit/Runtime/AR/Interactables/GestureTransformationUtility.deprecated.cs
 0.2 kb	 0.0% Packages/com.unity.xr.interaction.toolkit/Runtime/AR/Inputs/TouchscreenGestureInputLoader.cs
 0.2 kb	 0.0% Packages/com.unity.rendering.light-transport/Runtime/UnifiedRayTracing/UnifiedRayTracingException.cs
 0.2 kb	 0.0% Packages/com.unity.rendering.light-transport/Runtime/UnifiedRayTracing/Hardware/HardwareRayTracingBackend.cs
 0.2 kb	 0.0% Packages/com.unity.rendering.light-transport/Runtime/UnifiedRayTracing/Compute/ComputeRayTracingAccelStruct.cs
 0.2 kb	 0.0% Packages/com.unity.render-pipelines.universal/Runtime/VolumeRequiresRendererFeatures.cs
 0.2 kb	 0.0% Packages/com.unity.render-pipelines.universal/Runtime/UniversalAdditionalCameraData.cs
 0.2 kb	 0.0% Packages/com.unity.render-pipelines.universal/Runtime/Settings/URPDefaultVolumeProfileSetting.cs
 0.2 kb	 0.0% Packages/com.unity.render-pipelines.universal/Runtime/RendererFeatures/FullScreenPassRendererFeature.cs
 0.2 kb	 0.0% Packages/com.unity.render-pipelines.universal/Runtime/RendererFeatures/DisallowMultipleRendererFeature.cs
 0.2 kb	 0.0% Packages/com.unity.render-pipelines.universal/Runtime/RenderGraph/RenderGraphGraphicsAutomatedTests.cs
 0.2 kb	 0.0% Packages/com.unity.render-pipelines.universal/Runtime/Passes/ScreenSpaceAmbientOcclusionPass.cs
 0.2 kb	 0.0% Packages/com.unity.render-pipelines.universal/Runtime/Passes/MainLightShadowCasterPass.cs
 0.2 kb	 0.0% Packages/com.unity.render-pipelines.universal/Runtime/Passes/InvokeOnRenderObjectCallbackPass.cs
 0.2 kb	 0.0% Packages/com.unity.render-pipelines.universal/Runtime/Decal/Entities/DecalUpdateCullingGroupSystem.cs
 0.2 kb	 0.0% Packages/com.unity.render-pipelines.universal/Runtime/Debug/DebugDisplaySettingsRendering.cs
 0.2 kb	 0.0% Packages/com.unity.render-pipelines.core/Runtime/RenderGraph/RenderGraphUtilsResources.cs
 0.2 kb	 0.0% Packages/com.unity.render-pipelines.core/Runtime/Lighting/ProbeVolume/ProbeReferenceVolume.ReflProbeNormalization.cs
 0.2 kb	 0.0% Packages/com.unity.render-pipelines.core/Runtime/GPUDriven/OcclusionCullingDebugShaderVariables.cs
 0.2 kb	 0.0% Packages/com.unity.ai.inference/Runtime/Tokenization/SplitDelimiterBehaviors/SplitDelimiterRemove.cs
 0.2 kb	 0.0% Packages/com.unity.ai.inference/Runtime/Tokenization/PostProcessors/TemplatePostProcessor.cs
 0.2 kb	 0.0% Packages/com.unity.ai.inference/Runtime/Tokenization/PostProcessors/SequencePostProcessor.cs
 0.2 kb	 0.0% Packages/com.unity.ai.inference/Runtime/Tokenization/PostProcessors/ByteLevelPostProcessor.cs
 0.2 kb	 0.0% Packages/com.unity.xr.interaction.toolkit/Runtime/UI/TrackedDevicePhysicsRaycaster.cs
 0.2 kb	 0.0% Packages/com.unity.xr.interaction.toolkit/Runtime/UI/TrackedDeviceGraphicRaycaster.cs
 0.2 kb	 0.0% Packages/com.unity.xr.interaction.toolkit/Runtime/Locomotion/Turning/ContinuousTurnProvider.cs
 0.2 kb	 0.0% Packages/com.unity.xr.interaction.toolkit/Runtime/Locomotion/Movement/ContinuousMoveProvider.cs
 0.2 kb	 0.0% Packages/com.unity.xr.interaction.toolkit/Runtime/Locomotion/Movement/ConstrainedMoveProvider.cs
 0.2 kb	 0.0% Packages/com.unity.xr.interaction.toolkit/Runtime/Locomotion/Climbing/ClimbTeleportInteractor.cs
 0.2 kb	 0.0% Packages/com.unity.xr.interaction.toolkit/Runtime/Interaction/Transformers/XRSingleGrabFreeTransformer.cs
 0.2 kb	 0.0% Packages/com.unity.xr.interaction.toolkit/Runtime/Interaction/Transformers/XRDualGrabFreeTransformer.cs
 0.2 kb	 0.0% Packages/com.unity.xr.interaction.toolkit/Runtime/Interaction/Interactors/Visuals/XRInteractorLineVisual.cs
 0.2 kb	 0.0% Packages/com.unity.xr.interaction.toolkit/Runtime/Interaction/Interactors/Visuals/IXRCustomReticleProvider.cs
 0.2 kb	 0.0% Packages/com.unity.xr.interaction.toolkit/Runtime/Interaction/Interactors/Visuals/CurveVisualController.cs
 0.2 kb	 0.0% Packages/com.unity.xr.interaction.toolkit/Runtime/Interaction/Interactors/IXRTargetPriorityInteractor.cs
 0.2 kb	 0.0% Packages/com.unity.xr.interaction.toolkit/Runtime/Interaction/Interactors/IXRInteractionOverrideGroup.cs
 0.2 kb	 0.0% Packages/com.unity.xr.interaction.toolkit/Runtime/Interaction/Interactors/Casters/SphereInteractionCaster.cs
 0.2 kb	 0.0% Packages/com.unity.xr.interaction.toolkit/Runtime/Interaction/Interactors/Casters/InteractionCasterBase.cs
 0.2 kb	 0.0% Packages/com.unity.xr.interaction.toolkit/Runtime/Interaction/Interactors/Casters/ICurveInteractionCaster.cs
 0.2 kb	 0.0% Packages/com.unity.xr.interaction.toolkit/Runtime/Interaction/Interactors/Casters/CurveInteractionCaster.cs
 0.2 kb	 0.0% Packages/com.unity.xr.interaction.toolkit/Runtime/Interaction/Interactables/Visuals/XRTintInteractableVisual.cs
 0.2 kb	 0.0% Packages/com.unity.xr.interaction.toolkit/Runtime/Interaction/Attachment/InteractionAttachController.cs
 0.2 kb	 0.0% Packages/com.unity.xr.interaction.toolkit/Runtime/Interaction/Attachment/IInteractionAttachController.cs
 0.2 kb	 0.0% Packages/com.unity.xr.interaction.toolkit/Runtime/Interaction/Attachment/IAttachPointVelocityTracker.cs
 0.2 kb	 0.0% Packages/com.unity.xr.interaction.toolkit/Runtime/Interaction/Attachment/IAttachPointVelocityProvider.cs
 0.2 kb	 0.0% Packages/com.unity.xr.interaction.toolkit/Runtime/Interaction/Attachment/AttachPointVelocityTracker.cs
 0.2 kb	 0.0% Packages/com.unity.xr.interaction.toolkit/Runtime/AffordanceSystem/Rendering/MaterialHelperBase.cs
 0.2 kb	 0.0% Packages/com.unity.xr.interaction.toolkit/Runtime/AR/Interactables/ARTranslationInteractable.deprecated.cs
 0.2 kb	 0.0% Packages/com.unity.xr.interaction.toolkit/Runtime/AR/Interactables/ARBaseGestureInteractable.deprecated.cs
 0.2 kb	 0.0% Packages/com.unity.xr.interaction.toolkit/Runtime/AR/Gestures/TwoFingerDragGestureRecognizer.cs
 0.2 kb	 0.0% Packages/com.unity.xr.arfoundation/Runtime/ARSubsystems/EnvironmentProbeSubsystem/XREnvironmentProbeSubsystemDescriptor.cs
 0.2 kb	 0.0% Packages/com.unity.xr.arfoundation/Runtime/ARFoundation/ARDefaultCameraBackgroundRenderingParams.cs
 0.2 kb	 0.0% Packages/com.unity.render-pipelines.universal/Runtime/UniversalRenderPipelineRenderGraph.cs
 0.2 kb	 0.0% Packages/com.unity.render-pipelines.universal/Runtime/2D/Shadows/ShadowCasterGroup2DManager.cs
 0.2 kb	 0.0% Packages/com.unity.render-pipelines.universal/Runtime/2D/Rendergraph/CopyCameraSortingLayerPass.cs
 0.2 kb	 0.0% Packages/com.unity.render-pipelines.universal/Runtime/2D/RendererFeatures/ScriptableRenderPass2D.cs
 0.2 kb	 0.0% Packages/com.unity.render-pipelines.universal/Runtime/2D/PixelPerfectCameraInternal.cs
 0.2 kb	 0.0% Packages/com.unity.render-pipelines.universal/Runtime/2D/Passes/PixelPerfectBackgroundPass.cs
 0.2 kb	 0.0% Packages/com.unity.render-pipelines.core/Runtime/RenderPipeline/RenderPipelineGlobalSettingsUtils.cs
 0.2 kb	 0.0% Packages/com.unity.render-pipelines.core/Runtime/RenderGraph/RenderGraphResourceRegistry.cs
 0.2 kb	 0.0% Packages/com.unity.render-pipelines.core/Runtime/RenderGraph/RenderGraphDefaultResources.cs
 0.2 kb	 0.0% Packages/com.unity.render-pipelines.core/Runtime/RenderGraph/Compiler/ResourcesData.cs
 0.2 kb	 0.0% Packages/com.unity.render-pipelines.core/Runtime/Lighting/ProbeVolume/ProbeVolumeConstantRuntimeResources.cs
 0.2 kb	 0.0% Packages/com.unity.render-pipelines.core/Runtime/Lighting/ProbeVolume/ProbeVolumeBakingSetWeakReference.cs
 0.2 kb	 0.0% Packages/com.unity.render-pipelines.core/Runtime/Lighting/ProbeVolume/IProbeVolumeEnabledRenderPipeline.cs
 0.2 kb	 0.0% Packages/com.unity.render-pipelines.core/Runtime/Debugging/Prefabs/Scripts/DebugUIHandlerRenderingLayerField.cs
 0.2 kb	 0.0% Packages/com.unity.ai.inference/Runtime/Tokenization/Truncators/Strategies/OnlySecondStrategy.cs
 0.2 kb	 0.0% Packages/com.unity.ai.inference/Runtime/Tokenization/Truncators/Strategies/OnlyFirstStrategy.cs
 0.2 kb	 0.0% Packages/com.unity.ai.inference/Runtime/Tokenization/Truncators/Strategies/LongestFirstStrategy.cs
 0.2 kb	 0.0% Packages/com.unity.ai.inference/Runtime/Tokenization/Truncators/Strategies/ITruncationStrategy.cs
 0.2 kb	 0.0% Packages/com.unity.ai.inference/Runtime/Tokenization/Truncators/LongestFirstTruncator.cs
 0.2 kb	 0.0% Packages/com.unity.ai.inference/Runtime/Tokenization/PreTokenizers/WhitespacePreTokenizer.cs
 0.2 kb	 0.0% Packages/com.unity.ai.inference/Runtime/Tokenization/PreTokenizers/StringSplitPreTokenizer.cs
 0.2 kb	 0.0% Packages/com.unity.ai.inference/Runtime/Tokenization/PreTokenizers/RuneSplitPreTokenizer.cs
 0.2 kb	 0.0% Packages/com.unity.ai.inference/Runtime/Tokenization/PreTokenizers/RegexSplitPreTokenizer.cs
 0.2 kb	 0.0% Packages/com.unity.ai.inference/Runtime/Tokenization/PreTokenizers/PunctuationPreTokenizer.cs
 0.2 kb	 0.0% Packages/com.unity.ai.inference/Runtime/Tokenization/PreTokenizers/MetaspacePreTokenizer.cs
 0.2 kb	 0.0% Packages/com.unity.ai.inference/Runtime/Tokenization/PreTokenizers/CharSplitPreTokenizer.cs
 0.2 kb	 0.0% Packages/com.unity.ai.inference/Runtime/Tokenization/PreTokenizers/ByteLevelPreTokenizer.cs
 0.2 kb	 0.0% Packages/com.unity.ai.inference/Runtime/Tokenization/Parsers/HuggingFace/Models/BpeModelBuilder.cs
 0.2 kb	 0.0% Packages/com.unity.ai.inference/Runtime/Tokenization/Parsers/HuggingFace/IComponentBuilder.cs
 0.2 kb	 0.0% Packages/com.unity.ai.inference/Runtime/Tokenization/Parsers/HuggingFace/HuggingFaceParser.cs
 0.2 kb	 0.0% Packages/com.unity.ai.inference/Runtime/Tokenization/Parsers/HuggingFace/HuggingFaceHelper.cs
 0.2 kb	 0.0% Packages/com.unity.ai.inference/Runtime/Tokenization/Parsers/HuggingFace/HfPaddingAttribute.cs
 0.2 kb	 0.0% Packages/com.unity.ai.inference/Runtime/Tokenization/Parsers/HuggingFace/HfDecoderAttribute.cs
 0.2 kb	 0.0% Packages/com.unity.ai.inference/Runtime/Tokenization/Normalizers/StripAccentsNormalizer.cs
 0.2 kb	 0.0% Packages/com.unity.ai.inference/Runtime/Tokenization/Normalizers/RegexReplaceNormalizer.cs
 0.2 kb	 0.0% Packages/com.unity.ai.inference/Runtime/Core/Compiler/Passes/ContractToSimplerLayerPass.cs
 0.2 kb	 0.0% Packages/com.unity.ai.inference/Runtime/Core/Compiler/Passes/ContractSubExpressionsPass.cs
 0.2 kb	 0.0% Packages/com.unity.ai.inference/Runtime/Core/Compiler/Passes/ConcatenateTransposesPass.cs
 0.2 kb	 0.0% Packages/com.unity.xr.interaction.toolkit/Runtime/Utilities/DisposableManagerSingleton.cs
 0.2 kb	 0.0% Packages/com.unity.xr.interaction.toolkit/Runtime/Locomotion/XRBodyTransformations.cs
 0.2 kb	 0.0% Packages/com.unity.xr.interaction.toolkit/Runtime/Locomotion/Teleportation/TeleportingEventArgs.cs
 0.2 kb	 0.0% Packages/com.unity.xr.interaction.toolkit/Runtime/Locomotion/Teleportation/TeleportationArea.cs
 0.2 kb	 0.0% Packages/com.unity.xr.interaction.toolkit/Runtime/Locomotion/Teleportation/TeleportationAnchor.cs
 0.2 kb	 0.0% Packages/com.unity.xr.interaction.toolkit/Runtime/Interaction/Filtering/Target/Evaluators/IXRTargetEvaluatorLinkable.cs
 0.2 kb	 0.0% Packages/com.unity.xr.interaction.toolkit/Runtime/Interaction/Filtering/Poke/PokeThresholdDatumProperty.cs
 0.2 kb	 0.0% Packages/com.unity.xr.interaction.toolkit/Runtime/Interaction/Filtering/Poke/IMultiPokeStateDataProvider.cs
 0.2 kb	 0.0% Packages/com.unity.xr.interaction.toolkit/Runtime/Interaction/Filtering/InteractionStrength/IXRInteractionStrengthFilter.cs
 0.2 kb	 0.0% Packages/com.unity.xr.interaction.toolkit/Runtime/Inputs/XRInputTrackingAggregator.cs
 0.2 kb	 0.0% Packages/com.unity.xr.interaction.toolkit/Runtime/Inputs/XRHandSkeletonPokeDisplacer.cs
 0.2 kb	 0.0% Packages/com.unity.xr.interaction.toolkit/Runtime/Inputs/Simulation/XRSimulatedController.cs
 0.2 kb	 0.0% Packages/com.unity.xr.interaction.toolkit/Runtime/Inputs/Simulation/XRDeviceSimulatorLoader.cs
 0.2 kb	 0.0% Packages/com.unity.xr.interaction.toolkit/Runtime/Inputs/Simulation/Hands/XRSimulatedHandState.cs
 0.2 kb	 0.0% Packages/com.unity.xr.interaction.toolkit/Runtime/Inputs/Simulation/Hands/HandExpressionName.cs
 0.2 kb	 0.0% Packages/com.unity.xr.interaction.toolkit/Runtime/Inputs/Readers/XRInputDeviceValueReader.cs
 0.2 kb	 0.0% Packages/com.unity.xr.interaction.toolkit/Runtime/Inputs/Haptics/IXRHapticImpulseProvider.cs
 0.2 kb	 0.0% Packages/com.unity.xr.interaction.toolkit/Runtime/Inputs/Haptics/IXRHapticImpulseChannel.cs
 0.2 kb	 0.0% Packages/com.unity.xr.interaction.toolkit/Runtime/AffordanceSystem/State/Data/AffordanceStateData.cs
 0.2 kb	 0.0% Packages/com.unity.xr.interaction.toolkit/Runtime/AR/Interactables/ARSelectionInteractable.deprecated.cs
 0.2 kb	 0.0% Packages/com.unity.xr.interaction.toolkit/Runtime/AR/Interactables/ARRotationInteractable.deprecated.cs
 0.2 kb	 0.0% Packages/com.unity.xr.interaction.toolkit/Runtime/AR/Interactables/ARPlacementInteractable.deprecated.cs
 0.2 kb	 0.0% Packages/com.unity.xr.interaction.toolkit/Runtime/AR/Inputs/ScreenSpacePinchScaleInput.cs
 0.2 kb	 0.0% Packages/com.unity.xr.core-utils/Runtime/ARTrackablesParentTransformChangedEventArgs.cs
 0.2 kb	 0.0% Packages/com.unity.xr.arfoundation/Runtime/InternalUtils/UnitConversionUtility.cs
 0.2 kb	 0.0% Packages/com.unity.xr.arfoundation/Runtime/InternalUtils/SerializableGuidUtility.cs
 0.2 kb	 0.0% Packages/com.unity.xr.arfoundation/Runtime/ARFoundation/Deprecated/ARTrackedObjectsChangedEventArgs.deprecated.cs
 0.2 kb	 0.0% Packages/com.unity.xr.arfoundation/Runtime/ARFoundation/Deprecated/ARTrackedImagesChangedEventArgs.deprecated.cs
 0.2 kb	 0.0% Packages/com.unity.xr.arfoundation/Runtime/ARFoundation/Deprecated/ARParticipantsChangedEventArgs.deprecated.cs
 0.2 kb	 0.0% Packages/com.unity.xr.arfoundation/Runtime/ARFoundation/Deprecated/AREnvironmentProbesChangedEvent.deprecated.cs
 0.2 kb	 0.0% Packages/com.unity.rendering.light-transport/Runtime/UnifiedRayTracing/IRayTracingAccelStruct.cs
 0.2 kb	 0.0% Packages/com.unity.rendering.light-transport/Runtime/UnifiedRayTracing/Hardware/HardwareRayTracingShader.cs
 0.2 kb	 0.0% Packages/com.unity.rendering.light-transport/Runtime/UnifiedRayTracing/Compute/ComputeRayTracingShader.cs
 0.2 kb	 0.0% Packages/com.unity.rendering.light-transport/Runtime/UnifiedRayTracing/Compute/ComputeRayTracingBackend.cs
 0.2 kb	 0.0% Packages/com.unity.render-pipelines.universal/Runtime/UniversalAdditionalLightData.cs
 0.2 kb	 0.0% Packages/com.unity.render-pipelines.universal/Runtime/Tiling/ReflectionProbeMinMaxZJob.cs
 0.2 kb	 0.0% Packages/com.unity.render-pipelines.universal/Runtime/Settings/URPShaderStrippingSetting.cs
 0.2 kb	 0.0% Packages/com.unity.render-pipelines.universal/Runtime/ScriptableRendererFeature.cs
 0.2 kb	 0.0% Packages/com.unity.render-pipelines.universal/Runtime/RendererFeatures/ScreenSpaceAmbientOcclusion.cs
 0.2 kb	 0.0% Packages/com.unity.render-pipelines.universal/Runtime/RenderTargetBufferSystem.cs
 0.2 kb	 0.0% Packages/com.unity.render-pipelines.universal/Runtime/RenderPipelineResources/UniversalRendererResources.cs
 0.2 kb	 0.0% Packages/com.unity.render-pipelines.universal/Runtime/Overrides/ShadowsMidtonesHighlights.cs
 0.2 kb	 0.0% Packages/com.unity.render-pipelines.universal/Runtime/FrameData/UniversalPostProcessingData.cs
 0.2 kb	 0.0% Packages/com.unity.render-pipelines.universal/Runtime/Decal/ScreenSpace/DecalScreenSpaceRenderPass.cs
 0.2 kb	 0.0% Packages/com.unity.render-pipelines.universal/Runtime/Decal/Entities/DecalCreateDrawCallSystem.cs
 0.2 kb	 0.0% Packages/com.unity.render-pipelines.universal/Runtime/Debug/DebugDisplaySettingsMaterial.cs
 0.2 kb	 0.0% Packages/com.unity.render-pipelines.universal/Runtime/Debug/DebugDisplaySettingsLighting.cs
 0.2 kb	 0.0% Packages/com.unity.render-pipelines.universal/Runtime/Debug/DebugDisplaySettingsCommon.cs
 0.2 kb	 0.0% Packages/com.unity.render-pipelines.universal/Runtime/Data/UniversalRenderPipelineAsset.cs
 0.2 kb	 0.0% Packages/com.unity.render-pipelines.core/Runtime/RenderGraph/RenderGraphResourceRendererList.cs
 0.2 kb	 0.0% Packages/com.unity.render-pipelines.core/Runtime/RenderGraph/Compiler/PassesData.cs
 0.2 kb	 0.0% Packages/com.unity.render-pipelines.core/Runtime/GPUDriven/OccluderDepthPyramidConstants.cs
 0.2 kb	 0.0% Packages/com.unity.render-pipelines.core/Runtime/GPUDriven/Debug/DebugDisplayGPUResidentDrawer.cs
 0.2 kb	 0.0% Packages/com.unity.collections/Unity.Collections/GenerateTestsForBurstCompatibilityAttribute.cs
 0.2 kb	 0.0% Packages/com.unity.ai.inference/Runtime/Tokenization/SplitDelimiterBehavior.cs
 0.2 kb	 0.0% Packages/com.unity.ai.inference/Runtime/Tokenization/PostProcessors/RobertaPostProcessor.cs
 0.2 kb	 0.0% Packages/com.unity.ai.inference/Runtime/Tokenization/PostProcessors/DefaultPostProcessor.cs
 0.2 kb	 0.0% Packages/com.unity.ai.inference/Runtime/Tokenization/Parsers/NewtonsoftJsonUtility.cs
 0.2 kb	 0.0% Packages/com.unity.ai.inference/Runtime/Tokenization/Padding/FixedPaddingSizeProvider.cs
 0.2 kb	 0.0% Packages/com.unity.ai.inference/Runtime/Tokenization/Padding/DirectionalPaddingBase.cs
 0.2 kb	 0.0% Packages/com.unity.ai.inference/Runtime/Tokenization/Padding/BatchLongestSizeProvider.cs
 0.2 kb	 0.0% Packages/com.unity.xr.interaction.toolkit/Runtime/UI/RegisteredUIInteractorCache.cs
 0.2 kb	 0.0% Packages/com.unity.xr.interaction.toolkit/Runtime/Locomotion/IXRBodyTransformation.cs
 0.2 kb	 0.0% Packages/com.unity.xr.interaction.toolkit/Runtime/Locomotion/IXRBodyPositionEvaluator.cs
 0.2 kb	 0.0% Packages/com.unity.xr.interaction.toolkit/Runtime/Locomotion/Climbing/ClimbSettingsDatum.cs
 0.2 kb	 0.0% Packages/com.unity.xr.interaction.toolkit/Runtime/Locomotion/Climbing/ClimbInteractable.cs
 0.2 kb	 0.0% Packages/com.unity.xr.interaction.toolkit/Runtime/Interaction/Transformers/XRSocketGrabTransformer.cs
 0.2 kb	 0.0% Packages/com.unity.xr.interaction.toolkit/Runtime/Interaction/Transformers/XRLegacyGrabTransformer.cs
 0.2 kb	 0.0% Packages/com.unity.xr.interaction.toolkit/Runtime/Interaction/Transformers/XRGeneralGrabTransformer.cs
 0.2 kb	 0.0% Packages/com.unity.xr.interaction.toolkit/Runtime/Interaction/Transformers/XRBaseGrabTransformer.cs
 0.2 kb	 0.0% Packages/com.unity.xr.interaction.toolkit/Runtime/Interaction/Interactors/XRBaseInputInteractor.cs
 0.2 kb	 0.0% Packages/com.unity.xr.interaction.toolkit/Runtime/Interaction/Interactors/IXRScaleValueProvider.cs
 0.2 kb	 0.0% Packages/com.unity.xr.interaction.toolkit/Runtime/Interaction/Interactors/IXRActivateInteractor.cs
 0.2 kb	 0.0% Packages/com.unity.xr.interaction.toolkit/Runtime/Interaction/Interactors/Casters/IInteractionCaster.cs
 0.2 kb	 0.0% Packages/com.unity.xr.interaction.toolkit/Runtime/Interaction/Interactables/XRInteractableSnapVolume.cs
 0.2 kb	 0.0% Packages/com.unity.xr.interaction.toolkit/Runtime/Interaction/Interactables/IXRSelectInteractable.cs
 0.2 kb	 0.0% Packages/com.unity.xr.interaction.toolkit/Runtime/Interaction/Interactables/IXRActivateInteractable.cs
 0.2 kb	 0.0% Packages/com.unity.xr.interaction.toolkit/Runtime/Interaction/Gaze/IXROverridesGazeAutoSelect.cs
 0.2 kb	 0.0% Packages/com.unity.xr.interaction.toolkit/Runtime/Inputs/Interactions/SectorInteraction.cs
 0.2 kb	 0.0% Packages/com.unity.xr.interaction.toolkit/Runtime/Inputs/Composites/FallbackComposite.cs
 0.2 kb	 0.0% Packages/com.unity.xr.arfoundation/Runtime/ARSubsystems/ObjectTrackingSubsystem/XRObjectTrackingSubsystemDescriptor.cs
 0.2 kb	 0.0% Packages/com.unity.xr.arfoundation/Runtime/ARSubsystems/ImageTrackingSubsystem/XRImageTrackingSubsystemDescriptor.cs
 0.2 kb	 0.0% Packages/com.unity.xr.arfoundation/Runtime/ARSubsystems/ImageTrackingSubsystem/MutableRuntimeReferenceImageLibrary.cs
 0.2 kb	 0.0% Packages/com.unity.xr.arfoundation/Runtime/ARSubsystems/CameraSubsystem/XRCameraBackgroundRenderingParams.cs
 0.2 kb	 0.0% Packages/com.unity.xr.arfoundation/Runtime/ARFoundation/Deprecated/ARHumanBodiesChangedEventArgs.deprecated.cs
 0.2 kb	 0.0% Packages/com.unity.xr.arfoundation/Runtime/ARFoundation/CameraBackgroundRenderingMode.cs
 0.2 kb	 0.0% Packages/com.unity.render-pipelines.universal/Runtime/UniversalRenderPipelineCore.cs
 0.2 kb	 0.0% Packages/com.unity.render-pipelines.universal/Runtime/FrameData/UniversalResourceBase.cs
 0.2 kb	 0.0% Packages/com.unity.render-pipelines.universal/Runtime/2D/Shadows/ShadowProvider/ShadowShape2DProvider.cs
 0.2 kb	 0.0% Packages/com.unity.render-pipelines.universal/Runtime/2D/Shadows/CompositeShadowCaster2D.cs
 0.2 kb	 0.0% Packages/com.unity.render-pipelines.core/Runtime/Utilities/CoreRenderPipelinePreferences.cs
 0.2 kb	 0.0% Packages/com.unity.render-pipelines.core/Runtime/Settings/IDefaultVolumeProfileSettings.cs
 0.2 kb	 0.0% Packages/com.unity.render-pipelines.core/Runtime/RenderGraph/RenderGraphResourcePool.cs
 0.2 kb	 0.0% Packages/com.unity.render-pipelines.core/Runtime/RenderGraph/RenderGraphObjectPool.cs
 0.2 kb	 0.0% Packages/com.unity.render-pipelines.core/Runtime/RenderGraph/Debug/RenderGraphDebugParams.cs
 0.2 kb	 0.0% Packages/com.unity.render-pipelines.core/Runtime/RenderGraph/Debug/DebugDisplaySettingsRenderGraph.cs
 0.2 kb	 0.0% Packages/com.unity.render-pipelines.core/Runtime/Lighting/ProbeVolume/ProbeVolumeBakingProcessSettings.cs
 0.2 kb	 0.0% Packages/com.unity.render-pipelines.core/Runtime/Debugging/Prefabs/Scripts/DebugUIHandlerPersistentCanvas.cs
 0.2 kb	 0.0% Packages/com.unity.render-pipelines.core/Runtime/Debugging/Prefabs/Scripts/DebugUIHandlerObjectPopupField.cs
 0.2 kb	 0.0% Packages/com.unity.render-pipelines.core/Runtime/Debugging/Prefabs/Scripts/DebugUIHandlerIndirectFloatField.cs
 0.2 kb	 0.0% Packages/com.unity.render-pipelines.core/Runtime/Debugging/DebugDisplaySettingsHDROutput.cs
 0.2 kb	 0.0% Packages/com.unity.render-pipelines.core/Runtime/Common/GlobalDynamicResolutionSettings.cs
 0.2 kb	 0.0% Packages/com.unity.inputsystem/InputSystem/Editor/UITKAssetEditor/Views/CompositePartBindingPropertiesView.cs
 0.2 kb	 0.0% Packages/com.unity.inputsystem/InputSystem/Editor/UITKAssetEditor/Views/CollectionViewSelectionChangeFilter.cs
 0.2 kb	 0.0% Packages/com.unity.inputsystem/InputSystem/Editor/UITKAssetEditor/InputActionsEditorSettingsProvider.cs
 0.2 kb	 0.0% Packages/com.unity.inputsystem/InputSystem/Editor/PropertyDrawers/InputActionReferenceSearchProviders.cs
 0.2 kb	 0.0% Packages/com.unity.inputsystem/InputSystem/Editor/PropertyDrawers/InputActionReferencePropertyDrawer.cs
 0.2 kb	 0.0% Packages/com.unity.inputsystem/InputSystem/Editor/Analytics/InputActionsEditorSessionAnalytic.cs
 0.2 kb	 0.0% Packages/com.unity.inputsystem/InputSystem/Devices/Commands/QueryEditorWindowCoordinatesCommand.cs
 0.2 kb	 0.0% Packages/com.unity.inputsystem/InputSystem/Devices/Commands/InitiateUserAccountPairingCommand.cs
 0.2 kb	 0.0% Packages/com.unity.ai.inference/Runtime/Tokenization/Truncators/StrategicTruncator.cs
 0.2 kb	 0.0% Packages/com.unity.ai.inference/Runtime/Tokenization/Truncators/RangeGeneratorBase.cs
 0.2 kb	 0.0% Packages/com.unity.ai.inference/Runtime/Tokenization/PreTokenizers/SequencePreTokenizer.cs
 0.2 kb	 0.0% Packages/com.unity.ai.inference/Runtime/Tokenization/PreTokenizers/DigitsPreTokenizer.cs
 0.2 kb	 0.0% Packages/com.unity.ai.inference/Runtime/Tokenization/PreTokenizers/DefaultPreTokenizer.cs
 0.2 kb	 0.0% Packages/com.unity.ai.inference/Runtime/Tokenization/Parsers/HuggingFace/HfModelAttribute.cs
 0.2 kb	 0.0% Packages/com.unity.ai.inference/Runtime/Tokenization/Normalizers/UnicodeNormalizer.cs
 0.2 kb	 0.0% Packages/com.unity.ai.inference/Runtime/Tokenization/Normalizers/SequenceNormalizer.cs
 0.2 kb	 0.0% Packages/com.unity.ai.inference/Runtime/Tokenization/Normalizers/ReplaceNormalizer.cs
 0.2 kb	 0.0% Packages/com.unity.ai.inference/Runtime/Tokenization/Normalizers/PrependNormalizer.cs
 0.2 kb	 0.0% Packages/com.unity.ai.inference/Runtime/Tokenization/Normalizers/DefaultNormalizer.cs
 0.2 kb	 0.0% Packages/com.unity.ai.inference/Runtime/Tokenization/Mappers/UnigramMapper.BestPathNode.cs
 0.2 kb	 0.0% Packages/com.unity.ai.inference/Runtime/Tokenization/Mappers/BpeMapper.CharToTokenConverter.cs
 0.2 kb	 0.0% Packages/com.unity.ai.inference/Runtime/Tokenization/Mappers/BpeMapper.ByteToTokenConverter.cs
 0.2 kb	 0.0% Packages/com.unity.ai.inference/Runtime/Core/Compiler/Passes/SimplifyReshapeInputPass.cs
 0.2 kb	 0.0% Packages/com.unity.ai.inference/Runtime/Core/Compiler/Passes/RoundDenormalWeightsPass.cs
 0.2 kb	 0.0% Packages/com.unity.xr.interaction.toolkit/Runtime/Utilities/XRDebugLineVisualizer.cs
 0.2 kb	 0.0% Packages/com.unity.xr.interaction.toolkit/Runtime/Utilities/TriggerContactMonitor.cs
 0.2 kb	 0.0% Packages/com.unity.xr.interaction.toolkit/Runtime/Utilities/Interaction/XRInteractableUtility.cs
 0.2 kb	 0.0% Packages/com.unity.xr.interaction.toolkit/Runtime/UI/TrackedDeviceModel.deprecated.cs
 0.2 kb	 0.0% Packages/com.unity.xr.interaction.toolkit/Runtime/Locomotion/LocomotionState.cs
 0.2 kb	 0.0% Packages/com.unity.xr.interaction.toolkit/Runtime/Locomotion/Legacy/DeviceBasedSnapTurnProvider.cs
 0.2 kb	 0.0% Packages/com.unity.xr.interaction.toolkit/Runtime/Locomotion/Legacy/ContinuousTurnProviderBase.cs
 0.2 kb	 0.0% Packages/com.unity.xr.interaction.toolkit/Runtime/Locomotion/Legacy/ContinuousMoveProviderBase.cs
 0.2 kb	 0.0% Packages/com.unity.xr.interaction.toolkit/Runtime/Locomotion/Legacy/CharacterControllerDriver.cs
 0.2 kb	 0.0% Packages/com.unity.xr.interaction.toolkit/Runtime/Locomotion/Legacy/ActionBasedSnapTurnProvider.cs
 0.2 kb	 0.0% Packages/com.unity.xr.interaction.toolkit/Runtime/Interaction/Interactors/XRBaseControllerInteractor.cs
 0.2 kb	 0.0% Packages/com.unity.xr.interaction.toolkit/Runtime/Interaction/Filtering/Target/Evaluators/XRLastSelectedEvaluator.cs
 0.2 kb	 0.0% Packages/com.unity.xr.interaction.toolkit/Runtime/Interaction/Filtering/Poke/IPokeStateDataProvider.cs
 0.2 kb	 0.0% Packages/com.unity.xr.interaction.toolkit/Runtime/Interaction/Filtering/Hover/TouchscreenHoverFilter.cs
 0.2 kb	 0.0% Packages/com.unity.xr.interaction.toolkit/Runtime/Interaction/Attributes/CanSelectMultipleAttribute.cs
 0.2 kb	 0.0% Packages/com.unity.xr.interaction.toolkit/Runtime/Interaction/Attributes/CanFocusMultipleAttribute.cs
 0.2 kb	 0.0% Packages/com.unity.xr.interaction.toolkit/Runtime/Inputs/XRTransformStabilizer.cs
 0.2 kb	 0.0% Packages/com.unity.xr.interaction.toolkit/Runtime/Inputs/XRInputModalityManager.cs
 0.2 kb	 0.0% Packages/com.unity.xr.interaction.toolkit/Runtime/Inputs/Simulation/XRSimulatedHMDState.cs
 0.2 kb	 0.0% Packages/com.unity.xr.interaction.toolkit/Runtime/Inputs/Simulation/XRDeviceSimulator.cs
 0.2 kb	 0.0% Packages/com.unity.xr.interaction.toolkit/Runtime/Inputs/Readers/XRInputValueReader.cs
 0.2 kb	 0.0% Packages/com.unity.xr.interaction.toolkit/Runtime/Inputs/Readers/XRInputReaderUtility.cs
 0.2 kb	 0.0% Packages/com.unity.xr.interaction.toolkit/Runtime/Inputs/Readers/XRInputButtonReader.cs
 0.2 kb	 0.0% Packages/com.unity.xr.interaction.toolkit/Runtime/Inputs/Haptics/HapticImpulsePlayer.cs
 0.2 kb	 0.0% Packages/com.unity.xr.interaction.toolkit/Runtime/AR/Interactors/ARGestureInteractor.deprecated.cs
 0.2 kb	 0.0% Packages/com.unity.xr.interaction.toolkit/Runtime/AR/Interactables/ARScaleInteractable.deprecated.cs
 0.2 kb	 0.0% Packages/com.unity.xr.interaction.toolkit/Runtime/AR/Inputs/ScreenSpaceSelectInput.cs
 0.2 kb	 0.0% Packages/com.unity.xr.interaction.toolkit/Runtime/AR/Inputs/ScreenSpaceRotateInput.cs
 0.2 kb	 0.0% Packages/com.unity.xr.interaction.toolkit/Runtime/AR/Inputs/ScreenSpaceRayPoseDriver.cs
 0.2 kb	 0.0% Packages/com.unity.xr.interaction.toolkit/Runtime/AR/Gestures/TwoFingerDragGesture.deprecated.cs
 0.2 kb	 0.0% Packages/com.unity.xr.arfoundation/Runtime/ARSubsystems/PointCloudSubsystem/XRDepthSubsystemDescriptor.deprecated.cs
 0.2 kb	 0.0% Packages/com.unity.xr.arfoundation/Runtime/ARFoundation/Deprecated/ARPointCloudChangedEventArgs.deprecated.cs
 0.2 kb	 0.0% Packages/com.unity.rendering.light-transport/Runtime/UnifiedRayTracing/RayTracingResources.cs
 0.2 kb	 0.0% Packages/com.unity.rendering.light-transport/Runtime/UnifiedRayTracing/RayTracingContext.cs
 0.2 kb	 0.0% Packages/com.unity.rendering.light-transport/Runtime/UnifiedRayTracing/IRayTracingShader.cs
 0.2 kb	 0.0% Packages/com.unity.rendering.light-transport/Runtime/UnifiedRayTracing/IRayTracingBackend.cs
 0.2 kb	 0.0% Packages/com.unity.rendering.light-transport/Runtime/UnifiedRayTracing/Compute/BLASPositionsPool.cs
 0.2 kb	 0.0% Packages/com.unity.rendering.light-transport/Runtime/UnifiedRayTracing/Common/GeometryPool/GeometryPoolDefs.cs
 0.2 kb	 0.0% Packages/com.unity.rendering.light-transport/Runtime/UnifiedRayTracing/Common/AccelStructInstances.cs
 0.2 kb	 0.0% Packages/com.unity.rendering.light-transport/Runtime/UnifiedRayTracing/Common/AccelStructAdapter.cs
 0.2 kb	 0.0% Packages/com.unity.render-pipelines.universal/Runtime/UniversalRendererRenderGraph.cs
 0.2 kb	 0.0% Packages/com.unity.render-pipelines.universal/Runtime/UniversalRendererData.cs
 0.2 kb	 0.0% Packages/com.unity.render-pipelines.universal/Runtime/UniversalRenderPipeline.cs
 0.2 kb	 0.0% Packages/com.unity.render-pipelines.universal/Runtime/UniversalCameraHistory.cs
 0.2 kb	 0.0% Packages/com.unity.render-pipelines.universal/Runtime/Tiling/TileRangeExpansionJob.cs
 0.2 kb	 0.0% Packages/com.unity.render-pipelines.universal/Runtime/SupportedOnRenderer.cs
 0.2 kb	 0.0% Packages/com.unity.render-pipelines.universal/Runtime/ScriptableRendererData.cs
 0.2 kb	 0.0% Packages/com.unity.render-pipelines.universal/Runtime/RendererFeatures/FullScreenPassRendererFeature_OldGUID.cs
 0.2 kb	 0.0% Packages/com.unity.render-pipelines.universal/Runtime/ReflectionProbeManager.cs
 0.2 kb	 0.0% Packages/com.unity.render-pipelines.universal/Runtime/Passes/TransparentSettingsPass.cs
 0.2 kb	 0.0% Packages/com.unity.render-pipelines.universal/Runtime/Passes/MotionVectorRenderPass.cs
 0.2 kb	 0.0% Packages/com.unity.render-pipelines.universal/Runtime/Passes/DrawScreenSpaceUIPass.cs
 0.2 kb	 0.0% Packages/com.unity.render-pipelines.universal/Runtime/Passes/DepthNormalOnlyPass.cs
 0.2 kb	 0.0% Packages/com.unity.render-pipelines.universal/Runtime/Passes/ColorGradingLutPass.cs
 0.2 kb	 0.0% Packages/com.unity.render-pipelines.universal/Runtime/NormalReconstruction.cs
 0.2 kb	 0.0% Packages/com.unity.render-pipelines.universal/Runtime/FrameData/UniversalResourceData.cs
 0.2 kb	 0.0% Packages/com.unity.render-pipelines.universal/Runtime/FrameData/UniversalRenderingData.cs
 0.2 kb	 0.0% Packages/com.unity.render-pipelines.universal/Runtime/FrameData/Universal2DResourceData.cs
 0.2 kb	 0.0% Packages/com.unity.render-pipelines.universal/Runtime/Decal/ScreenSpace/DecalGBufferRenderPass.cs
 0.2 kb	 0.0% Packages/com.unity.render-pipelines.universal/Runtime/Decal/Entities/DecalUpdateCulledSystem.cs
 0.2 kb	 0.0% Packages/com.unity.render-pipelines.universal/Runtime/Decal/Entities/DecalUpdateCachedSystem.cs
 0.2 kb	 0.0% Packages/com.unity.render-pipelines.universal/Runtime/Decal/Entities/DecalSkipCulledSystem.cs
 0.2 kb	 0.0% Packages/com.unity.render-pipelines.universal/Runtime/Decal/DBuffer/DecalForwardEmissivePass.cs
 0.2 kb	 0.0% Packages/com.unity.render-pipelines.core/Runtime/XR/XRBuiltinShaderConstants.cs
 0.2 kb	 0.0% Packages/com.unity.render-pipelines.core/Runtime/Settings/IDefaultVolumeProfileResource.cs
 0.2 kb	 0.0% Packages/com.unity.render-pipelines.core/Runtime/RenderGraph/RenderGraphResourceTexture.cs
 0.2 kb	 0.0% Packages/com.unity.render-pipelines.core/Runtime/RenderGraph/IRenderGraphBuilder.cs
 0.2 kb	 0.0% Packages/com.unity.render-pipelines.core/Runtime/GPUDriven/InstanceCullingBatcherBurst.cs
 0.2 kb	 0.0% Packages/com.unity.render-pipelines.core/Runtime/GPUDriven/IGPUResidentRenderPipeline.cs
 0.2 kb	 0.0% Packages/com.unity.render-pipelines.core/Runtime/GPUDriven/GPUResidentDrawerResources.cs
 0.2 kb	 0.0% Packages/com.unity.render-pipelines.core/Runtime/GPUDriven/Components/DisallowGPUDrivenRendering.cs
 0.2 kb	 0.0% Packages/com.unity.render-pipelines.core/Runtime-PrivateShared/AssemblyInfo.cs
 0.2 kb	 0.0% Packages/com.unity.inputsystem/InputSystem/Plugins/UI/StandaloneInputModuleEditor.cs
 0.2 kb	 0.0% Packages/com.unity.inputsystem/InputSystem/Plugins/UI/InputSystemUIInputModuleEditor.cs
 0.2 kb	 0.0% Packages/com.unity.ai.inference/Runtime/Tokenization/UtfCharToByteConverter.cs
 0.2 kb	 0.0% Packages/com.unity.ai.inference/Runtime/Tokenization/Tokenizer.PostProcessOutput.cs
 0.2 kb	 0.0% Packages/com.unity.ai.inference/Runtime/Tokenization/SubStringToByteConverter.cs
 0.2 kb	 0.0% Packages/com.unity.ai.inference/Runtime/Tokenization/PostProcessors/Templating/SpecialToken.cs
 0.2 kb	 0.0% Packages/com.unity.ai.inference/Runtime/Tokenization/PostProcessors/IPostProcessor.cs
 0.2 kb	 0.0% Packages/com.unity.ai.inference/Runtime/Tokenization/Padding/IPaddingSizeProvider.cs
 0.2 kb	 0.0% Packages/com.unity.ai.inference/Runtime/Tokenization/Normalizers/Precompiled.cs
 0.2 kb	 0.0% Packages/com.unity.ai.inference/Runtime/Tokenization/Mappers/UnigramVocabEntry.cs
 0.2 kb	 0.0% Packages/com.unity.ai.inference/Runtime/Tokenization/Mappers/UnigramMapper.PrefixTrie.cs
 0.2 kb	 0.0% Packages/com.unity.ai.inference/Runtime/Tokenization/Mappers/UnigramMapper.ByteString.cs
 0.2 kb	 0.0% Packages/com.unity.ai.inference/Runtime/Tokenization/Mappers/BpeMapperConfiguration.cs
 0.2 kb	 0.0% Packages/com.unity.ai.inference/Runtime/Tokenization/Mappers/BpeMapper.InternalTokenizer.cs
 0.2 kb	 0.0% Packages/com.unity.ai.inference/Runtime/Tokenization/ISplitDelimiterBehavior.cs
 0.2 kb	 0.0% Packages/com.unity.ai.inference/Runtime/Tokenization/Decoders/RegexReplaceDecoder.cs
 0.2 kb	 0.0% Packages/com.unity.ai.inference/Runtime/Tokenization/Decoders/ByteFallBackDecoder.cs
 0.1 kb	 0.0% Packages/com.unity.xr.interaction.toolkit/Runtime/XRHelpURLConstants.deprecated.cs
 0.1 kb	 0.0% Packages/com.unity.xr.interaction.toolkit/Runtime/UI/TrackedDeviceEventData.cs
 0.1 kb	 0.0% Packages/com.unity.xr.interaction.toolkit/Runtime/Locomotion/XRBodyTransformer.cs
 0.1 kb	 0.0% Packages/com.unity.xr.interaction.toolkit/Runtime/Locomotion/Turning/SnapTurnProvider.cs
 0.1 kb	 0.0% Packages/com.unity.xr.interaction.toolkit/Runtime/Locomotion/Movement/GrabMoveProvider.cs
 0.1 kb	 0.0% Packages/com.unity.xr.interaction.toolkit/Runtime/Locomotion/LocomotionProvider.cs
 0.1 kb	 0.0% Packages/com.unity.xr.interaction.toolkit/Runtime/Locomotion/LocomotionMediator.cs
 0.1 kb	 0.0% Packages/com.unity.xr.interaction.toolkit/Runtime/Locomotion/Climbing/ClimbSettings.cs
 0.1 kb	 0.0% Packages/com.unity.xr.interaction.toolkit/Runtime/Locomotion/Climbing/ClimbProvider.cs
 0.1 kb	 0.0% Packages/com.unity.xr.interaction.toolkit/Runtime/Interaction/XRInteractionEvents.deprecated.cs
 0.1 kb	 0.0% Packages/com.unity.xr.interaction.toolkit/Runtime/Interaction/Transformers/IXRGrabTransformer.cs
 0.1 kb	 0.0% Packages/com.unity.xr.interaction.toolkit/Runtime/Interaction/Transformers/IXRDropTransformer.cs
 0.1 kb	 0.0% Packages/com.unity.xr.interaction.toolkit/Runtime/Interaction/Interactors/XRSocketInteractor.cs
 0.1 kb	 0.0% Packages/com.unity.xr.interaction.toolkit/Runtime/Interaction/Interactors/XRInteractionGroup.cs
 0.1 kb	 0.0% Packages/com.unity.xr.interaction.toolkit/Runtime/Interaction/Interactors/XRDirectInteractor.cs
 0.1 kb	 0.0% Packages/com.unity.xr.interaction.toolkit/Runtime/Interaction/Interactors/NearFarInteractor.cs
 0.1 kb	 0.0% Packages/com.unity.xr.interaction.toolkit/Runtime/Interaction/Interactors/IXRSelectInteractor.cs
 0.1 kb	 0.0% Packages/com.unity.xr.interaction.toolkit/Runtime/Interaction/Interactors/IXRInteractionGroup.cs
 0.1 kb	 0.0% Packages/com.unity.xr.interaction.toolkit/Runtime/Interaction/Interactors/IXRHoverInteractor.cs
 0.1 kb	 0.0% Packages/com.unity.xr.interaction.toolkit/Runtime/Interaction/Interactables/XRSimpleInteractable.cs
 0.1 kb	 0.0% Packages/com.unity.xr.interaction.toolkit/Runtime/Interaction/Interactables/XRGrabInteractable.cs
 0.1 kb	 0.0% Packages/com.unity.xr.interaction.toolkit/Runtime/Interaction/Interactables/XRBaseInteractable.cs
 0.1 kb	 0.0% Packages/com.unity.xr.interaction.toolkit/Runtime/Interaction/Interactables/IXRHoverInteractable.cs
 0.1 kb	 0.0% Packages/com.unity.xr.interaction.toolkit/Runtime/Interaction/Interactables/IXRFocusInteractable.cs
 0.1 kb	 0.0% Packages/com.unity.xr.interaction.toolkit/Runtime/Interaction/Attachment/IFarAttachProvider.cs
 0.1 kb	 0.0% Packages/com.unity.xr.interaction.toolkit/Runtime/AffordanceSystem/Jobs/FloatTweenJob.cs
 0.1 kb	 0.0% Packages/com.unity.xr.interaction.toolkit/Runtime/AffordanceSystem/Jobs/ColorTweenJob.cs
 0.1 kb	 0.0% Packages/com.unity.xr.interaction.toolkit/Runtime/AR/Interactables/ARAnnotationInteractable.deprecated.cs
 0.1 kb	 0.0% Packages/com.unity.xr.interaction.toolkit/Runtime/AR/Gestures/TwistGestureRecognizer.cs
 0.1 kb	 0.0% Packages/com.unity.xr.interaction.toolkit/Runtime/AR/Gestures/PinchGestureRecognizer.cs
 0.1 kb	 0.0% Packages/com.unity.xr.interaction.toolkit/Runtime/AR/Gestures/GestureTouchesUtility.cs
 0.1 kb	 0.0% Packages/com.unity.xr.interaction.toolkit/Runtime/AR/Gestures/DragGestureRecognizer.cs
 0.1 kb	 0.0% Packages/com.unity.xr.arfoundation/Runtime/ARSubsystems/PointCloudSubsystem/XRPointCloudSubsystemDescriptor.cs
 0.1 kb	 0.0% Packages/com.unity.xr.arfoundation/Runtime/ARSubsystems/PlaneTracking/PlaneClassification.deprecated.cs
 0.1 kb	 0.0% Packages/com.unity.xr.arfoundation/Runtime/ARSubsystems/ParticipantSubsystem/XRParticipantSubsystemDescriptor.cs
 0.1 kb	 0.0% Packages/com.unity.xr.arfoundation/Runtime/ARSubsystems/OcclusionSubsystem/XROcclusionSubsystemDescriptor.cs
 0.1 kb	 0.0% Packages/com.unity.xr.arfoundation/Runtime/ARSubsystems/ImageTrackingSubsystem/AddReferenceImageJobStatus.cs
 0.1 kb	 0.0% Packages/com.unity.xr.arfoundation/Runtime/ARSubsystems/HumanBodySubsystem/XRHumanBodySubsystemDescriptor.cs
 0.1 kb	 0.0% Packages/com.unity.xr.arfoundation/Runtime/ARSubsystems/BoundingBoxSubsystem/XRBoundingBoxSubsystemDescriptor.cs
 0.1 kb	 0.0% Packages/com.unity.xr.arfoundation/Runtime/ARFoundation/PlaneDetectionModeMaskAttribute.cs
 0.1 kb	 0.0% Packages/com.unity.xr.arfoundation/Runtime/ARFoundation/Deprecated/ARAnchorsChangedEventArgs.deprecated.cs
 0.1 kb	 0.0% Packages/com.unity.xr.arfoundation/Runtime/ARFoundation/ARSessionStateChangedEventArgs.cs
 0.1 kb	 0.0% Packages/com.unity.xr.arfoundation/Runtime/ARFoundation/ARPointCloudParticleVisualizer.cs
 0.1 kb	 0.0% Packages/com.unity.xr.arfoundation/Runtime/ARFoundation/ARPlaneBoundaryChangedEventArgs.cs
 0.1 kb	 0.0% Packages/com.unity.render-pipelines.universal/Runtime/UniversalRendererDebug.cs
 0.1 kb	 0.0% Packages/com.unity.render-pipelines.universal/Runtime/Passes/PostProcessPassRenderGraph.cs
 0.1 kb	 0.0% Packages/com.unity.render-pipelines.universal/Runtime/MotionVectors.cs
 0.1 kb	 0.0% Packages/com.unity.render-pipelines.universal/Runtime/Decal/DecalDrawErrorRenderPass.cs
 0.1 kb	 0.0% Packages/com.unity.render-pipelines.universal/Runtime/2D/Shadows/ShadowProvider/ShapeProviderUtility.cs
 0.1 kb	 0.0% Packages/com.unity.render-pipelines.universal/Runtime/2D/Shadows/ShadowCasterGroup2D.cs
 0.1 kb	 0.0% Packages/com.unity.render-pipelines.universal/Runtime/2D/Rendergraph/GlobalPropertiesPass.cs
 0.1 kb	 0.0% Packages/com.unity.render-pipelines.universal/Runtime/2D/Rendergraph/DrawRenderer2DPass.cs
 0.1 kb	 0.0% Packages/com.unity.render-pipelines.universal/Runtime/2D/PixelPerfectCamera.cs
 0.1 kb	 0.0% Packages/com.unity.render-pipelines.universal/Runtime/2D/Passes/Utility/Light2DLookupTexture.cs
 0.1 kb	 0.0% Packages/com.unity.render-pipelines.universal/Runtime/2D/Passes/Render2DLightingPass.cs
 0.1 kb	 0.0% Packages/com.unity.render-pipelines.universal/Runtime/2D/Light2DCullResult.cs
 0.1 kb	 0.0% Packages/com.unity.render-pipelines.universal/Runtime/2D/Light2DBlendStyle.cs
 0.1 kb	 0.0% Packages/com.unity.render-pipelines.core/Runtime/Utilities/BatchRendererGroupGlobals.cs
 0.1 kb	 0.0% Packages/com.unity.render-pipelines.core/Runtime/Settings/IncludeRenderPipelineAsset.cs
 0.1 kb	 0.0% Packages/com.unity.render-pipelines.core/Runtime/STP/ISTPEnabledRenderPipeline.cs
 0.1 kb	 0.0% Packages/com.unity.render-pipelines.core/Runtime/RenderGraph/RenderGraphUtilsBlit.cs
 0.1 kb	 0.0% Packages/com.unity.render-pipelines.core/Runtime/RenderGraph/RenderGraphResourceBuffer.cs
 0.1 kb	 0.0% Packages/com.unity.render-pipelines.core/Runtime/RenderGraph/RenderGraphLogger.cs
 0.1 kb	 0.0% Packages/com.unity.render-pipelines.core/Runtime/RenderGraph/RenderGraphGlobalSettings.cs
 0.1 kb	 0.0% Packages/com.unity.render-pipelines.core/Runtime/RenderGraph/RenderGraphBuilders.cs
 0.1 kb	 0.0% Packages/com.unity.render-pipelines.core/Runtime/RenderGraph/RenderGraphBuilder.cs
 0.1 kb	 0.0% Packages/com.unity.render-pipelines.core/Runtime/RenderGraph/IRenderGraphRecorder.cs
 0.1 kb	 0.0% Packages/com.unity.render-pipelines.core/Runtime/Lighting/ProbeVolume/ShaderVariablesProbeVolumes.cs
 0.1 kb	 0.0% Packages/com.unity.render-pipelines.core/Runtime/Lighting/ProbeVolume/ProbeVolumeStreamableAsset.cs
 0.1 kb	 0.0% Packages/com.unity.render-pipelines.core/Runtime/Lighting/ProbeVolume/ProbeVolumeScratchBufferPool.cs
 0.1 kb	 0.0% Packages/com.unity.render-pipelines.core/Runtime/Lighting/ProbeVolume/ProbeVolumeGlobalSettings.cs
 0.1 kb	 0.0% Packages/com.unity.render-pipelines.core/Runtime/GPUDriven/InstanceData/InstanceWindDataUpdateDefs.cs
 0.1 kb	 0.0% Packages/com.unity.render-pipelines.core/Runtime/GPUDriven/InstanceData/InstanceTransformUpdateDefs.cs
 0.1 kb	 0.0% Packages/com.unity.render-pipelines.core/Runtime/GPUDriven/InstanceData/GPUInstanceDataUploader.cs
 0.1 kb	 0.0% Packages/com.unity.render-pipelines.core/Runtime/GPUDriven/GPUResidentDrawerTypes.cs
 0.1 kb	 0.0% Packages/com.unity.render-pipelines.core/Runtime/Debugging/Prefabs/Scripts/DebugUIHandlerToggleHistory.cs
 0.1 kb	 0.0% Packages/com.unity.render-pipelines.core/Runtime/Debugging/Prefabs/Scripts/DebugUIHandlerProgressBar.cs
 0.1 kb	 0.0% Packages/com.unity.render-pipelines.core/Runtime/Debugging/Prefabs/Scripts/DebugUIHandlerIndirectToggle.cs
 0.1 kb	 0.0% Packages/com.unity.render-pipelines.core/Runtime/Debugging/Prefabs/Scripts/DebugUIHandlerEnumHistory.cs
 0.1 kb	 0.0% Packages/com.unity.render-pipelines.core/Runtime/Debugging/IDebugDisplaySettingsQuery.cs
 0.1 kb	 0.0% Packages/com.unity.render-pipelines.core/Runtime/Debugging/IDebugDisplaySettingsPanel.cs
 0.1 kb	 0.0% Packages/com.unity.render-pipelines.core/Runtime/Debugging/IDebugDisplaySettingsData.cs
 0.1 kb	 0.0% Packages/com.unity.render-pipelines.core/Runtime/Debugging/DebugDisplaySettingsVolumes.cs
 0.1 kb	 0.0% Packages/com.unity.render-pipelines.core/Runtime/Debugging/DebugDisplaySettingsPanel.cs
 0.1 kb	 0.0% Packages/com.unity.inputsystem/InputSystem/Plugins/InputForUI/InputActionAssetVerifier.cs
 0.1 kb	 0.0% Packages/com.unity.inputsystem/InputSystem/Editor/UITKAssetEditor/Views/CompositeBindingPropertiesView.cs
 0.1 kb	 0.0% Packages/com.unity.inputsystem/InputSystem/Editor/UITKAssetEditor/InputActionsEditorWindowUtils.cs
 0.1 kb	 0.0% Packages/com.unity.inputsystem/InputSystem/Editor/PropertyDrawers/InputActionAssetSearchProvider.cs
 0.1 kb	 0.0% Packages/com.unity.inputsystem/InputSystem/Editor/ProjectWideActions/ProjectWideActionsBuildProvider.cs
 0.1 kb	 0.0% Packages/com.unity.inputsystem/InputSystem/Editor/Internal/SerializedPropertyLinqExtensions.cs
 0.1 kb	 0.0% Packages/com.unity.inputsystem/InputSystem/Editor/Internal/InputActionSerializationHelpers.cs
 0.1 kb	 0.0% Packages/com.unity.inputsystem/InputSystem/Editor/EditorInputControlLayoutCache.cs
 0.1 kb	 0.0% Packages/com.unity.inputsystem/InputSystem/Editor/ControlPicker/Layouts/TouchscreenControlPickerLayout.cs
 0.1 kb	 0.0% Packages/com.unity.inputsystem/InputSystem/Editor/ControlPicker/Layouts/DefaultInputControlPickerLayout.cs
 0.1 kb	 0.0% Packages/com.unity.inputsystem/InputSystem/Editor/Analytics/VirtualMouseInputEditorAnalytic.cs
 0.1 kb	 0.0% Packages/com.unity.inputsystem/InputSystem/Editor/Analytics/PlayerInputManagerEditorAnalytic.cs
 0.1 kb	 0.0% Packages/com.unity.inputsystem/InputSystem/Devices/Commands/QuerySamplingFrequencyCommand.cs
 0.1 kb	 0.0% Packages/com.unity.inputsystem/InputSystem/Devices/Commands/QueryPairedUserAccountCommand.cs
 0.1 kb	 0.0% Packages/com.unity.dt.app-ui/Runtime/InternalBridge/VisualElementExtensionsBridge.cs
 0.1 kb	 0.0% Packages/com.unity.dt.app-ui/Runtime/InternalBridge/ValueAnimationExtensionsBridge.cs
 0.1 kb	 0.0% Packages/com.unity.dt.app-ui/Runtime/InternalBridge/PointerMoveEventExtensionsBridge.cs
 0.1 kb	 0.0% Packages/com.unity.dt.app-ui/Runtime/InternalBridge/FocusControllerExtensionsBridge.cs
 0.1 kb	 0.0% Packages/com.unity.ai.inference/Runtime/Tokenization/Truncators/IRangeGenerator.cs
 0.1 kb	 0.0% Packages/com.unity.ai.inference/Runtime/Tokenization/Truncators/GenericTruncator.cs
 0.1 kb	 0.0% Packages/com.unity.ai.inference/Runtime/Tokenization/Truncators/DefaultTruncator.cs
 0.1 kb	 0.0% Packages/com.unity.ai.inference/Runtime/Tokenization/Tokenizer.SequenceMergeOutput.cs
 0.1 kb	 0.0% Packages/com.unity.ai.inference/Runtime/Tokenization/PreTokenizers/IPreTokenizer.cs
 0.1 kb	 0.0% Packages/com.unity.ai.inference/Runtime/Tokenization/PreTokenizers/BertPreTokenizer.cs
 0.1 kb	 0.0% Packages/com.unity.ai.inference/Runtime/Tokenization/Parsers/HuggingFace/HfAttribute.cs
 0.1 kb	 0.0% Packages/com.unity.ai.inference/Runtime/Tokenization/Normalizers/StripNormalizer.cs
 0.1 kb	 0.0% Packages/com.unity.ai.inference/Runtime/Tokenization/Normalizers/NmtNormalizer.cs
 0.1 kb	 0.0% Packages/com.unity.ai.inference/Runtime/Tokenization/Normalizers/Lowercase.cs
 0.1 kb	 0.0% Packages/com.unity.ai.inference/Runtime/Tokenization/Normalizers/BertNormalizer.cs
 0.1 kb	 0.0% Packages/com.unity.ai.inference/Runtime/Tokenization/Normalizers/AppendNormalizer.cs
 0.1 kb	 0.0% Packages/com.unity.ai.inference/Runtime/Tokenization/Mappers/UnigramMapper.Entry.cs
 0.1 kb	 0.0% Packages/com.unity.ai.inference/Runtime/Tokenization/Mappers/BpeMapper.DefaultMerger.cs
 0.1 kb	 0.0% Packages/com.unity.ai.inference/Runtime/Tokenization/AddedVocabulary.SearchTree.cs
 0.1 kb	 0.0% Packages/com.unity.ai.inference/Runtime/Core/Compiler/Validation/ValidateShapeInference.cs
 0.1 kb	 0.0% Packages/com.unity.ai.inference/Runtime/Core/Compiler/Passes/RemoveDuplicatesPass.cs
 0.1 kb	 0.0% Packages/com.unity.ai.inference/Runtime/Core/Compiler/Passes/FuseLinearLayersPass.cs
 0.1 kb	 0.0% Packages/com.unity.ai.inference/Runtime/Core/Compiler/Passes/FuseConstantsPass.cs
 0.1 kb	 0.0% Packages/com.unity.ai.inference/Runtime/Core/Compiler/Passes/FuseActivationsPass.cs
 0.1 kb	 0.0% Packages/com.unity.ai.inference/Runtime/Core/Compiler/Passes/EinsumToMatMulPass.cs
 0.1 kb	 0.0% Packages/com.unity.xr.legacyinputhelpers/Runtime/ArmModels/TransitionArmModel.cs
 0.1 kb	 0.0% Packages/com.unity.xr.interaction.toolkit/Runtime/Utilities/TeleportationMonitor.cs
 0.1 kb	 0.0% Packages/com.unity.xr.interaction.toolkit/Runtime/Utilities/Locomotion/LocomotionUtility.cs
 0.1 kb	 0.0% Packages/com.unity.xr.interaction.toolkit/Runtime/Utilities/BurstPhysicsUtils.cs
 0.1 kb	 0.0% Packages/com.unity.xr.interaction.toolkit/Runtime/UI/BodyUI/FollowPresetDatum.cs
 0.1 kb	 0.0% Packages/com.unity.xr.interaction.toolkit/Runtime/Interaction/XRInteractionUpdateOrder.cs
 0.1 kb	 0.0% Packages/com.unity.xr.interaction.toolkit/Runtime/Interaction/Layers/InteractionLayerSettings.cs
 0.1 kb	 0.0% Packages/com.unity.xr.interaction.toolkit/Runtime/Interaction/Filtering/Target/Filters/XRBaseTargetFilter.cs
 0.1 kb	 0.0% Packages/com.unity.xr.interaction.toolkit/Runtime/Interaction/Filtering/Target/Evaluators/XRTargetEvaluator.cs
 0.1 kb	 0.0% Packages/com.unity.xr.interaction.toolkit/Runtime/Interaction/Filtering/Target/Evaluators/XRDistanceEvaluator.cs
 0.1 kb	 0.0% Packages/com.unity.xr.interaction.toolkit/Runtime/Interaction/Filtering/Target/Evaluators/XRAngleGazeEvaluator.cs
 0.1 kb	 0.0% Packages/com.unity.xr.interaction.toolkit/Runtime/Interaction/Filtering/Poke/PokeThresholdDatum.cs
 0.1 kb	 0.0% Packages/com.unity.xr.interaction.toolkit/Runtime/Interaction/Filtering/Poke/PokeThresholdData.cs
 0.1 kb	 0.0% Packages/com.unity.xr.interaction.toolkit/Runtime/Interaction/Controllers/XRScreenSpaceController.cs
 0.1 kb	 0.0% Packages/com.unity.xr.interaction.toolkit/Runtime/Interaction/Controllers/XRControllerState.deprecated.cs
 0.1 kb	 0.0% Packages/com.unity.xr.interaction.toolkit/Runtime/Interaction/Controllers/XRControllerRecording.cs
 0.1 kb	 0.0% Packages/com.unity.xr.interaction.toolkit/Runtime/Interaction/Controllers/ActionBasedController.cs
 0.1 kb	 0.0% Packages/com.unity.xr.interaction.toolkit/Runtime/Inputs/Simulation/XRSimulatedHMD.cs
 0.1 kb	 0.0% Packages/com.unity.xr.interaction.toolkit/Runtime/Inputs/InputActionUtility.cs
 0.1 kb	 0.0% Packages/com.unity.xr.interaction.toolkit/Runtime/Inputs/InputActionManager.cs
 0.1 kb	 0.0% Packages/com.unity.xr.interaction.toolkit/Runtime/Inputs/Haptics/HapticsUtility.cs
 0.1 kb	 0.0% Packages/com.unity.xr.interaction.toolkit/Runtime/Feedback/SimpleHapticFeedback.cs
 0.1 kb	 0.0% Packages/com.unity.xr.interaction.toolkit/Runtime/Feedback/SimpleAudioFeedback.cs
 0.1 kb	 0.0% Packages/com.unity.xr.arfoundation/Runtime/InternalUtils/XRManagerUtility.cs
 0.1 kb	 0.0% Packages/com.unity.xr.arfoundation/Runtime/InternalUtils/SubsystemUtils.cs
 0.1 kb	 0.0% Packages/com.unity.xr.arfoundation/Runtime/ARSubsystems/OcclusionSubsystem/HumanSegmentationStencilMode.cs
 0.1 kb	 0.0% Packages/com.unity.xr.arfoundation/Runtime/ARSubsystems/OcclusionSubsystem/HumanSegmentationDepthMode.cs
 0.1 kb	 0.0% Packages/com.unity.xr.arfoundation/Runtime/ARFoundation/Deprecated/ARPlanesChangedEventArgs.deprecated.cs
 0.1 kb	 0.0% Packages/com.unity.xr.arfoundation/Runtime/ARFoundation/Deprecated/ARFacesChangedEventArgs.deprecated.cs
 0.1 kb	 0.0% Packages/com.unity.rendering.light-transport/Runtime/UnifiedRayTracing/Compute/RadeonRays/HlbvhTopLevelBuilder.cs
 0.1 kb	 0.0% Packages/com.unity.rendering.light-transport/Runtime/UnifiedRayTracing/Common/Utilities/GraphicsHelpers.cs
 0.1 kb	 0.0% Packages/com.unity.rendering.light-transport/Runtime/UnifiedRayTracing/Common/Utilities/BlockAllocator.cs
 0.1 kb	 0.0% Packages/com.unity.rendering.light-transport/Runtime/UnifiedRayTracing/Common/Utilities/BackendHelpers.cs
 0.1 kb	 0.0% Packages/com.unity.rendering.light-transport/Runtime/UnifiedRayTracing/Common/TerrainToMesh.cs
 0.1 kb	 0.0% Packages/com.unity.rendering.light-transport/Runtime/Sampling/SamplingResources.cs
 0.1 kb	 0.0% Packages/com.unity.render-pipelines.universal/Runtime/XR/XRSystemUniversal.cs
 0.1 kb	 0.0% Packages/com.unity.render-pipelines.universal/Runtime/UniversalRenderer.cs
 0.1 kb	 0.0% Packages/com.unity.render-pipelines.universal/Runtime/SpaceFillingCurves.cs
 0.1 kb	 0.0% Packages/com.unity.render-pipelines.universal/Runtime/Settings/RenderGraphSettings.cs
 0.1 kb	 0.0% Packages/com.unity.render-pipelines.universal/Runtime/ScriptableRenderer.cs
 0.1 kb	 0.0% Packages/com.unity.render-pipelines.universal/Runtime/SceneViewDrawMode.cs
 0.1 kb	 0.0% Packages/com.unity.render-pipelines.universal/Runtime/RenderingLayerUtils.cs
 0.1 kb	 0.0% Packages/com.unity.render-pipelines.universal/Runtime/RendererFeatures/ScreenSpaceShadows.cs
 0.1 kb	 0.0% Packages/com.unity.render-pipelines.universal/Runtime/RendererFeatures/DecalRendererFeature.cs
 0.1 kb	 0.0% Packages/com.unity.render-pipelines.universal/Runtime/RenderTargetHandle.cs
 0.1 kb	 0.0% Packages/com.unity.render-pipelines.universal/Runtime/RenderPipelineResources/Renderer2DResources.cs
 0.1 kb	 0.0% Packages/com.unity.render-pipelines.universal/Runtime/PostProcessPasses.cs
 0.1 kb	 0.0% Packages/com.unity.render-pipelines.universal/Runtime/Passes/XROcclusionMeshPass.cs
 0.1 kb	 0.0% Packages/com.unity.render-pipelines.universal/Runtime/Passes/XRDepthMotionPass.cs
 0.1 kb	 0.0% Packages/com.unity.render-pipelines.universal/Runtime/Passes/ScriptableRenderPass.cs
 0.1 kb	 0.0% Packages/com.unity.render-pipelines.universal/Runtime/Passes/RenderObjectsPass.cs
 0.1 kb	 0.0% Packages/com.unity.render-pipelines.universal/Runtime/Passes/ProbeVolumeDebugPass.cs
 0.1 kb	 0.0% Packages/com.unity.render-pipelines.universal/Runtime/Passes/FinalBlitPass.cs
 0.1 kb	 0.0% Packages/com.unity.render-pipelines.universal/Runtime/Passes/DrawObjectsPass.cs
 0.1 kb	 0.0% Packages/com.unity.render-pipelines.universal/Runtime/Passes/DepthOnlyPass.cs
 0.1 kb	 0.0% Packages/com.unity.render-pipelines.universal/Runtime/Passes/CopyDepthPass.cs
 0.1 kb	 0.0% Packages/com.unity.render-pipelines.universal/Runtime/Passes/CopyColorPass.cs
 0.1 kb	 0.0% Packages/com.unity.render-pipelines.universal/Runtime/Overrides/ScreenSpaceLensFlare.cs
 0.1 kb	 0.0% Packages/com.unity.render-pipelines.universal/Runtime/Overrides/ChromaticAberration.cs
 0.1 kb	 0.0% Packages/com.unity.render-pipelines.universal/Runtime/LightCookieManager.cs
 0.1 kb	 0.0% Packages/com.unity.render-pipelines.universal/Runtime/History/SingleHistoryBase.cs
 0.1 kb	 0.0% Packages/com.unity.render-pipelines.universal/Runtime/FrameData/UniversalShadowData.cs
 0.1 kb	 0.0% Packages/com.unity.render-pipelines.universal/Runtime/FrameData/UniversalLightData.cs
 0.1 kb	 0.0% Packages/com.unity.render-pipelines.universal/Runtime/FrameData/UniversalCameraData.cs
 0.1 kb	 0.0% Packages/com.unity.render-pipelines.universal/Runtime/ForwardRendererData.cs
 0.1 kb	 0.0% Packages/com.unity.render-pipelines.universal/Runtime/ForwardLights.cs
 0.1 kb	 0.0% Packages/com.unity.render-pipelines.universal/Runtime/DeferredLights.cs
 0.1 kb	 0.0% Packages/com.unity.render-pipelines.universal/Runtime/Decal/Entities/DecalEntityManager.cs
 0.1 kb	 0.0% Packages/com.unity.render-pipelines.universal/Runtime/Decal/DecalShaderPassNames.cs
 0.1 kb	 0.0% Packages/com.unity.render-pipelines.universal/Runtime/Decal/DBuffer/DBufferRenderPass.cs
 0.1 kb	 0.0% Packages/com.unity.render-pipelines.universal/Runtime/Decal/DBuffer/DBufferDepthCopyPass.cs
 0.1 kb	 0.0% Packages/com.unity.render-pipelines.universal/Runtime/2D/Rendergraph/Renderer2DRendergraph.cs
 0.1 kb	 0.0% Packages/com.unity.render-pipelines.core/Runtime/RenderGraph/RenderGraphResources.cs
 0.1 kb	 0.0% Packages/com.unity.render-pipelines.core/Runtime/RenderGraph/RenderGraph.DebugData.cs
 0.1 kb	 0.0% Packages/com.unity.render-pipelines.core/Runtime/Lighting/ProbeVolume/ProbeReferenceVolume.Streaming.cs
 0.1 kb	 0.0% Packages/com.unity.render-pipelines.core/Runtime/Lighting/ProbeVolume/ProbeReferenceVolume.Debug.cs
 0.1 kb	 0.0% Packages/com.unity.render-pipelines.core/Runtime/GPUDriven/Utilities/ParallelSortExtensions.cs
 0.1 kb	 0.0% Packages/com.unity.render-pipelines.core/Runtime/GPUDriven/RenderersBatchersContext.cs
 0.1 kb	 0.0% Packages/com.unity.render-pipelines.core/Runtime/GPUDriven/OcclusionCullingCommon.cs
 0.1 kb	 0.0% Packages/com.unity.render-pipelines.core/Runtime/GPUDriven/LODGroupRenderingUtils.cs
 0.1 kb	 0.0% Packages/com.unity.render-pipelines.core/Runtime/GPUDriven/LODGroupDataPoolBurst.cs
 0.1 kb	 0.0% Packages/com.unity.render-pipelines.core/Runtime/GPUDriven/InstanceData/InstanceDataSystemBurst.cs
 0.1 kb	 0.0% Packages/com.unity.render-pipelines.core/Runtime/GPUDriven/InstanceData/GPUInstanceDataBuffer.cs
 0.1 kb	 0.0% Packages/com.unity.render-pipelines.core/Runtime/GPUDriven/InstanceCullingBatcher.cs
 0.1 kb	 0.0% Packages/com.unity.render-pipelines.core/Runtime/GPUDriven/GPUResidentDrawerDebug.cs
 0.1 kb	 0.0% Packages/com.unity.render-pipelines.core/Runtime/GPUDriven/GPUResidentDrawerBurst.cs
 0.1 kb	 0.0% Packages/com.unity.render-pipelines.core/Runtime/GPUDriven/GPUResidentDrawer.Validator.cs
 0.1 kb	 0.0% Packages/com.unity.render-pipelines.core/Runtime/GPUDriven/GPUResidentBatcher.SpeedTree.cs
 0.1 kb	 0.0% Packages/com.unity.render-pipelines.core/Runtime/GPUDriven/Components/DisallowSmallMeshCulling.cs
 0.1 kb	 0.0% Packages/com.unity.inputsystem/InputSystem/Utilities/DisplayStringFormatAttribute.cs
 0.1 kb	 0.0% Packages/com.unity.inputsystem/InputSystem/Plugins/XR/Haptics/SendBufferedHapticsCommand.cs
 0.1 kb	 0.0% Packages/com.unity.inputsystem/InputSystem/Plugins/XR/Haptics/GetHapticCapabilitiesCommand.cs
 0.1 kb	 0.0% Packages/com.unity.inputsystem/InputSystem/Plugins/XR/Haptics/GetCurrentHapticStateCommand.cs
 0.1 kb	 0.0% Packages/com.unity.inputsystem/InputSystem/Plugins/UI/ExtendedSubmitCancelEventData.cs
 0.1 kb	 0.0% Packages/com.unity.inputsystem/InputSystem/Plugins/Android/AndroidGameController.cs
 0.1 kb	 0.0% Packages/com.unity.inputsystem/InputSystem/Controls/Processors/NormalizeVector3Processor.cs
 0.1 kb	 0.0% Packages/com.unity.inputsystem/InputSystem/Controls/Processors/NormalizeVector2Processor.cs
 0.1 kb	 0.0% Packages/com.unity.inputsystem/InputSystem/Controls/Processors/EditorWindowSpaceProcessor.cs
 0.1 kb	 0.0% Packages/com.unity.inputsystem/InputSystem/Controls/Processors/CompensateRotationProcessor.cs
 0.1 kb	 0.0% Packages/com.unity.inputsystem/InputSystem/Controls/Processors/CompensateDirectionProcessor.cs
 0.1 kb	 0.0% Packages/com.unity.collections/Unity.Collections/UnsafeParallelHashSetExtensions.gen.cs
 0.1 kb	 0.0% Packages/com.unity.collections/Unity.Collections/UnsafeParallelHashMap.cs
 0.1 kb	 0.0% Packages/com.unity.ai.inference/Runtime/Tokenization/Tokenizer.TruncationOutput.cs
 0.1 kb	 0.0% Packages/com.unity.ai.inference/Runtime/Tokenization/TokenConfiguration.cs
 0.1 kb	 0.0% Packages/com.unity.ai.inference/Runtime/Tokenization/TextElementUtility.cs
 0.1 kb	 0.0% Packages/com.unity.ai.inference/Runtime/Tokenization/PostProcessors/Templating/Template.cs
 0.1 kb	 0.0% Packages/com.unity.ai.inference/Runtime/Tokenization/PostProcessors/Templating/Sequence.cs
 0.1 kb	 0.0% Packages/com.unity.ai.inference/Runtime/Tokenization/PostProcessors/Templating/Piece.cs
 0.1 kb	 0.0% Packages/com.unity.ai.inference/Runtime/Tokenization/Padding/DefaultPadding.cs
 0.1 kb	 0.0% Packages/com.unity.ai.inference/Runtime/Tokenization/Mappers/WordPieceMapper.cs
 0.1 kb	 0.0% Packages/com.unity.ai.inference/Runtime/Tokenization/Mappers/WordLevelMapper.cs
 0.1 kb	 0.0% Packages/com.unity.ai.inference/Runtime/Tokenization/Mappers/UnigramMapper.cs
 0.1 kb	 0.0% Packages/com.unity.ai.inference/Runtime/Tokenization/Mappers/BpeMapper.Mergeable.cs
 0.1 kb	 0.0% Packages/com.unity.ai.inference/Runtime/Tokenization/Internal/AhoCorasickSearch.cs
 0.1 kb	 0.0% Packages/com.unity.ai.inference/Runtime/Tokenization/DisposablePointer.cs
 0.1 kb	 0.0% Packages/com.unity.ai.inference/Runtime/Tokenization/Decoders/WordPieceDecoder.cs
 0.1 kb	 0.0% Packages/com.unity.ai.inference/Runtime/Tokenization/Decoders/SequenceDecoder.cs
 0.1 kb	 0.0% Packages/com.unity.ai.inference/Runtime/Tokenization/Decoders/ReplaceDecoder.cs
 0.1 kb	 0.0% Packages/com.unity.ai.inference/Runtime/Tokenization/Decoders/MetaspaceDecoder.cs
 0.1 kb	 0.0% Packages/com.unity.ai.inference/Runtime/Tokenization/Decoders/DefaultDecoder.cs
 0.1 kb	 0.0% Packages/com.unity.ai.inference/Runtime/Tokenization/Decoders/ByteLevelDecoder.cs
 0.1 kb	 0.0% Packages/com.unity.ai.inference/Runtime/Core/Compiler/Analyser/PartialInferenceAnalysis.cs
 0.1 kb	 0.0% Packages/com.unity.ai.inference/Runtime/Core/Compiler/Analyser/MemoryFootprintAnalysis.cs
 0.1 kb	 0.0% Packages/com.unity.xr.interaction.toolkit/Runtime/Utilities/Collections/NativeCurve.cs
 0.1 kb	 0.0% Packages/com.unity.xr.interaction.toolkit/Runtime/UI/TrackedDeviceModel.cs
 0.1 kb	 0.0% Packages/com.unity.xr.interaction.toolkit/Runtime/Locomotion/XRMovableBody.cs
 0.1 kb	 0.0% Packages/com.unity.xr.interaction.toolkit/Runtime/Interaction/XRInteractionEvents.cs
 0.1 kb	 0.0% Packages/com.unity.xr.interaction.toolkit/Runtime/Interaction/Transformers/ARTransformer.cs
 0.1 kb	 0.0% Packages/com.unity.xr.interaction.toolkit/Runtime/Interaction/Interactors/XRRayInteractor.cs
 0.1 kb	 0.0% Packages/com.unity.xr.interaction.toolkit/Runtime/Interaction/Interactors/XRPokeInteractor.cs
 0.1 kb	 0.0% Packages/com.unity.xr.interaction.toolkit/Runtime/Interaction/Interactors/XRGazeInteractor.cs
 0.1 kb	 0.0% Packages/com.unity.xr.interaction.toolkit/Runtime/Interaction/Interactors/XRBaseInteractor.cs
 0.1 kb	 0.0% Packages/com.unity.xr.interaction.toolkit/Runtime/Interaction/Interactors/IXRRayProvider.cs
 0.1 kb	 0.0% Packages/com.unity.xr.interaction.toolkit/Runtime/Interaction/Interactors/IXRInteractor.cs
 0.1 kb	 0.0% Packages/com.unity.xr.interaction.toolkit/Runtime/Interaction/Interactors/IXRGroupMember.cs
 0.1 kb	 0.0% Packages/com.unity.xr.interaction.toolkit/Runtime/Interaction/Interactables/IXRInteractable.cs
 0.1 kb	 0.0% Packages/com.unity.xr.interaction.toolkit/Runtime/Interaction/Controllers/InteractionState.deprecated.cs
 0.1 kb	 0.0% Packages/com.unity.xr.interaction.toolkit/Runtime/AR/Gestures/TwoFingerDragGesture.cs
 0.1 kb	 0.0% Packages/com.unity.xr.interaction.toolkit/Runtime/AR/Gestures/TapGestureRecognizer.cs
 0.1 kb	 0.0% Packages/com.unity.xr.core-utils/Runtime/CapabilityProfile/Dictionary/CustomCapabilityKeyAttribute.cs
 0.1 kb	 0.0% Packages/com.unity.xr.arfoundation/Runtime/VisualScripting/Constants.cs
 0.1 kb	 0.0% Packages/com.unity.xr.arfoundation/Runtime/ARSubsystems/SessionSubsystem/XRSessionSubsystemDescriptor.cs
 0.1 kb	 0.0% Packages/com.unity.xr.arfoundation/Runtime/ARSubsystems/RaycastSubsystem/XRRaycastSubsystemDescriptor.cs
 0.1 kb	 0.0% Packages/com.unity.xr.arfoundation/Runtime/ARSubsystems/PlaneTracking/XRPlaneSubsystemDescriptor.cs
 0.1 kb	 0.0% Packages/com.unity.xr.arfoundation/Runtime/ARSubsystems/ObjectTrackingSubsystem/XRObjectTrackingSubsystem.cs
 0.1 kb	 0.0% Packages/com.unity.xr.arfoundation/Runtime/ARSubsystems/ImageTrackingSubsystem/RuntimeReferenceImageLibrary.cs
 0.1 kb	 0.0% Packages/com.unity.xr.arfoundation/Runtime/ARSubsystems/ImageTrackingSubsystem/AddReferenceImageJobState.cs
 0.1 kb	 0.0% Packages/com.unity.xr.arfoundation/Runtime/ARSubsystems/FaceSubsystem/XRFaceSubsystemDescriptor.cs
 0.1 kb	 0.0% Packages/com.unity.xr.arfoundation/Runtime/ARSubsystems/EnvironmentProbeSubsystem/XREnvironmentProbeSubsystem.cs
 0.1 kb	 0.0% Packages/com.unity.xr.arfoundation/Runtime/ARSubsystems/Configuration/DefaultConfigurationChooser.cs
 0.1 kb	 0.0% Packages/com.unity.xr.arfoundation/Runtime/ARSubsystems/CameraSubsystem/XRCameraSubsystemDescriptor.cs
 0.1 kb	 0.0% Packages/com.unity.xr.arfoundation/Runtime/ARSubsystems/AnchorSubsystem/XRAnchorSubsystemDescriptor.cs
 0.1 kb	 0.0% Packages/com.unity.xr.arfoundation/Runtime/ARFoundation/Deprecated/ARPlaneMeshGenerators.deprecated.cs
 0.1 kb	 0.0% Packages/com.unity.xr.arfoundation/Runtime/ARFoundation/ARRaycastUpdatedEventArgs.cs
 0.1 kb	 0.0% Packages/com.unity.xr.arfoundation/Runtime/ARFoundation/ARPointCloudUpdatedEventArgs.cs
 0.1 kb	 0.0% Packages/com.unity.xr.arfoundation/Runtime/ARFoundation/ARPointCloudMeshVisualizer.cs
 0.1 kb	 0.0% Packages/com.unity.xr.arfoundation/Runtime/ARFoundation/AROcclusionFrameEventArgs.cs
 0.1 kb	 0.0% Packages/com.unity.xr.arfoundation/Runtime/ARFoundation/AREnvironmentProbeManager.cs
 0.1 kb	 0.0% Packages/com.unity.xr.arfoundation/Runtime/ARFoundation/ARBackgroundRendererFeature.cs
 0.1 kb	 0.0% Packages/com.unity.render-pipelines.universal/Runtime/RTHandleUtils.cs
 0.1 kb	 0.0% Packages/com.unity.render-pipelines.universal/Runtime/NativeRenderPass.cs
 0.1 kb	 0.0% Packages/com.unity.render-pipelines.universal/Runtime/2D/UTess2D/Tessellator.cs
 0.1 kb	 0.0% Packages/com.unity.render-pipelines.universal/Runtime/2D/UTess2D/PlanarGraph.cs
 0.1 kb	 0.0% Packages/com.unity.render-pipelines.universal/Runtime/2D/Shadows/ShadowRendering.cs
 0.1 kb	 0.0% Packages/com.unity.render-pipelines.universal/Runtime/2D/Shadows/ShadowProvider/ShadowUtility.cs
 0.1 kb	 0.0% Packages/com.unity.render-pipelines.universal/Runtime/2D/Shadows/ShadowProvider/ShadowShape2D.cs
 0.1 kb	 0.0% Packages/com.unity.render-pipelines.universal/Runtime/2D/Shadows/ShadowProvider/EdgeDictionary.cs
 0.1 kb	 0.0% Packages/com.unity.render-pipelines.universal/Runtime/2D/Shadows/ShadowCaster2D.cs
 0.1 kb	 0.0% Packages/com.unity.render-pipelines.universal/Runtime/2D/Rendergraph/DrawShadow2DPass.cs
 0.1 kb	 0.0% Packages/com.unity.render-pipelines.universal/Runtime/2D/Rendergraph/DrawNormal2DPass.cs
 0.1 kb	 0.0% Packages/com.unity.render-pipelines.universal/Runtime/2D/Rendergraph/DrawLight2DPass.cs
 0.1 kb	 0.0% Packages/com.unity.render-pipelines.universal/Runtime/2D/Renderer2DData.cs
 0.1 kb	 0.0% Packages/com.unity.render-pipelines.universal/Runtime/2D/Passes/Utility/RendererLighting.cs
 0.1 kb	 0.0% Packages/com.unity.render-pipelines.universal/Runtime/2D/Passes/IRenderPass2D.cs
 0.1 kb	 0.0% Packages/com.unity.render-pipelines.universal/Runtime/2D/Light2DManager.cs
 0.1 kb	 0.0% Packages/com.unity.render-pipelines.universal-config/Runtime/ShaderConfig.cs
 0.1 kb	 0.0% Packages/com.unity.render-pipelines.core/Runtime/XR/XRGraphicsAutomatedTests.cs
 0.1 kb	 0.0% Packages/com.unity.render-pipelines.core/Runtime/Textures/PowerOfTwoTextureAtlas.cs
 0.1 kb	 0.0% Packages/com.unity.render-pipelines.core/Runtime/Textures/BufferedRTHandleSystem.cs
 0.1 kb	 0.0% Packages/com.unity.render-pipelines.core/Runtime/Settings/ShaderStrippingSetting.cs
 0.1 kb	 0.0% Packages/com.unity.render-pipelines.core/Runtime/RenderPipeline/RenderPipelineResources.cs
 0.1 kb	 0.0% Packages/com.unity.render-pipelines.core/Runtime/RenderGraph/RenderGraphPass.cs
 0.1 kb	 0.0% Packages/com.unity.render-pipelines.core/Runtime/RenderGraph/RenderGraph.Compiler.cs
 0.1 kb	 0.0% Packages/com.unity.render-pipelines.core/Runtime/PostProcessing/LensFlareComponentSRP.cs
 0.1 kb	 0.0% Packages/com.unity.render-pipelines.core/Runtime/PostProcessing/IPostProcessComponent.cs
 0.1 kb	 0.0% Packages/com.unity.render-pipelines.core/Runtime/Lighting/ProbeVolume/ProbeVolumePositioning.cs
 0.1 kb	 0.0% Packages/com.unity.render-pipelines.core/Runtime/Lighting/ProbeVolume/ProbeVolumePerSceneData.cs
 0.1 kb	 0.0% Packages/com.unity.render-pipelines.core/Runtime/Lighting/ProbeVolume/ProbeReferenceVolume.Binding.cs
 0.1 kb	 0.0% Packages/com.unity.render-pipelines.core/Runtime/Lighting/ProbeVolume/ProbeAdjustmentVolume.cs
 0.1 kb	 0.0% Packages/com.unity.render-pipelines.core/Runtime/GPUDriven/InstanceOcclusionCuller.cs
 0.1 kb	 0.0% Packages/com.unity.render-pipelines.core/Runtime/GPUDriven/InstanceData/InstanceDataSystem.Jobs.cs
 0.1 kb	 0.0% Packages/com.unity.render-pipelines.core/Runtime/Debugging/ShaderDebugPrintManager.cs
 0.1 kb	 0.0% Packages/com.unity.render-pipelines.core/Runtime/Debugging/Prefabs/Scripts/DebugUIHandlerVector4.cs
 0.1 kb	 0.0% Packages/com.unity.render-pipelines.core/Runtime/Debugging/Prefabs/Scripts/DebugUIHandlerVector3.cs
 0.1 kb	 0.0% Packages/com.unity.render-pipelines.core/Runtime/Debugging/Prefabs/Scripts/DebugUIHandlerVector2.cs
 0.1 kb	 0.0% Packages/com.unity.render-pipelines.core/Runtime/Debugging/Prefabs/Scripts/DebugUIHandlerValueTuple.cs
 0.1 kb	 0.0% Packages/com.unity.render-pipelines.core/Runtime/Debugging/Prefabs/Scripts/DebugUIHandlerUIntField.cs
 0.1 kb	 0.0% Packages/com.unity.render-pipelines.core/Runtime/Debugging/Prefabs/Scripts/DebugUIHandlerObjectList.cs
 0.1 kb	 0.0% Packages/com.unity.render-pipelines.core/Runtime/Debugging/Prefabs/Scripts/DebugUIHandlerMessageBox.cs
 0.1 kb	 0.0% Packages/com.unity.render-pipelines.core/Runtime/Debugging/Prefabs/Scripts/DebugUIHandlerIntField.cs
 0.1 kb	 0.0% Packages/com.unity.render-pipelines.core/Runtime/Debugging/Prefabs/Scripts/DebugUIHandlerFoldout.cs
 0.1 kb	 0.0% Packages/com.unity.render-pipelines.core/Runtime/Debugging/Prefabs/Scripts/DebugUIHandlerFloatField.cs
 0.1 kb	 0.0% Packages/com.unity.render-pipelines.core/Runtime/Debugging/Prefabs/Scripts/DebugUIHandlerEnumField.cs
 0.1 kb	 0.0% Packages/com.unity.render-pipelines.core/Runtime/Debugging/Prefabs/Scripts/DebugUIHandlerContainer.cs
 0.1 kb	 0.0% Packages/com.unity.render-pipelines.core/Runtime/Debugging/Prefabs/Scripts/DebugUIHandlerBitField.cs
 0.1 kb	 0.0% Packages/com.unity.render-pipelines.core/Runtime/Debugging/IDebugDisplaySettings.cs
 0.1 kb	 0.0% Packages/com.unity.render-pipelines.core/Runtime/Debugging/DebugDisplaySettingsUI.cs
 0.1 kb	 0.0% Packages/com.unity.render-pipelines.core/Runtime/Common/RemoveRange.Extensions.cs
 0.1 kb	 0.0% Packages/com.unity.render-pipelines.core/Runtime/Common/DynamicResolutionHandler.cs
 0.1 kb	 0.0% Packages/com.unity.render-pipelines.core/Runtime/CommandBuffers/IComputeCommandBuffer.cs
 0.1 kb	 0.0% Packages/com.unity.render-pipelines.core/Runtime/Camera/CameraHistory.cs
 0.1 kb	 0.0% Packages/com.unity.inputsystem/InputSystem/State/IInputStateCallbackReceiver.cs
 0.1 kb	 0.0% Packages/com.unity.inputsystem/InputSystem/Plugins/InputForUI/InputSystemProvider.cs
 0.1 kb	 0.0% Packages/com.unity.inputsystem/InputSystem/Plugins/DualShock/DualShockGamepadHID.cs
 0.1 kb	 0.0% Packages/com.unity.inputsystem/InputSystem/Editor/UITKAssetEditor/Views/NameAndParametersListView.cs
 0.1 kb	 0.0% Packages/com.unity.inputsystem/InputSystem/Editor/UITKAssetEditor/Views/InputActionMapsTreeViewItem.cs
 0.1 kb	 0.0% Packages/com.unity.inputsystem/InputSystem/Editor/UITKAssetEditor/InputActionsEditorConstants.cs
 0.1 kb	 0.0% Packages/com.unity.inputsystem/InputSystem/Editor/Settings/InputSettingsBuildProvider.cs
 0.1 kb	 0.0% Packages/com.unity.inputsystem/InputSystem/Editor/Settings/EditorPlayerSettingHelpers.cs
 0.1 kb	 0.0% Packages/com.unity.inputsystem/InputSystem/Editor/PropertyDrawers/InputActionPropertyDrawer.cs
 0.1 kb	 0.0% Packages/com.unity.inputsystem/InputSystem/Editor/PropertyDrawers/GamepadButtonPropertyDrawer.cs
 0.1 kb	 0.0% Packages/com.unity.inputsystem/InputSystem/Editor/Internal/SerializedPropertyHelpers.cs
 0.1 kb	 0.0% Packages/com.unity.inputsystem/InputSystem/Editor/Internal/AdvancedDropdown/AdvancedDropdownDataSource.cs
 0.1 kb	 0.0% Packages/com.unity.inputsystem/InputSystem/Editor/InputSystemPackageControl.cs
 0.1 kb	 0.0% Packages/com.unity.inputsystem/InputSystem/Editor/Debugger/SampleFrequencyCalculator.cs
 0.1 kb	 0.0% Packages/com.unity.inputsystem/InputSystem/Editor/Debugger/InputDeviceDebuggerWindow.cs
 0.1 kb	 0.0% Packages/com.unity.inputsystem/InputSystem/Editor/Debugger/InputActionDebuggerWindow.cs
 0.1 kb	 0.0% Packages/com.unity.inputsystem/InputSystem/Editor/ControlPicker/InputControlPickerDropdown.cs
 0.1 kb	 0.0% Packages/com.unity.inputsystem/InputSystem/Editor/ControlPicker/IInputControlPickerLayout.cs
 0.1 kb	 0.0% Packages/com.unity.inputsystem/InputSystem/Editor/AssetImporter/InputActionImporterEditor.cs
 0.1 kb	 0.0% Packages/com.unity.inputsystem/InputSystem/Editor/AssetImporter/InputActionAssetIconLoader.cs
 0.1 kb	 0.0% Packages/com.unity.inputsystem/InputSystem/Editor/AssetEditor/InputBindingPropertiesView.cs
 0.1 kb	 0.0% Packages/com.unity.inputsystem/InputSystem/Editor/AssetEditor/InputActionPropertiesView.cs
 0.1 kb	 0.0% Packages/com.unity.inputsystem/InputSystem/Editor/Analytics/PlayerInputEditorAnalytic.cs
 0.1 kb	 0.0% Packages/com.unity.inputsystem/InputSystem/Editor/Analytics/OnScreenStickEditorAnalytic.cs
 0.1 kb	 0.0% Packages/com.unity.inputsystem/InputSystem/Editor/Analytics/InputExitPlayModeAnalytic.cs
 0.1 kb	 0.0% Packages/com.unity.inputsystem/InputSystem/Editor/Analytics/InputComponentEditorAnalytic.cs
 0.1 kb	 0.0% Packages/com.unity.inputsystem/InputSystem/Devices/IInputUpdateCallbackReceiver.cs
 0.1 kb	 0.0% Packages/com.unity.inputsystem/InputSystem/Devices/Commands/SetSamplingFrequencyCommand.cs
 0.1 kb	 0.0% Packages/com.unity.inputsystem/InputSystem/Devices/Commands/SetIMECursorPositionCommand.cs
 0.1 kb	 0.0% Packages/com.unity.inputsystem/InputSystem/Devices/Commands/QueryKeyboardLayoutCommand.cs
 0.1 kb	 0.0% Packages/com.unity.inputsystem/InputSystem/Devices/Commands/EnableIMECompositionCommand.cs
 0.1 kb	 0.0% Packages/com.unity.inputsystem/InputSystem/Controls/InputControlLayoutAttribute.cs
 0.1 kb	 0.0% Packages/com.unity.inputsystem/InputSystem/Actions/InputActionRebindingExtensions.cs
 0.1 kb	 0.0% Packages/com.unity.dt.app-ui/Runtime/InternalBridge/EventBaseExtensionsBridge.cs
 0.1 kb	 0.0% Packages/com.unity.collections/Unity.Collections/UnsafeNotBurstCompatible.cs
 0.1 kb	 0.0% Packages/com.unity.ai.inference/Runtime/Tokenization/Truncators/ITruncator.cs
 0.1 kb	 0.0% Packages/com.unity.ai.inference/Runtime/Tokenization/Tokenizer.SequenceMerger.cs
 0.1 kb	 0.0% Packages/com.unity.ai.inference/Runtime/Tokenization/Tokenizer.PaddingOutput.cs
 0.1 kb	 0.0% Packages/com.unity.ai.inference/Runtime/Tokenization/Normalizers/INormalizer.cs
 0.1 kb	 0.0% Packages/com.unity.ai.inference/Runtime/Tokenization/Mappers/BpeMapper.Merger.cs
 0.1 kb	 0.0% Packages/com.unity.ai.inference/Runtime/Tokenization/Mappers/BpMapper.Symbol.cs
 0.1 kb	 0.0% Packages/com.unity.ai.inference/Runtime/Core/Compiler/Passes/GraphPassUtil.cs
 0.1 kb	 0.0% Packages/com.unity.ai.inference/Runtime/Core/Compiler/Passes/FuseDensePass.cs
 0.1 kb	 0.0% Assets/XR/XRGeneralSettingsPerBuildTarget.asset
 0.1 kb	 0.0% Assets/XR/UserSimulationSettings/Resources/XRSimulationPreferences.asset
 0.1 kb	 0.0% Packages/com.unity.xr.legacyinputhelpers/Runtime/ArmModels/SwingArmModel.cs
 0.1 kb	 0.0% Packages/com.unity.xr.interaction.toolkit/Runtime/XRHelpURLConstants.cs
 0.1 kb	 0.0% Packages/com.unity.xr.interaction.toolkit/Runtime/Utilities/Interaction/XRFilterUtility.cs
 0.1 kb	 0.0% Packages/com.unity.xr.interaction.toolkit/Runtime/Utilities/GradientUtility.cs
 0.1 kb	 0.0% Packages/com.unity.xr.interaction.toolkit/Runtime/Utilities/DisplayUtility.cs
 0.1 kb	 0.0% Packages/com.unity.xr.interaction.toolkit/Runtime/Utilities/Curves/CurveUtility.cs
 0.1 kb	 0.0% Packages/com.unity.xr.interaction.toolkit/Runtime/Utilities/BurstMathUtility.cs
 0.1 kb	 0.0% Packages/com.unity.xr.interaction.toolkit/Runtime/Utilities/BurstLerpUtility.cs
 0.1 kb	 0.0% Packages/com.unity.xr.interaction.toolkit/Runtime/Utilities/BurstGazeUtility.cs
 0.1 kb	 0.0% Packages/com.unity.xr.interaction.toolkit/Runtime/Locomotion/Legacy/SnapTurnProviderBase.cs
 0.1 kb	 0.0% Packages/com.unity.xr.interaction.toolkit/Runtime/Interaction/XRInteractionManager.cs
 0.1 kb	 0.0% Packages/com.unity.xr.interaction.toolkit/Runtime/Interaction/Layers/InteractionLayerMask.cs
 0.1 kb	 0.0% Packages/com.unity.xr.interaction.toolkit/Runtime/Interaction/Filtering/Target/Filters/XRTargetFilter.cs
 0.1 kb	 0.0% Packages/com.unity.xr.interaction.toolkit/Runtime/Interaction/Filtering/Target/Filters/IXRTargetFilter.cs
 0.1 kb	 0.0% Packages/com.unity.xr.interaction.toolkit/Runtime/Interaction/Filtering/Select/IXRSelectFilter.cs
 0.1 kb	 0.0% Packages/com.unity.xr.interaction.toolkit/Runtime/Interaction/Filtering/Poke/PokeStateData.cs
 0.1 kb	 0.0% Packages/com.unity.xr.interaction.toolkit/Runtime/Interaction/Filtering/Poke/IXRPokeFilter.cs
 0.1 kb	 0.0% Packages/com.unity.xr.interaction.toolkit/Runtime/Interaction/Filtering/Hover/IXRHoverFilter.cs
 0.1 kb	 0.0% Packages/com.unity.xr.interaction.toolkit/Runtime/Interaction/Controllers/XRControllerState.cs
 0.1 kb	 0.0% Packages/com.unity.xr.interaction.toolkit/Runtime/Interaction/Controllers/XRControllerRecorder.cs
 0.1 kb	 0.0% Packages/com.unity.xr.interaction.toolkit/Runtime/Inputs/CardinalUtility.cs
 0.1 kb	 0.0% Packages/com.unity.xr.interaction.toolkit/Runtime/AR/Gestures/DragGesture.deprecated.cs
 0.1 kb	 0.0% Packages/com.unity.xr.core-utils/Runtime/Datums/AnimationCurveDatumProperty.cs
 0.1 kb	 0.0% Packages/com.unity.xr.core-utils/Runtime/Attributes/ScriptableSettingsPathAttribute.cs
 0.1 kb	 0.0% Packages/com.unity.xr.arfoundation/Runtime/Simulation/XRSimulationRuntimeSettings.cs
 0.1 kb	 0.0% Packages/com.unity.xr.arfoundation/Runtime/Simulation/Environment/SimulatedMeshClassification.cs
 0.1 kb	 0.0% Packages/com.unity.xr.arfoundation/Runtime/Simulation/Environment/SimulatedEnvironmentProbe.cs
 0.1 kb	 0.0% Packages/com.unity.xr.arfoundation/Runtime/InternalUtils/PoseUtils.cs
 0.1 kb	 0.0% Packages/com.unity.xr.arfoundation/Runtime/ARSubsystems/SessionSubsystem/SessionAvailability.cs
 0.1 kb	 0.0% Packages/com.unity.xr.arfoundation/Runtime/ARSubsystems/OcclusionSubsystem/EnvironmentDepthMode.cs
 0.1 kb	 0.0% Packages/com.unity.rendering.light-transport/Runtime/UnifiedRayTracing/Compute/RadeonRays/RestructureBvh.cs
 0.1 kb	 0.0% Packages/com.unity.rendering.light-transport/Runtime/UnifiedRayTracing/Compute/RadeonRays/RadeonRaysAPI.cs
 0.1 kb	 0.0% Packages/com.unity.rendering.light-transport/Runtime/UnifiedRayTracing/Common/GeometryPool/GeometryPool.cs
 0.1 kb	 0.0% Packages/com.unity.render-pipelines.universal/Textures/BayerMatrix.png
 0.1 kb	 0.0% Packages/com.unity.render-pipelines.universal/Runtime/XR/XRPassUniversal.cs
 0.1 kb	 0.0% Packages/com.unity.render-pipelines.universal/Runtime/Tiling/LightMinMaxZJob.cs
 0.1 kb	 0.0% Packages/com.unity.render-pipelines.universal/Runtime/Tiling/InclusiveRange.cs
 0.1 kb	 0.0% Packages/com.unity.render-pipelines.universal/Runtime/ShadowCulling.cs
 0.1 kb	 0.0% Packages/com.unity.render-pipelines.universal/Runtime/ShaderBitArray.cs
 0.1 kb	 0.0% Packages/com.unity.render-pipelines.universal/Runtime/RenderingUtils.cs
 0.1 kb	 0.0% Packages/com.unity.render-pipelines.universal/Runtime/RendererFeatures/RenderObjects.cs
 0.1 kb	 0.0% Packages/com.unity.render-pipelines.universal/Runtime/PostProcessUtils.cs
 0.1 kb	 0.0% Packages/com.unity.render-pipelines.universal/Runtime/Passes/PostProcessPass.cs
 0.1 kb	 0.0% Packages/com.unity.render-pipelines.universal/Runtime/Passes/HDRDebugViewPass.cs
 0.1 kb	 0.0% Packages/com.unity.render-pipelines.universal/Runtime/Passes/GBufferPass.cs
 0.1 kb	 0.0% Packages/com.unity.render-pipelines.universal/Runtime/Passes/DrawSkyboxPass.cs
 0.1 kb	 0.0% Packages/com.unity.render-pipelines.universal/Runtime/Passes/DeferredPass.cs
 0.1 kb	 0.0% Packages/com.unity.render-pipelines.universal/Runtime/Overrides/PaniniProjection.cs
 0.1 kb	 0.0% Packages/com.unity.render-pipelines.universal/Runtime/Overrides/LiftGammaGain.cs
 0.1 kb	 0.0% Packages/com.unity.render-pipelines.universal/Runtime/Overrides/LensDistortion.cs
 0.1 kb	 0.0% Packages/com.unity.render-pipelines.universal/Runtime/Overrides/ColorAdjustments.cs
 0.1 kb	 0.0% Packages/com.unity.render-pipelines.universal/Runtime/Memory/BuddyAllocator.cs
 0.1 kb	 0.0% Packages/com.unity.render-pipelines.universal/Runtime/History/RawDepthHistory.cs
 0.1 kb	 0.0% Packages/com.unity.render-pipelines.universal/Runtime/History/RawColorHistory.cs
 0.1 kb	 0.0% Packages/com.unity.render-pipelines.universal/Runtime/Documentation.cs
 0.1 kb	 0.0% Packages/com.unity.render-pipelines.universal/Runtime/Deprecated.cs
 0.1 kb	 0.0% Packages/com.unity.render-pipelines.universal/Runtime/Decal/Entities/DecalDrawSystem.cs
 0.1 kb	 0.0% Packages/com.unity.render-pipelines.universal/Runtime/Decal/DecalProjector.cs
 0.1 kb	 0.0% Packages/com.unity.render-pipelines.universal/Runtime/Decal/DecalPreviewPass.cs
 0.1 kb	 0.0% Packages/com.unity.render-pipelines.universal/Runtime/Debug/DebugRenderSetup.cs
 0.1 kb	 0.0% Packages/com.unity.render-pipelines.universal/Runtime/Data/RenderStateData.cs
 0.1 kb	 0.0% Packages/com.unity.render-pipelines.universal/Runtime/Data/PostProcessData.cs
 0.1 kb	 0.0% Packages/com.unity.render-pipelines.universal/Runtime/ComponentUtility.cs
 0.1 kb	 0.0% Packages/com.unity.render-pipelines.universal/Runtime/2D/Shadows/ShadowProvider/Providers/ShadowShapeProvider2D_Utility.cs
 0.1 kb	 0.0% Packages/com.unity.render-pipelines.core/Runtime/XR/XROcclusionMesh.cs
 0.1 kb	 0.0% Packages/com.unity.render-pipelines.core/Runtime/XR/XRLayoutStack.cs
 0.1 kb	 0.0% Packages/com.unity.render-pipelines.core/Runtime/Lighting/ProbeVolume/ProbeIndexOfIndices.cs
 0.1 kb	 0.0% Packages/com.unity.render-pipelines.core/Runtime/GPUDriven/RenderersParameters.cs
 0.1 kb	 0.0% Packages/com.unity.render-pipelines.core/Runtime/GPUDriven/InstanceData/InstanceDataSystem.cs
 0.1 kb	 0.0% Packages/com.unity.render-pipelines.core/Runtime/GPUDriven/InstanceData/InstanceAllocator.cs
 0.1 kb	 0.0% Packages/com.unity.render-pipelines.core/Runtime/GPUDriven/InstanceCullerBurst.cs
 0.1 kb	 0.0% Packages/com.unity.render-pipelines.core/Runtime/GPUDriven/GPUResidentDrawer.cs
 0.1 kb	 0.0% Packages/com.unity.render-pipelines.core/Runtime/GPUDriven/GPUResidentBatcher.cs
 0.1 kb	 0.0% Packages/com.unity.inputsystem/InputSystem/Utilities/Observables/ForDeviceEventObservable.cs
 0.1 kb	 0.0% Packages/com.unity.inputsystem/InputSystem/Plugins/XR/Haptics/SendHapticImpulseCommand.cs
 0.1 kb	 0.0% Packages/com.unity.inputsystem/InputSystem/Plugins/Android/AndroidSensors.cs
 0.1 kb	 0.0% Packages/com.unity.inputsystem/InputSystem/Editor/AssetEditor/NameAndParameterListView.cs
 0.1 kb	 0.0% Packages/com.unity.inputsystem/InputSystem/Controls/Processors/StickDeadzoneProcessor.cs
 0.1 kb	 0.0% Packages/com.unity.inputsystem/InputSystem/Controls/Processors/ScaleVector3Processor.cs
 0.1 kb	 0.0% Packages/com.unity.inputsystem/InputSystem/Controls/Processors/ScaleVector2Processor.cs
 0.1 kb	 0.0% Packages/com.unity.inputsystem/InputSystem/Controls/Processors/InvertVector3Processor.cs
 0.1 kb	 0.0% Packages/com.unity.inputsystem/InputSystem/Controls/Processors/InvertVector2Processor.cs
 0.1 kb	 0.0% Packages/com.unity.inputsystem/InputSystem/Controls/Processors/AxisDeadzoneProcessor.cs
 0.1 kb	 0.0% Packages/com.unity.inputsystem/InputSystem/Actions/Composites/TwoModifiersComposite.cs
 0.1 kb	 0.0% Packages/com.unity.inputsystem/InputSystem/Actions/Composites/ButtonWithTwoModifiers.cs
 0.1 kb	 0.0% Packages/com.unity.inputsystem/InputSystem/Actions/Composites/ButtonWithOneModifier.cs
 0.1 kb	 0.0% Packages/com.unity.dt.app-ui/Runtime/Navigation/NavGraphViewHierarchicalNode.cs
 0.1 kb	 0.0% Packages/com.unity.collections/Unity.Collections/UnsafeScratchAllocator.cs
 0.1 kb	 0.0% Packages/com.unity.collections/Unity.Collections/NativeParallelHashMapExtensions.cs
 0.1 kb	 0.0% Packages/com.unity.ai.inference/Runtime/Tokenization/Utf8CharSplitter.cs
 0.1 kb	 0.0% Packages/com.unity.ai.inference/Runtime/Tokenization/SubString.Comparer.cs
 0.1 kb	 0.0% Packages/com.unity.ai.inference/Runtime/Tokenization/Padding/RightPadding.cs
 0.1 kb	 0.0% Packages/com.unity.ai.inference/Runtime/Tokenization/Padding/LeftPadding.cs
 0.1 kb	 0.0% Packages/com.unity.ai.inference/Runtime/Tokenization/Mappers/MergePair.cs
 0.1 kb	 0.0% Packages/com.unity.ai.inference/Runtime/Tokenization/Mappers/BpeMapper.cs
 0.1 kb	 0.0% Packages/com.unity.ai.inference/Runtime/Tokenization/Decoders/StripDecoder.cs
 0.1 kb	 0.0% Packages/com.unity.ai.inference/Runtime/Tokenization/Decoders/FuseDecoder.cs
 0.1 kb	 0.0% Packages/com.unity.ai.inference/Runtime/Tokenization/Decoders/BpeDecoder.cs
 0.1 kb	 0.0% Packages/com.unity.ai.inference/Runtime/Tokenization/ByteLevelHelper.cs
 0.1 kb	 0.0% Packages/com.unity.ai.inference/Runtime/Tokenization/AddedVocabulary.cs
 0.1 kb	 0.0% Packages/com.unity.ai.inference/Runtime/Core/Serialization/FlatBuffers/IFlatbufferObject.cs
 0.1 kb	 0.0% Packages/com.unity.ai.inference/Runtime/Core/Serialization/FlatBuffers/FlatBufferConstants.cs
 0.1 kb	 0.0% Packages/com.unity.ai.inference/Runtime/Core/Serialization/FlatBuffers/FlatBufferBuilder.cs
 0.1 kb	 0.0% Packages/com.unity.ai.inference/Runtime/Core/Compiler/Passes/RemoveUnusedPass.cs
 0.1 kb	 0.0% Packages/com.unity.ai.inference/Runtime/Core/Compiler/Passes/RemoveNoOpsPass.cs
 0.1 kb	 0.0% Packages/com.unity.ai.inference/Runtime/Core/Compiler/Analyser/GraphLogicAnalysis.cs
 0.1 kb	 0.0% Packages/com.unity.xr.legacyinputhelpers/Runtime/TrackedPoseDriver/BasePoseProvider.cs
 0.1 kb	 0.0% Packages/com.unity.xr.interaction.toolkit/Runtime/XR/InputHelpers.deprecated.cs
 0.1 kb	 0.0% Packages/com.unity.xr.interaction.toolkit/Runtime/UI/XRUIInputModule.cs
 0.1 kb	 0.0% Packages/com.unity.xr.interaction.toolkit/Runtime/UI/UIInputModule.cs
 0.1 kb	 0.0% Packages/com.unity.xr.interaction.toolkit/Runtime/UI/NavigationModel.cs
 0.1 kb	 0.0% Packages/com.unity.xr.interaction.toolkit/Runtime/UI/IUIModelUpdater.cs
 0.1 kb	 0.0% Packages/com.unity.xr.interaction.toolkit/Runtime/UI/CanvasTracker.cs
 0.1 kb	 0.0% Packages/com.unity.xr.interaction.toolkit/Runtime/UI/CanvasOptimizer.cs
 0.1 kb	 0.0% Packages/com.unity.xr.interaction.toolkit/Runtime/Interaction/Interactables/DistanceInfo.cs
 0.1 kb	 0.0% Packages/com.unity.xr.interaction.toolkit/Runtime/Interaction/Gaze/XRGazeAssistance.cs
 0.1 kb	 0.0% Packages/com.unity.xr.core-utils/Runtime/CapabilityProfile/Dictionary/StandardCapabilityKeys.cs
 0.1 kb	 0.0% Packages/com.unity.xr.arfoundation/Runtime/ARSubsystems/SessionSubsystem/XRSessionUpdateParams.cs
 0.1 kb	 0.0% Packages/com.unity.xr.arfoundation/Runtime/ARSubsystems/PointCloudSubsystem/XRPointCloudSubsystem.cs
 0.1 kb	 0.0% Packages/com.unity.xr.arfoundation/Runtime/ARSubsystems/ParticipantSubsystem/XRParticipantSubsystem.cs
 0.1 kb	 0.0% Packages/com.unity.xr.arfoundation/Runtime/ARSubsystems/ObjectTrackingSubsystem/XRReferenceObjectLibrary.cs
 0.1 kb	 0.0% Packages/com.unity.xr.arfoundation/Runtime/ARSubsystems/ObjectTrackingSubsystem/XRReferenceObjectEntry.cs
 0.1 kb	 0.0% Packages/com.unity.xr.arfoundation/Runtime/ARSubsystems/InputSubsystem/HandheldARInputDevice.cs
 0.1 kb	 0.0% Packages/com.unity.xr.arfoundation/Runtime/ARSubsystems/ImageTrackingSubsystem/XRReferenceImageLibrary.cs
 0.1 kb	 0.0% Packages/com.unity.xr.arfoundation/Runtime/ARSubsystems/ImageTrackingSubsystem/XRImageTrackingSubsystem.cs
 0.1 kb	 0.0% Packages/com.unity.xr.arfoundation/Runtime/ARSubsystems/ImageTrackingSubsystem/IReferenceImageLibrary.cs
 0.1 kb	 0.0% Packages/com.unity.xr.arfoundation/Runtime/ARSubsystems/HumanBodySubsystem/XRHumanBodyPose2DJoint.cs
 0.1 kb	 0.0% Packages/com.unity.xr.arfoundation/Runtime/ARSubsystems/Configuration/ConfigurationDescriptor.cs
 0.1 kb	 0.0% Packages/com.unity.xr.arfoundation/Runtime/ARSubsystems/CameraSubsystem/XRCameraFrameExifData.cs
 0.1 kb	 0.0% Packages/com.unity.xr.arfoundation/Runtime/ARSubsystems/CameraSubsystem/XRCameraConfiguration.cs
 0.1 kb	 0.0% Packages/com.unity.xr.arfoundation/Runtime/ARSubsystems/BoundingBoxSubsystem/XRBoundingBoxSubsystem.cs
 0.1 kb	 0.0% Packages/com.unity.xr.arfoundation/Runtime/ARFoundation/ARTrackedObjectManager.cs
 0.1 kb	 0.0% Packages/com.unity.xr.arfoundation/Runtime/ARFoundation/ARTrackedImageManager.cs
 0.1 kb	 0.0% Packages/com.unity.xr.arfoundation/Runtime/ARFoundation/ARPlaneMeshVisualizer.cs
 0.1 kb	 0.0% Packages/com.unity.xr.arfoundation/Runtime/ARFoundation/ARMeshesChangedEventArgs.cs
 0.1 kb	 0.0% Packages/com.unity.xr.arfoundation/Runtime/ARFoundation/ARLightEstimationData.cs
 0.1 kb	 0.0% Packages/com.unity.xr.arfoundation/Runtime/ARFoundation/ARFaceUpdatedEventArgs.cs
 0.1 kb	 0.0% Packages/com.unity.xr.arfoundation/Runtime/ARFoundation/ARCameraFrameEventArgs.cs
 0.1 kb	 0.0% Packages/com.unity.ugui/Runtime/TMP/TMP_SpriteAssetImportFormats.cs
 0.1 kb	 0.0% Packages/com.unity.shadergraph/ShaderGraphLibrary/DummyShaderGraphLibrary.cs
 0.1 kb	 0.0% Packages/com.unity.render-pipelines.universal/ShaderLibrary/ShaderTypes.cs
 0.1 kb	 0.0% Packages/com.unity.render-pipelines.universal/ShaderLibrary/Deprecated.cs
 0.1 kb	 0.0% Packages/com.unity.render-pipelines.universal/Runtime/Tiling/TileSize.cs
 0.1 kb	 0.0% Packages/com.unity.render-pipelines.universal/Runtime/2D/UTess2D/UTess.cs
 0.1 kb	 0.0% Packages/com.unity.render-pipelines.universal/Runtime/2D/Shadows/ShadowProvider/ShadowMesh2D.cs
 0.1 kb	 0.0% Packages/com.unity.render-pipelines.universal/Runtime/2D/Shadows/ShadowProvider/ShadowEdge.cs
 0.1 kb	 0.0% Packages/com.unity.render-pipelines.universal/Runtime/2D/Shadows/ShadowProvider/IEdgeStore.cs
 0.1 kb	 0.0% Packages/com.unity.render-pipelines.universal/Runtime/2D/Rendergraph/UpscalePass.cs
 0.1 kb	 0.0% Packages/com.unity.render-pipelines.universal/Runtime/2D/Renderer2D.cs
 0.1 kb	 0.0% Packages/com.unity.render-pipelines.universal/Runtime/2D/Passes/Utility/LightBatch.cs
 0.1 kb	 0.0% Packages/com.unity.render-pipelines.universal/Runtime/2D/Passes/Utility/LayerUtility.cs
 0.1 kb	 0.0% Packages/com.unity.render-pipelines.universal/Runtime/2D/LightUtility.cs
 0.1 kb	 0.0% Packages/com.unity.render-pipelines.core/Runtime/Utilities/SceneRenderPipeline.cs
 0.1 kb	 0.0% Packages/com.unity.render-pipelines.core/Runtime/Utilities/MaterialQuality.cs
 0.1 kb	 0.0% Packages/com.unity.render-pipelines.core/Runtime/Utilities/CameraCaptureBridge.cs
 0.1 kb	 0.0% Packages/com.unity.render-pipelines.core/Runtime/ShaderGenerator/ShaderGeneratorAttributes.cs
 0.1 kb	 0.0% Packages/com.unity.render-pipelines.core/Runtime/RenderGraph/RenderGraph.cs
 0.1 kb	 0.0% Packages/com.unity.render-pipelines.core/Runtime/PostProcessing/LensFlareCommonSRP.cs
 0.1 kb	 0.0% Packages/com.unity.render-pipelines.core/Runtime/LookDev/IDataProvider.cs
 0.1 kb	 0.0% Packages/com.unity.render-pipelines.core/Runtime/Lighting/SphericalHarmonics.cs
 0.1 kb	 0.0% Packages/com.unity.render-pipelines.core/Runtime/Lighting/ProbeVolume/ProbeVolumesOptions.cs
 0.1 kb	 0.0% Packages/com.unity.render-pipelines.core/Runtime/Lighting/ProbeVolume/ProbeVolumeSceneData.cs
 0.1 kb	 0.0% Packages/com.unity.render-pipelines.core/Runtime/Lighting/ProbeVolume/ProbeVolumeGIContributor.cs
 0.1 kb	 0.0% Packages/com.unity.render-pipelines.core/Runtime/Lighting/ProbeVolume/ProbeVolumeBakingSet.cs
 0.1 kb	 0.0% Packages/com.unity.render-pipelines.core/Runtime/Lighting/ProbeVolume/ProbeVolumeAsset.cs
 0.1 kb	 0.0% Packages/com.unity.render-pipelines.core/Runtime/Lighting/ProbeVolume/ProbeReferenceVolume.cs
 0.1 kb	 0.0% Packages/com.unity.render-pipelines.core/Runtime/Documentation.cs
 0.1 kb	 0.0% Packages/com.unity.render-pipelines.core/Runtime/Debugging/Prefabs/Scripts/DebugUIHandlerWidget.cs
 0.1 kb	 0.0% Packages/com.unity.render-pipelines.core/Runtime/Debugging/Prefabs/Scripts/DebugUIHandlerValue.cs
 0.1 kb	 0.0% Packages/com.unity.render-pipelines.core/Runtime/Debugging/Prefabs/Scripts/DebugUIHandlerVBox.cs
 0.1 kb	 0.0% Packages/com.unity.render-pipelines.core/Runtime/Debugging/Prefabs/Scripts/DebugUIHandlerToggle.cs
 0.1 kb	 0.0% Packages/com.unity.render-pipelines.core/Runtime/Debugging/Prefabs/Scripts/DebugUIHandlerRow.cs
 0.1 kb	 0.0% Packages/com.unity.render-pipelines.core/Runtime/Debugging/Prefabs/Scripts/DebugUIHandlerPanel.cs
 0.1 kb	 0.0% Packages/com.unity.render-pipelines.core/Runtime/Debugging/Prefabs/Scripts/DebugUIHandlerObject.cs
 0.1 kb	 0.0% Packages/com.unity.render-pipelines.core/Runtime/Debugging/Prefabs/Scripts/DebugUIHandlerHBox.cs
 0.1 kb	 0.0% Packages/com.unity.render-pipelines.core/Runtime/Debugging/Prefabs/Scripts/DebugUIHandlerGroup.cs
 0.1 kb	 0.0% Packages/com.unity.render-pipelines.core/Runtime/Debugging/Prefabs/Scripts/DebugUIHandlerColor.cs
 0.1 kb	 0.0% Packages/com.unity.render-pipelines.core/Runtime/Debugging/Prefabs/Scripts/DebugUIHandlerCanvas.cs
 0.1 kb	 0.0% Packages/com.unity.render-pipelines.core/Runtime/Debugging/Prefabs/Scripts/DebugUIHandlerButton.cs
 0.1 kb	 0.0% Packages/com.unity.render-pipelines.core/Runtime/Debugging/MousePositionDebug.cs
 0.1 kb	 0.0% Packages/com.unity.render-pipelines.core/Runtime/Debugging/IVolumeDebugSettings.cs
 0.1 kb	 0.0% Packages/com.unity.render-pipelines.core/Runtime/Debugging/FrameTiming/FrameTimeBottleneck.cs
 0.1 kb	 0.0% Packages/com.unity.render-pipelines.core/Runtime/Common/Swap.Extensions.cs
 0.1 kb	 0.0% Packages/com.unity.render-pipelines.core/Runtime/Common/ReloadGroupAttribute.cs
 0.1 kb	 0.0% Packages/com.unity.render-pipelines.core/Runtime/Common/CommandBufferPool.cs
 0.1 kb	 0.0% Packages/com.unity.render-pipelines.core/Runtime/CommandBuffers/UnsafeCommandBuffer.cs
 0.1 kb	 0.0% Packages/com.unity.render-pipelines.core/Runtime/CommandBuffers/RasterCommandBuffer.cs
 0.1 kb	 0.0% Packages/com.unity.render-pipelines.core/Runtime/CommandBuffers/IUnsafeCommandBuffer.cs
 0.1 kb	 0.0% Packages/com.unity.render-pipelines.core/Runtime/CommandBuffers/IRasterCommandBuffer.cs
 0.1 kb	 0.0% Packages/com.unity.render-pipelines.core/Runtime/CommandBuffers/IBaseCommandBuffer.cs
 0.1 kb	 0.0% Packages/com.unity.render-pipelines.core/Runtime/CommandBuffers/ComputeCommandBuffer.cs
 0.1 kb	 0.0% Packages/com.unity.render-pipelines.core/Runtime/CommandBuffers/CommandBufferHelpers.cs
 0.1 kb	 0.0% Packages/com.unity.inputsystem/InputSystem/State/IInputStateChangeMonitor.cs
 0.1 kb	 0.0% Packages/com.unity.inputsystem/InputSystem/Plugins/iOS/IOSGameController.cs
 0.1 kb	 0.0% Packages/com.unity.inputsystem/InputSystem/Plugins/XInput/XInputControllerWindows.cs
 0.1 kb	 0.0% Packages/com.unity.inputsystem/InputSystem/Plugins/Users/InputUserAccountHandle.cs
 0.1 kb	 0.0% Packages/com.unity.inputsystem/InputSystem/Plugins/Switch/SwitchProControllerHID.cs
 0.1 kb	 0.0% Packages/com.unity.inputsystem/InputSystem/Plugins/PlayerInput/PlayerInputManagerEditor.cs
 0.1 kb	 0.0% Packages/com.unity.inputsystem/InputSystem/Plugins/OSX/OSXGameController.cs
 0.1 kb	 0.0% Packages/com.unity.inputsystem/InputSystem/Plugins/EnhancedTouch/EnhancedTouchSupport.cs
 0.1 kb	 0.0% Packages/com.unity.inputsystem/InputSystem/Events/DeviceConfigurationEvent.cs
 0.1 kb	 0.0% Packages/com.unity.inputsystem/InputSystem/Editor/UITKAssetEditor/Views/VisualElementExtensions.cs
 0.1 kb	 0.0% Packages/com.unity.inputsystem/InputSystem/Editor/UITKAssetEditor/Views/InputActionsTreeViewItem.cs
 0.1 kb	 0.0% Packages/com.unity.inputsystem/InputSystem/Editor/UITKAssetEditor/Views/InputActionsEditorView.cs
 0.1 kb	 0.0% Packages/com.unity.inputsystem/InputSystem/Editor/UITKAssetEditor/Views/BindingPropertiesView.cs
 0.1 kb	 0.0% Packages/com.unity.inputsystem/InputSystem/Editor/UITKAssetEditor/SerializedInputBinding.cs
 0.1 kb	 0.0% Packages/com.unity.inputsystem/InputSystem/Editor/UITKAssetEditor/SerializedInputActionMap.cs
 0.1 kb	 0.0% Packages/com.unity.inputsystem/InputSystem/Editor/UITKAssetEditor/SerializedInputAction.cs
 0.1 kb	 0.0% Packages/com.unity.inputsystem/InputSystem/Editor/UITKAssetEditor/InputActionsEditorWindow.cs
 0.1 kb	 0.0% Packages/com.unity.inputsystem/InputSystem/Editor/UITKAssetEditor/InputActionsEditorState.cs
 0.1 kb	 0.0% Packages/com.unity.inputsystem/InputSystem/Editor/UITKAssetEditor/Commands/ControlSchemeCommands.cs
 0.1 kb	 0.0% Packages/com.unity.inputsystem/InputSystem/Editor/Settings/InputSettingsProvider.cs
 0.1 kb	 0.0% Packages/com.unity.inputsystem/InputSystem/Editor/Settings/InputEditorUserSettings.cs
 0.1 kb	 0.0% Packages/com.unity.inputsystem/InputSystem/Editor/PropertyDrawers/InputControlPathDrawer.cs
 0.1 kb	 0.0% Packages/com.unity.inputsystem/InputSystem/Editor/PropertyDrawers/InputActionDrawerBase.cs
 0.1 kb	 0.0% Packages/com.unity.inputsystem/InputSystem/Editor/PropertyDrawers/InputActionAssetDrawer.cs
 0.1 kb	 0.0% Packages/com.unity.inputsystem/InputSystem/Editor/ProjectWideActions/ProjectWideActionsAsset.cs
 0.1 kb	 0.0% Packages/com.unity.inputsystem/InputSystem/Editor/Internal/AdvancedDropdown/AdvancedDropdownWindow.cs
 0.1 kb	 0.0% Packages/com.unity.inputsystem/InputSystem/Editor/Internal/AdvancedDropdown/AdvancedDropdownState.cs
 0.1 kb	 0.0% Packages/com.unity.inputsystem/InputSystem/Editor/InputSystemPluginControl.cs
 0.1 kb	 0.0% Packages/com.unity.inputsystem/InputSystem/Editor/InputLayoutCodeGenerator.cs
 0.1 kb	 0.0% Packages/com.unity.inputsystem/InputSystem/Editor/InputAssetEditorUtils.cs
 0.1 kb	 0.0% Packages/com.unity.inputsystem/InputSystem/Editor/Debugger/InputLatencyCalculator.cs
 0.1 kb	 0.0% Packages/com.unity.inputsystem/InputSystem/Editor/ControlPicker/InputControlPickerState.cs
 0.1 kb	 0.0% Packages/com.unity.inputsystem/InputSystem/Editor/ControlPicker/InputControlPathEditor.cs
 0.1 kb	 0.0% Packages/com.unity.inputsystem/InputSystem/Editor/ControlPicker/InputControlDropdownItem.cs
 0.1 kb	 0.0% Packages/com.unity.inputsystem/InputSystem/Editor/AssetImporter/InputActionCodeGenerator.cs
 0.1 kb	 0.0% Packages/com.unity.inputsystem/InputSystem/Editor/AssetImporter/InputActionAssetEditor.cs
 0.1 kb	 0.0% Packages/com.unity.inputsystem/InputSystem/Editor/AssetImporter/IInputActionAssetEditor.cs
 0.1 kb	 0.0% Packages/com.unity.inputsystem/InputSystem/Editor/AssetEditor/InputActionAssetManager.cs
 0.1 kb	 0.0% Packages/com.unity.inputsystem/InputSystem/Devices/Remote/RemoteInputPlayerConnection.cs
 0.1 kb	 0.0% Packages/com.unity.inputsystem/InputSystem/Devices/InputDeviceDescription.cs
 0.1 kb	 0.0% Packages/com.unity.inputsystem/InputSystem/Devices/Haptics/DualMotorRumbleCommand.cs
 0.1 kb	 0.0% Packages/com.unity.inputsystem/InputSystem/Devices/Commands/WarpMousePositionCommand.cs
 0.1 kb	 0.0% Packages/com.unity.inputsystem/InputSystem/Devices/Commands/QueryEnabledStateCommand.cs
 0.1 kb	 0.0% Packages/com.unity.inputsystem/InputSystem/Devices/Commands/QueryDimensionsCommand.cs
 0.1 kb	 0.0% Packages/com.unity.inputsystem/InputSystem/Devices/Commands/QueryCanRunInBackground.cs
 0.1 kb	 0.0% Packages/com.unity.inputsystem/InputSystem/Devices/Commands/IInputDeviceCommandInfo.cs
 0.1 kb	 0.0% Packages/com.unity.inputsystem/InputSystem/Controls/InputControlAttribute.cs
 0.1 kb	 0.0% Packages/com.unity.inputsystem/InputSystem/Controls/DiscreteButtonControl.cs
 0.1 kb	 0.0% Packages/com.unity.inputsystem/InputSystem/Actions/InputBindingCompositeContext.cs
 0.1 kb	 0.0% Packages/com.unity.inputsystem/InputSystem/Actions/InputActionSetupExtensions.cs
 0.1 kb	 0.0% Packages/com.unity.inputsystem/InputSystem/Actions/InputActionParameters.cs
 0.1 kb	 0.0% Packages/com.unity.dt.app-ui/Runtime/InternalBridge/PanelExtensionsBridge.cs
 0.1 kb	 0.0% Packages/com.unity.collections/Unity.Collections/UnsafeAtomicCounter.cs
 0.1 kb	 0.0% Packages/com.unity.ai.inference/Runtime/Tokenization/Direction.cs
 0.1 kb	 0.0% Packages/com.unity.ai.inference/Runtime/Core/Graph/GraphModuleExtensions.cs
 0.1 kb	 0.0% Packages/com.unity.ai.inference/Runtime/Core/Compiler/Validation/IValidationPass.cs
 0.1 kb	 0.0% Packages/com.unity.ai.inference/Runtime/Core/Compiler/Passes/ValidatePasses.cs
 0.1 kb	 0.0% Assets/TextMesh Pro/Resources/LineBreaking Leading Characters.txt
 0.1 kb	 0.0% Packages/com.xreal.xr/Runtime/Scripts/Utility/XREALTrackingModeChangeListener.cs
 0.1 kb	 0.0% Packages/com.xreal.xr/Runtime/Scripts/Utility/XREALDisplaySubsystemExtensions.cs
 0.1 kb	 0.0% Packages/com.xreal.xr/Runtime/Scripts/Android/Controller/XREALSimulatorControllerState.cs
 0.1 kb	 0.0% Packages/com.xreal.xr/Runtime/Scripts/Android/Camera Features/Permission/XREALAndroidPermissionsManager.cs
 0.1 kb	 0.0% Packages/com.xreal.xr/Runtime/Scripts/Android/Camera Features/Permission/AndroidPermissionsRequestResult.cs
 0.1 kb	 0.0% Packages/com.unity.xr.management/Runtime/XRManagementAnalytics.cs
 0.1 kb	 0.0% Packages/com.unity.xr.management/Runtime/XRConfigurationData.cs
 0.1 kb	 0.0% Packages/com.unity.xr.legacyinputhelpers/Runtime/TrackedPoseDriver/TrackedPoseDriver.cs
 0.1 kb	 0.0% Packages/com.unity.xr.legacyinputhelpers/Runtime/CameraOffset.cs
 0.1 kb	 0.0% Packages/com.unity.xr.interaction.toolkit/Runtime/XR/SortingHelpers.cs
 0.1 kb	 0.0% Packages/com.unity.xr.interaction.toolkit/Runtime/Utilities/ProjectPath.cs
 0.1 kb	 0.0% Packages/com.unity.xr.interaction.toolkit/Runtime/Locomotion/Legacy/LocomotionSystem.cs
 0.1 kb	 0.0% Packages/com.unity.xr.interaction.toolkit/Runtime/Interaction/Filtering/Poke/XRPokeLogic.cs
 0.1 kb	 0.0% Packages/com.unity.xr.interaction.toolkit/Runtime/Interaction/Filtering/Poke/XRPokeFilter.cs
 0.1 kb	 0.0% Packages/com.unity.xr.interaction.toolkit/Runtime/Interaction/Controllers/XRBaseController.cs
 0.1 kb	 0.0% Packages/com.unity.xr.interaction.toolkit/Runtime/Interaction/Controllers/InteractionState.cs
 0.1 kb	 0.0% Packages/com.unity.xr.interaction.toolkit/Runtime/AR/Interactors/IARInteractor.cs
 0.1 kb	 0.0% Packages/com.unity.xr.arfoundation/Runtime/Simulation/XRSimulationPreferences.cs
 0.1 kb	 0.0% Packages/com.unity.xr.arfoundation/Runtime/Simulation/Environment/SimulationEnvironment.cs
 0.1 kb	 0.0% Packages/com.unity.xr.arfoundation/Runtime/Simulation/Environment/SimulatedTrackedImage.cs
 0.1 kb	 0.0% Packages/com.unity.xr.arfoundation/Runtime/Simulation/Environment/SimulatedBoundedPlane.cs
 0.1 kb	 0.0% Packages/com.unity.xr.arfoundation/Runtime/ARSubsystems/PointCloudSubsystem/XRDepthSubsystem.deprecated.cs
 0.1 kb	 0.0% Packages/com.unity.xr.arfoundation/Runtime/ARFoundation/LightEstimation.cs
 0.1 kb	 0.0% Packages/com.unity.xr.arfoundation/Runtime/ARFoundation/CameraFacingDirection.cs
 0.1 kb	 0.0% Packages/com.unity.ugui/Runtime/UGUI/UI/Core/Layout/HorizontalOrVerticalLayoutGroup.cs
 0.1 kb	 0.0% Packages/com.unity.rendering.light-transport/Runtime/UnifiedRayTracing/Compute/RadeonRays/RadixSort.cs
 0.1 kb	 0.0% Packages/com.unity.rendering.light-transport/Runtime/UnifiedRayTracing/Compute/RadeonRays/HlbvhBuilder.cs
 0.1 kb	 0.0% Packages/com.unity.rendering.light-transport/Runtime/UnifiedRayTracing/Common/Utilities/Utils.cs
 0.1 kb	 0.0% Packages/com.unity.rendering.light-transport/Runtime/Sampling/SobolData.cs
 0.1 kb	 0.0% Packages/com.unity.render-pipelines.universal/Runtime/Tiling/ZBinningJob.cs
 0.1 kb	 0.0% Packages/com.unity.render-pipelines.universal/Runtime/Tiling/TilingJob.cs
 0.1 kb	 0.0% Packages/com.unity.render-pipelines.universal/Runtime/TemporalAA.cs
 0.1 kb	 0.0% Packages/com.unity.render-pipelines.universal/Runtime/ShadowUtils.cs
 0.1 kb	 0.0% Packages/com.unity.render-pipelines.universal/Runtime/ShaderUtils.cs
 0.1 kb	 0.0% Packages/com.unity.render-pipelines.universal/Runtime/ShaderData.cs
 0.1 kb	 0.0% Packages/com.unity.render-pipelines.universal/Runtime/Passes/CapturePass.cs
 0.1 kb	 0.0% Packages/com.unity.render-pipelines.universal/Runtime/Overrides/WhiteBalance.cs
 0.1 kb	 0.0% Packages/com.unity.render-pipelines.universal/Runtime/Overrides/Tonemapping.cs
 0.1 kb	 0.0% Packages/com.unity.render-pipelines.universal/Runtime/Overrides/SplitToning.cs
 0.1 kb	 0.0% Packages/com.unity.render-pipelines.universal/Runtime/Overrides/MotionBlur.cs
 0.1 kb	 0.0% Packages/com.unity.render-pipelines.universal/Runtime/Overrides/FilmGrain.cs
 0.1 kb	 0.0% Packages/com.unity.render-pipelines.universal/Runtime/Overrides/DepthOfField.cs
 0.1 kb	 0.0% Packages/com.unity.render-pipelines.universal/Runtime/Overrides/ColorLookup.cs
 0.1 kb	 0.0% Packages/com.unity.render-pipelines.universal/Runtime/Overrides/ColorCurves.cs
 0.1 kb	 0.0% Packages/com.unity.render-pipelines.universal/Runtime/Overrides/ChannelMixer.cs
 0.1 kb	 0.0% Packages/com.unity.render-pipelines.universal/Runtime/History/TaaHistory.cs
 0.1 kb	 0.0% Packages/com.unity.render-pipelines.universal/Runtime/History/StpHistory.cs
 0.1 kb	 0.0% Packages/com.unity.render-pipelines.universal/Runtime/Decal/Entities/DecalChunk.cs
 0.1 kb	 0.0% Packages/com.unity.render-pipelines.universal/Runtime/Debug/DebugHandler.cs
 0.1 kb	 0.0% Packages/com.unity.render-pipelines.core/Runtime/XR/XRMirrorView.cs
 0.1 kb	 0.0% Packages/com.unity.render-pipelines.core/Runtime/Utilities/GPUPrefixSum/GPUPrefixSum.ShaderIDs.cs
 0.1 kb	 0.0% Packages/com.unity.render-pipelines.core/Runtime/GPUDriven/Utilities/ParallelBitArray.cs
 0.1 kb	 0.0% Packages/com.unity.render-pipelines.core/Runtime/GPUDriven/Utilities/MemoryUtilities.cs
 0.1 kb	 0.0% Packages/com.unity.render-pipelines.core/Runtime/GPUDriven/LODGroupDataPool.cs
 0.1 kb	 0.0% Packages/com.unity.render-pipelines.core/Runtime/GPUDriven/InstanceCuller.cs
 0.1 kb	 0.0% Packages/com.unity.render-pipelines.core/Runtime/Deprecated.cs
 0.1 kb	 0.0% Packages/com.unity.render-pipelines.core/Runtime/Common/CoreAttributes.cs
 0.1 kb	 0.0% Packages/com.unity.render-pipelines.core/Runtime/CommandBuffers/BaseCommandBufer.cs
 0.1 kb	 0.0% Packages/com.unity.inputsystem/InputSystem/Utilities/NameAndParameters.cs
 0.1 kb	 0.0% Packages/com.unity.inputsystem/InputSystem/Utilities/CSharpCodeHelpers.cs
 0.1 kb	 0.0% Packages/com.unity.inputsystem/InputSystem/Plugins/UI/TrackedDeviceRaycaster.cs
 0.1 kb	 0.0% Packages/com.unity.inputsystem/InputSystem/Plugins/UI/MultiplayerEventSystem.cs
 0.1 kb	 0.0% Packages/com.unity.inputsystem/InputSystem/Plugins/UI/InputSystemUIInputModule.cs
 0.1 kb	 0.0% Packages/com.unity.inputsystem/InputSystem/Plugins/UI/ExtendedPointerEventData.cs
 0.1 kb	 0.0% Packages/com.unity.inputsystem/InputSystem/Plugins/UI/ExtendedAxisEventData.cs
 0.1 kb	 0.0% Packages/com.unity.inputsystem/InputSystem/Plugins/HID/HIDDescriptorWindow.cs
 0.1 kb	 0.0% Packages/com.unity.inputsystem/InputSystem/Plugins/DualShock/IDualShockHaptics.cs
 0.1 kb	 0.0% Packages/com.unity.inputsystem/InputSystem/Editor/AssetEditor/ParameterListView.cs
 0.1 kb	 0.0% Packages/com.unity.inputsystem/InputSystem/Editor/AssetEditor/InputActionTreeViewItems.cs
 0.1 kb	 0.0% Packages/com.unity.inputsystem/InputSystem/Controls/Processors/NormalizeProcessor.cs
 0.1 kb	 0.0% Packages/com.unity.inputsystem/InputSystem/Actions/Interactions/SlowTapInteraction.cs
 0.1 kb	 0.0% Packages/com.unity.inputsystem/InputSystem/Actions/Interactions/MultiTapInteraction.cs
 0.1 kb	 0.0% Packages/com.unity.inputsystem/InputSystem/Actions/Composites/OneModifierComposite.cs
 0.1 kb	 0.0% Packages/com.unity.dt.app-ui/Runtime/Navigation/VisualElementExtensions.cs
 0.1 kb	 0.0% Packages/com.unity.dt.app-ui/Runtime/MVVM/Attributes/INotifyPropertyChangedAttribute.cs
 0.1 kb	 0.0% Packages/com.unity.collections/Unity.Collections/UnsafeUtilityEx.cs
 0.1 kb	 0.0% Packages/com.unity.collections/Unity.Collections/UnsafeAppendBuffer.cs
 0.1 kb	 0.0% Packages/com.unity.collections/Unity.Collections/NativeParallelHashSetExtensions.gen.cs
 0.1 kb	 0.0% Packages/com.unity.collections/Unity.Collections/Jobs/RegisterGenericJobTypeAttribute.cs
 0.1 kb	 0.0% Packages/com.unity.collections/Unity.Collections/DoubleRewindableAllocators.cs
 0.1 kb	 0.0% Packages/com.unity.collections/Unity.Collections/DataStreamExtensions.cs
 0.1 kb	 0.0% Packages/com.unity.ai.inference/Runtime/Tokenization/Tokenizer.cs
 0.1 kb	 0.0% Packages/com.unity.ai.inference/Runtime/Tokenization/SubString.cs
 0.1 kb	 0.0% Packages/com.unity.ai.inference/Runtime/Tokenization/Padding/IPadding.cs
 0.1 kb	 0.0% Packages/com.unity.ai.inference/Runtime/Tokenization/Mappers/IMapper.cs
 0.1 kb	 0.0% Packages/com.unity.ai.inference/Runtime/Tokenization/ITokenizer.cs
 0.1 kb	 0.0% Packages/com.unity.ai.inference/Runtime/Tokenization/IEncoding.cs
 0.1 kb	 0.0% Packages/com.unity.ai.inference/Runtime/Tokenization/Gpt2Splitter.cs
 0.1 kb	 0.0% Packages/com.unity.ai.inference/Runtime/Tokenization/Decoders/IDecoder.cs
 0.1 kb	 0.0% Packages/com.unity.ai.inference/Runtime/Core/SourceGenerator/SourceGeneratorAttributes.cs
 0.1 kb	 0.0% Packages/com.unity.ai.inference/Runtime/Core/ShapeInference/TensorShapeInferenceHelper.cs
 0.1 kb	 0.0% Packages/com.unity.ai.inference/Runtime/Core/ShapeInference/PartialInferenceContext.cs
 0.1 kb	 0.0% Packages/com.unity.ai.inference/Runtime/Core/Serialization/FlatBuffers/ByteBufferUtil.cs
 0.1 kb	 0.0% Packages/com.unity.ai.inference/Runtime/Core/Quantization/QuantizeConstantsPass.cs
 0.1 kb	 0.0% Packages/com.unity.ai.inference/Runtime/Core/Layers/Layer.ObjectDetection.cs
 0.1 kb	 0.0% Packages/com.unity.ai.inference/Runtime/Core/Internals/ModelAssetWeightsData.cs
 0.1 kb	 0.0% Packages/com.unity.ai.inference/Runtime/Core/Functional/Functional.NN.NonLinearActivation.cs
 0.1 kb	 0.0% Packages/com.unity.ai.inference/Runtime/Core/BurstJobsQuantizeTensor.cs
 0.1 kb	 0.0% Packages/com.unity.ai.inference/Runtime/Core/Backends/GPUCompute/ComputeHelper.ComputeFunctions.cs
 0.1 kb	 0.0% Packages/com.unity.ai.inference/Runtime/Core/Backends/CPUFallbackCalculator.cs
 0.1 kb	 0.0% Packages/com.unity.xr.interaction.toolkit/Runtime/UI/TouchModel.cs
 0.1 kb	 0.0% Packages/com.unity.xr.interaction.toolkit/Runtime/UI/MouseModel.cs
 0.1 kb	 0.0% Packages/com.unity.xr.interaction.toolkit/Runtime/UI/LazyFollow.cs
 0.1 kb	 0.0% Packages/com.unity.xr.interaction.toolkit/Runtime/Interaction/Gaze/IXRAimAssist.cs
 0.1 kb	 0.0% Packages/com.unity.xr.interaction.toolkit/Runtime/AR/Gestures/TwistGesture.cs
 0.1 kb	 0.0% Packages/com.unity.xr.interaction.toolkit/Runtime/AR/Gestures/TapGesture.cs
 0.1 kb	 0.0% Packages/com.unity.xr.interaction.toolkit/Runtime/AR/Gestures/PinchGesture.cs
 0.1 kb	 0.0% Packages/com.unity.xr.interaction.toolkit/Runtime/AR/Gestures/DragGesture.cs
 0.1 kb	 0.0% Packages/com.unity.xr.core-utils/Runtime/CapabilityProfile/Dictionary/ICapabilityModifier.cs
 0.1 kb	 0.0% Packages/com.unity.xr.core-utils/Runtime/CapabilityProfile/Dictionary/CapabilityDictionary.cs
 0.1 kb	 0.0% Packages/com.unity.xr.core-utils/Runtime/CapabilityProfile/CapabilityProfile.cs
 0.1 kb	 0.0% Packages/com.unity.xr.core-utils/Runtime/Attributes/FlagsPropertyAttribute.cs
 0.1 kb	 0.0% Packages/com.unity.xr.arfoundation/Runtime/ARSubsystems/XRTextureDescriptor.cs
 0.1 kb	 0.0% Packages/com.unity.xr.arfoundation/Runtime/ARSubsystems/SharedStringBuilder.cs
 0.1 kb	 0.0% Packages/com.unity.xr.arfoundation/Runtime/ARSubsystems/SessionSubsystem/XRSessionSubsystem.cs
 0.1 kb	 0.0% Packages/com.unity.xr.arfoundation/Runtime/ARSubsystems/RaycastSubsystem/XRRaycastSubsystem.cs
 0.1 kb	 0.0% Packages/com.unity.xr.arfoundation/Runtime/ARSubsystems/PlaneTracking/PlaneAlignment.cs
 0.1 kb	 0.0% Packages/com.unity.xr.arfoundation/Runtime/ARSubsystems/OcclusionSubsystem/XROcclusionSubsystem.cs
 0.1 kb	 0.0% Packages/com.unity.xr.arfoundation/Runtime/ARSubsystems/ObjectTrackingSubsystem/XRReferenceObject.cs
 0.1 kb	 0.0% Packages/com.unity.xr.arfoundation/Runtime/ARSubsystems/NativeCopyUtility.cs
 0.1 kb	 0.0% Packages/com.unity.xr.arfoundation/Runtime/ARSubsystems/HumanBodySubsystem/XRHumanBodySubsystem.cs
 0.1 kb	 0.0% Packages/com.unity.xr.arfoundation/Runtime/ARSubsystems/EnvironmentProbeSubsystem/XREnvironmentProbe.cs
 0.1 kb	 0.0% Packages/com.unity.xr.arfoundation/Runtime/ARSubsystems/Configuration/ConfigurationChooser.cs
 0.1 kb	 0.0% Packages/com.unity.xr.arfoundation/Runtime/ARSubsystems/CameraSubsystem/XRCameraSubsystem.cs
 0.1 kb	 0.0% Packages/com.unity.xr.arfoundation/Runtime/ARSubsystems/CameraSubsystem/XRCameraIntrinsics.cs
 0.1 kb	 0.0% Packages/com.unity.xr.arfoundation/Runtime/ARSubsystems/AnchorSubsystem/XRAnchorSubsystem.cs
 0.1 kb	 0.0% Packages/com.unity.xr.arfoundation/Runtime/ARFoundation/TransformExtensions.cs
 0.1 kb	 0.0% Packages/com.unity.xr.arfoundation/Runtime/ARFoundation/BoundingBoxRaycaster.cs
 0.1 kb	 0.0% Packages/com.unity.xr.arfoundation/Runtime/ARFoundation/ARPointCloudManager.cs
 0.1 kb	 0.0% Packages/com.unity.xr.arfoundation/Runtime/ARFoundation/ARPlaneMeshGenerator.cs
 0.1 kb	 0.0% Packages/com.unity.xr.arfoundation/Runtime/ARFoundation/ARParticipantManager.cs
 0.1 kb	 0.0% Packages/com.unity.xr.arfoundation/Runtime/ARFoundation/AROcclusionManager.cs
 0.1 kb	 0.0% Packages/com.unity.xr.arfoundation/Runtime/ARFoundation/ARHumanBodyManager.cs
 0.1 kb	 0.0% Packages/com.unity.xr.arfoundation/Runtime/ARFoundation/ARFaceMeshVisualizer.cs
 0.1 kb	 0.0% Packages/com.unity.xr.arfoundation/Runtime/ARFoundation/AREnvironmentProbe.cs
 0.1 kb	 0.0% Packages/com.unity.xr.arfoundation/Runtime/ARFoundation/ARCameraBackground.cs
 0.1 kb	 0.0% Packages/com.unity.xr.arfoundation/Runtime/ARFoundation/ARBoundingBoxManager.cs
 0.1 kb	 0.0% Packages/com.unity.ugui/Runtime/TMP/TMP_DynamicFontAssetUtilities.cs
 0.1 kb	 0.0% Packages/com.unity.render-pipelines.universal/Runtime/NoAllocUtils.cs
 0.1 kb	 0.0% Packages/com.unity.render-pipelines.universal/Runtime/2D/Light2D.cs
 0.1 kb	 0.0% Packages/com.unity.render-pipelines.universal/Runtime/2D/Clipper.cs
 0.1 kb	 0.0% Packages/com.unity.render-pipelines.core/Runtime/XR/XRSRPSettings.cs
 0.1 kb	 0.0% Packages/com.unity.render-pipelines.core/Runtime/Volume/VolumeProfile.cs
 0.1 kb	 0.0% Packages/com.unity.render-pipelines.core/Runtime/Volume/VolumeParameter.cs
 0.1 kb	 0.0% Packages/com.unity.render-pipelines.core/Runtime/Volume/VolumeManager.cs
 0.1 kb	 0.0% Packages/com.unity.render-pipelines.core/Runtime/Volume/VolumeDebugData.cs
 0.1 kb	 0.0% Packages/com.unity.render-pipelines.core/Runtime/Volume/VolumeComponent.cs
 0.1 kb	 0.0% Packages/com.unity.render-pipelines.core/Runtime/Volume/VolumeCollection.cs
 0.1 kb	 0.0% Packages/com.unity.render-pipelines.core/Runtime/Volume/KeyframeUtility.cs
 0.1 kb	 0.0% Packages/com.unity.render-pipelines.core/Runtime/Utilities/TileLayoutUtils.cs
 0.1 kb	 0.0% Packages/com.unity.render-pipelines.core/Runtime/Utilities/TextureGradient.cs
 0.1 kb	 0.0% Packages/com.unity.render-pipelines.core/Runtime/Utilities/ResourceReloader.cs
 0.1 kb	 0.0% Packages/com.unity.render-pipelines.core/Runtime/Utilities/LightUnitUtils.cs
 0.1 kb	 0.0% Packages/com.unity.render-pipelines.core/Runtime/Utilities/HaltonSequence.cs
 0.1 kb	 0.0% Packages/com.unity.render-pipelines.core/Runtime/Utilities/HDROutputUtils.cs
 0.1 kb	 0.0% Packages/com.unity.render-pipelines.core/Runtime/Utilities/GPUPrefixSum/GPUPrefixSum.Data.cs
 0.1 kb	 0.0% Packages/com.unity.render-pipelines.core/Runtime/Utilities/DelegateUtility.cs
 0.1 kb	 0.0% Packages/com.unity.render-pipelines.core/Runtime/Utilities/CoreMatrixUtils.cs
 0.1 kb	 0.0% Packages/com.unity.render-pipelines.core/Runtime/Utilities/ColorSpaceUtils.cs
 0.1 kb	 0.0% Packages/com.unity.render-pipelines.core/Runtime/Utilities/ArrayExtensions.cs
 0.1 kb	 0.0% Packages/com.unity.render-pipelines.core/Runtime/Textures/Texture2DAtlas.cs
 0.1 kb	 0.0% Packages/com.unity.render-pipelines.core/Runtime/Textures/RTHandleSystem.cs
 0.1 kb	 0.0% Packages/com.unity.render-pipelines.core/Runtime/RenderPipeline/IVolumetricCloud.cs
 0.1 kb	 0.0% Packages/com.unity.render-pipelines.core/Runtime/RenderPipeline/ICloudBackground.cs
 0.1 kb	 0.0% Packages/com.unity.render-pipelines.core/Runtime/RenderGraph/RenderGraphCompilationCache.cs
 0.1 kb	 0.0% Packages/com.unity.render-pipelines.core/Runtime/PostProcessing/LensFlareDataSRP.cs
 0.1 kb	 0.0% Packages/com.unity.render-pipelines.core/Runtime/Lighting/ProbeVolume/ProbeBrickPool.cs
 0.1 kb	 0.0% Packages/com.unity.render-pipelines.core/Runtime/Lighting/ProbeVolume/ProbeBrickIndex.cs
 0.1 kb	 0.0% Packages/com.unity.render-pipelines.core/Runtime/GPUDriven/InstanceData/InstanceType.cs
 0.1 kb	 0.0% Packages/com.unity.render-pipelines.core/Runtime/GPUDriven/InstanceData/InstanceData.cs
 0.1 kb	 0.0% Packages/com.unity.render-pipelines.core/Runtime/Debugging/ProfilingScope.cs
 0.1 kb	 0.0% Packages/com.unity.render-pipelines.core/Runtime/Debugging/FrameTiming/FrameTimeSample.cs
 0.1 kb	 0.0% Packages/com.unity.render-pipelines.core/Runtime/Debugging/DebugManager.UIState.cs
 0.1 kb	 0.0% Packages/com.unity.render-pipelines.core/Runtime/Debugging/DebugManager.Actions.cs
 0.1 kb	 0.0% Packages/com.unity.render-pipelines.core/Runtime/Debugging/DebugFrameTiming.cs
 0.1 kb	 0.0% Packages/com.unity.render-pipelines.core/Runtime/Common/SerializableEnum.cs
 0.1 kb	 0.0% Packages/com.unity.render-pipelines.core/Runtime/Common/ReloadAttribute.cs
 0.1 kb	 0.0% Packages/com.unity.render-pipelines.core/Runtime/Common/IAdditionalData.cs
 0.1 kb	 0.0% Packages/com.unity.render-pipelines.core/Runtime/Common/DynamicString.cs
 0.1 kb	 0.0% Packages/com.unity.render-pipelines.core/Runtime/Common/CoreUnsafeUtils.cs
 0.1 kb	 0.0% Packages/com.unity.render-pipelines.core/Runtime/Common/ContextContainer.cs
 0.1 kb	 0.0% Packages/com.unity.render-pipelines.core/Runtime/Common/ConstantBuffer.cs
 0.1 kb	 0.0% Packages/com.unity.render-pipelines.core/Runtime/Camera/CameraSwitcher.cs
 0.1 kb	 0.0% Packages/com.unity.inputsystem/InputSystem/Utilities/Comparers.cs
 0.1 kb	 0.0% Packages/com.unity.inputsystem/InputSystem/State/InputStateHistory.cs
 0.1 kb	 0.0% Packages/com.unity.inputsystem/InputSystem/State/InputStateBuffers.cs
 0.1 kb	 0.0% Packages/com.unity.inputsystem/InputSystem/State/IInputStateTypeInfo.cs
 0.1 kb	 0.0% Packages/com.unity.inputsystem/InputSystem/Plugins/iOS/InputSettingsiOSProvider.cs
 0.1 kb	 0.0% Packages/com.unity.inputsystem/InputSystem/Plugins/Users/InputUserSettings.cs
 0.1 kb	 0.0% Packages/com.unity.inputsystem/InputSystem/Plugins/PlayerInput/PlayerInputEditor.cs
 0.1 kb	 0.0% Packages/com.unity.inputsystem/InputSystem/Plugins/EnhancedTouch/TouchSimulation.cs
 0.1 kb	 0.0% Packages/com.unity.inputsystem/InputSystem/NativeInputRuntime.cs
 0.1 kb	 0.0% Packages/com.unity.inputsystem/InputSystem/Events/InputEventListener.cs
 0.1 kb	 0.0% Packages/com.unity.inputsystem/InputSystem/Events/IMECompositionEvent.cs
 0.1 kb	 0.0% Packages/com.unity.inputsystem/InputSystem/Events/IInputEventTypeInfo.cs
 0.1 kb	 0.0% Packages/com.unity.inputsystem/InputSystem/Events/DeviceRemoveEvent.cs
 0.1 kb	 0.0% Packages/com.unity.inputsystem/InputSystem/Editor/UITKAssetEditor/Views/MatchingControlPaths.cs
 0.1 kb	 0.0% Packages/com.unity.inputsystem/InputSystem/Editor/UITKAssetEditor/Views/IViewStateCollection.cs
 0.1 kb	 0.0% Packages/com.unity.inputsystem/InputSystem/Editor/UITKAssetEditor/Views/ControlSchemesView.cs
 0.1 kb	 0.0% Packages/com.unity.inputsystem/InputSystem/Editor/UITKAssetEditor/Views/ActionPropertiesView.cs
 0.1 kb	 0.0% Packages/com.unity.inputsystem/InputSystem/Editor/UITKAssetEditor/EnumerableExtensions.cs
 0.1 kb	 0.0% Packages/com.unity.inputsystem/InputSystem/Editor/PropertyDrawers/InputActionMapDrawer.cs
 0.1 kb	 0.0% Packages/com.unity.inputsystem/InputSystem/Editor/PropertyDrawers/InputActionDrawer.cs
 0.1 kb	 0.0% Packages/com.unity.inputsystem/InputSystem/Editor/Internal/InputEventTreeView.cs
 0.1 kb	 0.0% Packages/com.unity.inputsystem/InputSystem/Editor/Internal/InputControlTreeView.cs
 0.1 kb	 0.0% Packages/com.unity.inputsystem/InputSystem/Editor/Internal/BuildProviderHelpers.cs
 0.1 kb	 0.0% Packages/com.unity.inputsystem/InputSystem/Editor/Internal/AdvancedDropdown/MultiLevelDataSource.cs
 0.1 kb	 0.0% Packages/com.unity.inputsystem/InputSystem/Editor/Internal/AdvancedDropdown/CallbackDataSource.cs
 0.1 kb	 0.0% Packages/com.unity.inputsystem/InputSystem/Editor/Internal/AdvancedDropdown/AdvancedDropdownItem.cs
 0.1 kb	 0.0% Packages/com.unity.inputsystem/InputSystem/Editor/Internal/AdvancedDropdown/AdvancedDropdownGUI.cs
 0.1 kb	 0.0% Packages/com.unity.inputsystem/InputSystem/Editor/InputParameterEditor.cs
 0.1 kb	 0.0% Packages/com.unity.inputsystem/InputSystem/Editor/DeviceSimulator/InputSystemPlugin.cs
 0.1 kb	 0.0% Packages/com.unity.inputsystem/InputSystem/Editor/Debugger/InputDebuggerWindow.cs
 0.1 kb	 0.0% Packages/com.unity.inputsystem/InputSystem/Editor/ControlPicker/InputControlPicker.cs
 0.1 kb	 0.0% Packages/com.unity.inputsystem/InputSystem/Editor/BuildPipeline/LinkFileGenerator.cs
 0.1 kb	 0.0% Packages/com.unity.inputsystem/InputSystem/Editor/AssetImporter/InputActionImporter.cs
 0.1 kb	 0.0% Packages/com.unity.inputsystem/InputSystem/Editor/AssetEditor/PropertiesViewBase.cs
 0.1 kb	 0.0% Packages/com.unity.inputsystem/InputSystem/Editor/AssetEditor/InputActionTreeView.cs
 0.1 kb	 0.0% Packages/com.unity.inputsystem/InputSystem/Editor/Analytics/InputEditorAnalytics.cs
 0.1 kb	 0.0% Packages/com.unity.inputsystem/InputSystem/Editor/Analytics/InputBuildAnalytic.cs
 0.1 kb	 0.0% Packages/com.unity.inputsystem/InputSystem/Devices/InputDeviceMatcher.cs
 0.1 kb	 0.0% Packages/com.unity.inputsystem/InputSystem/Devices/InputDeviceBuilder.cs
 0.1 kb	 0.0% Packages/com.unity.inputsystem/InputSystem/Devices/ITextInputReceiver.cs
 0.1 kb	 0.0% Packages/com.unity.inputsystem/InputSystem/Devices/IEventPreProcessor.cs
 0.1 kb	 0.0% Packages/com.unity.inputsystem/InputSystem/Devices/ICustomDeviceReset.cs
 0.1 kb	 0.0% Packages/com.unity.inputsystem/InputSystem/Devices/Commands/RequestSyncCommand.cs
 0.1 kb	 0.0% Packages/com.unity.inputsystem/InputSystem/Devices/Commands/RequestResetCommand.cs
 0.1 kb	 0.0% Packages/com.unity.inputsystem/InputSystem/Devices/Commands/QueryUserIdCommand.cs
 0.1 kb	 0.0% Packages/com.unity.inputsystem/InputSystem/Devices/Commands/QueryKeyNameCommand.cs
 0.1 kb	 0.0% Packages/com.unity.inputsystem/InputSystem/Devices/Commands/InputDeviceCommand.cs
 0.1 kb	 0.0% Packages/com.unity.inputsystem/InputSystem/Devices/Commands/EnableDeviceCommand.cs
 0.1 kb	 0.0% Packages/com.unity.inputsystem/InputSystem/Devices/Commands/DisableDeviceCommand.cs
 0.1 kb	 0.0% Packages/com.unity.inputsystem/InputSystem/Controls/TouchPressControl.cs
 0.1 kb	 0.0% Packages/com.unity.inputsystem/InputSystem/Controls/TouchPhaseControl.cs
 0.1 kb	 0.0% Packages/com.unity.inputsystem/InputSystem/Controls/QuaternionControl.cs
 0.1 kb	 0.0% Packages/com.unity.inputsystem/InputSystem/Controls/InputControlLayout.cs
 0.1 kb	 0.0% Packages/com.unity.inputsystem/InputSystem/Controls/InputControlExtensions.cs
 0.1 kb	 0.0% Packages/com.unity.inputsystem/InputSystem/Actions/InputInteractionContext.cs
 0.1 kb	 0.0% Packages/com.unity.inputsystem/InputSystem/Actions/InputBindingComposite.cs
 0.1 kb	 0.0% Packages/com.unity.inputsystem/InputSystem/Actions/IInputActionCollection.cs
 0.1 kb	 0.0% Packages/com.unity.dt.app-ui/Runtime/UI/Exceptions/VisualElementNotFoundException.cs
 0.1 kb	 0.0% Packages/com.unity.dt.app-ui/Runtime/UI/Events/AccordionItemValueChangedEvent.cs
 0.1 kb	 0.0% Packages/com.unity.collections/Unity.Collections/NativeNotBurstCompatible.cs
 0.1 kb	 0.0% Packages/com.unity.ai.inference/Runtime/Core/Serialization/Safetensors/SafetensorsHeader.cs
 0.1 kb	 0.0% Packages/com.unity.ai.inference/Runtime/Core/Layers/Layer.ActivationNonLinear.cs
 0.1 kb	 0.0% Packages/com.unity.ai.inference/Runtime/Core/Graph/FindNodesLookupTable.cs
 0.1 kb	 0.0% Packages/com.unity.ai.inference/Runtime/Core/Functional/FunctionalTensor.Operator.cs
 0.1 kb	 0.0% Packages/com.unity.ai.inference/Runtime/Core/Functional/Functional.Tensor.Transformation.cs
 0.1 kb	 0.0% Packages/com.unity.ai.inference/Runtime/Core/Functional/Functional.Math.LinearAlgebra.cs
 0.1 kb	 0.0% Packages/com.unity.ai.inference/Runtime/Core/Functional/Functional.Extensions.cs
 0.1 kb	 0.0% Packages/com.unity.ai.inference/Runtime/Core/Backends/CPU/BurstCPU.Jobs.PointwiseUnary.gen.cs
 0.1 kb	 0.0% Packages/com.xreal.xr/Runtime/Scripts/XREALMainThreadDispatcher.cs
 0.1 kb	 0.0% Packages/com.xreal.xr/Runtime/Scripts/Utility/XREALTrackingTypeChangeMask.cs
 0.1 kb	 0.0% Packages/com.xreal.xr/Runtime/Scripts/Utility/XREALInteractionExtension.cs
 0.1 kb	 0.0% Packages/com.xreal.xr/Runtime/Scripts/Utility/XREALInputSystemExtension.cs
 0.1 kb	 0.0% Packages/com.xreal.xr/Runtime/Scripts/Android/XREALFloatingViewProvider.cs
 0.1 kb	 0.0% Packages/com.xreal.xr/Runtime/Scripts/Android/Notification/XREALTemperatureNotification.cs
 0.1 kb	 0.0% Packages/com.xreal.xr/Runtime/Scripts/Android/Notification/XREALSlamStateNotification.cs
 0.1 kb	 0.0% Packages/com.xreal.xr/Runtime/Scripts/Android/Notification/XREALNotificationListener.cs
 0.1 kb	 0.0% Packages/com.xreal.xr/Runtime/Scripts/Android/Notification/XREALNativeErrorNotification.cs
 0.1 kb	 0.0% Packages/com.xreal.xr/Runtime/Scripts/Android/Camera Features/NativeGalleryDataProvider.cs
 0.1 kb	 0.0% Packages/com.xreal.xr/Runtime/Scripts/Android/Camera Features/FrameCaptureContextFactory.cs
 0.1 kb	 0.0% Packages/com.xreal.xr/Runtime/Scripts/Android/AR Features/XREALMeshSubsystemExtensions.cs
 0.1 kb	 0.0% Packages/com.xreal.xr/Runtime/Scripts/Android/AR Features/XREALImageTrackingSubsystem.cs
 0.1 kb	 0.0% Packages/com.xreal.xr/Runtime/Scripts/Android/AR Features/XREALAnchorManagerExtension.cs
 0.1 kb	 0.0% Packages/com.unity.xr.management/Runtime/XRManagerSettings.cs
 0.1 kb	 0.0% Packages/com.unity.xr.management/Runtime/XRGeneralSettings.cs
 0.1 kb	 0.0% Packages/com.unity.xr.legacyinputhelpers/Runtime/ArmModels/ArmModel.cs
 0.1 kb	 0.0% Packages/com.unity.xr.interaction.toolkit/Runtime/XR/GizmoHelpers.cs
 0.1 kb	 0.0% Packages/com.unity.xr.interaction.toolkit/Runtime/UI/BodyUI/HandMenu.cs
 0.1 kb	 0.0% Packages/com.unity.xr.interaction.toolkit/Runtime/Interaction/Controllers/XRController.cs
 0.1 kb	 0.0% Packages/com.unity.xr.core-utils/Runtime/ScriptableSettingsBase.cs
 0.1 kb	 0.0% Packages/com.unity.xr.core-utils/Runtime/Extensions/MonoBehaviourExtensions.cs
 0.1 kb	 0.0% Packages/com.unity.xr.core-utils/Runtime/Datums/StringDatumProperty.cs
 0.1 kb	 0.0% Packages/com.unity.xr.core-utils/Runtime/Datums/FloatDatumProperty.cs
 0.1 kb	 0.0% Packages/com.unity.xr.core-utils/Runtime/Datums/AnimationCurveDatum.cs
 0.1 kb	 0.0% Packages/com.unity.xr.arfoundation/Runtime/ARSubsystems/XRCpuImage/AsyncConversionStatus.cs
 0.1 kb	 0.0% Packages/com.unity.xr.arfoundation/Runtime/ARFoundation/TrackingMode.cs
 0.1 kb	 0.0% Packages/com.unity.ugui/Runtime/UGUI/EventSystem/InputModules/StandaloneInputModule.cs
 0.1 kb	 0.0% Packages/com.unity.rendering.light-transport/Runtime/UnifiedRayTracing/Compute/RadeonRays/StringIDs.cs
 0.1 kb	 0.0% Packages/com.unity.rendering.light-transport/Runtime/UnifiedRayTracing/Compute/RadeonRays/Common.cs
 0.1 kb	 0.0% Packages/com.unity.rendering.light-transport/Runtime/UnifiedRayTracing/Compute/RadeonRays/BvhCheck.cs
 0.1 kb	 0.0% Packages/com.unity.render-pipelines.universal/Runtime/StpUtils.cs
 0.1 kb	 0.0% Packages/com.unity.render-pipelines.universal/Runtime/Overrides/Vignette.cs
 0.1 kb	 0.0% Packages/com.unity.render-pipelines.universal/Runtime/Overrides/Bloom.cs
 0.1 kb	 0.0% Packages/com.unity.render-pipelines.core/Runtime/XR/XRView.cs
 0.1 kb	 0.0% Packages/com.unity.render-pipelines.core/Runtime/XR/XRSystem.cs
 0.1 kb	 0.0% Packages/com.unity.render-pipelines.core/Runtime/XR/XRPass.cs
 0.1 kb	 0.0% Packages/com.unity.render-pipelines.core/Runtime/XR/XRLayout.cs
 0.1 kb	 0.0% Packages/com.unity.render-pipelines.core/Runtime/GPUDriven/BatchLayers.cs
 0.1 kb	 0.0% Packages/com.unity.render-pipelines.core/Runtime/Debugging/DebugUI.Containers.cs
 0.1 kb	 0.0% Packages/com.unity.inputsystem/InputSystem/Utilities/StringHelpers.cs
 0.1 kb	 0.0% Packages/com.unity.inputsystem/InputSystem/Utilities/SpriteUtilities.cs
 0.1 kb	 0.0% Packages/com.unity.inputsystem/InputSystem/Utilities/PrimitiveValue.cs
 0.1 kb	 0.0% Packages/com.unity.inputsystem/InputSystem/Utilities/PredictiveParser.cs
 0.1 kb	 0.0% Packages/com.unity.inputsystem/InputSystem/Utilities/NumberHelpers.cs
 0.1 kb	 0.0% Packages/com.unity.inputsystem/InputSystem/Utilities/MemoryHelpers.cs
 0.1 kb	 0.0% Packages/com.unity.inputsystem/InputSystem/Utilities/InternedString.cs
 0.1 kb	 0.0% Packages/com.unity.inputsystem/InputSystem/Utilities/ExceptionHelpers.cs
 0.1 kb	 0.0% Packages/com.unity.inputsystem/InputSystem/Utilities/DelegateHelpers.cs
 0.1 kb	 0.0% Packages/com.unity.inputsystem/InputSystem/Plugins/iOS/iOSStepCounter.cs
 0.1 kb	 0.0% Packages/com.unity.inputsystem/InputSystem/Plugins/XR/TrackedPoseDriver.cs
 0.1 kb	 0.0% Packages/com.unity.inputsystem/InputSystem/Plugins/XR/Haptics/BufferedRumble.cs
 0.1 kb	 0.0% Packages/com.unity.inputsystem/InputSystem/Plugins/UI/VirtualMouseInput.cs
 0.1 kb	 0.0% Packages/com.unity.inputsystem/InputSystem/Plugins/UI/INavigationEventData.cs
 0.1 kb	 0.0% Packages/com.unity.inputsystem/InputSystem/Plugins/UI/BaseInputOverride.cs
 0.1 kb	 0.0% Packages/com.unity.inputsystem/InputSystem/Plugins/DualShock/DualShockSupport.cs
 0.1 kb	 0.0% Packages/com.unity.inputsystem/InputSystem/Plugins/DualShock/DualShockGamepad.cs
 0.1 kb	 0.0% Packages/com.unity.inputsystem/InputSystem/Controls/Processors/ScaleProcessor.cs
 0.1 kb	 0.0% Packages/com.unity.inputsystem/InputSystem/Controls/Processors/InvertProcessor.cs
 0.1 kb	 0.0% Packages/com.unity.inputsystem/InputSystem/Controls/Processors/ClampProcessor.cs
 0.1 kb	 0.0% Packages/com.unity.inputsystem/InputSystem/Actions/Interactions/TapInteraction.cs
 0.1 kb	 0.0% Packages/com.unity.inputsystem/InputSystem/Actions/Interactions/PressInteraction.cs
 0.1 kb	 0.0% Packages/com.unity.inputsystem/InputSystem/Actions/Interactions/HoldInteraction.cs
 0.1 kb	 0.0% Packages/com.unity.inputsystem/InputSystem/Actions/InputActionTrace.cs
 0.1 kb	 0.0% Packages/com.unity.inputsystem/InputSystem/Actions/Composites/Vector3Composite.cs
 0.1 kb	 0.0% Packages/com.unity.inputsystem/InputSystem/Actions/Composites/Vector2Composite.cs
 0.1 kb	 0.0% Packages/com.unity.inputsystem/InputSystem/Actions/Composites/AxisComposite.cs
 0.1 kb	 0.0% Packages/com.unity.dt.app-ui/Runtime/UI/Attributes/GenerateLowerCaseStrings.cs
 0.1 kb	 0.0% Packages/com.unity.dt.app-ui/Runtime/Navigation/NavGraphViewAsset.cs
 0.1 kb	 0.0% Packages/com.unity.dt.app-ui/Runtime/Navigation/INavVisualController.cs
 0.1 kb	 0.0% Packages/com.unity.dt.app-ui/Runtime/MVVM/Extensions/ServicesCollectionExtensions.cs
 0.1 kb	 0.0% Packages/com.unity.dt.app-ui/Runtime/MVVM/Extensions/ServiceProviderExtensions.cs
 0.1 kb	 0.0% Packages/com.unity.dt.app-ui/Runtime/MVVM/Attributes/ObservablePropertyAttribute.cs
 0.1 kb	 0.0% Packages/com.unity.dt.app-ui/Runtime/MVVM/Attributes/ObservableObjectAttribute.cs
 0.1 kb	 0.0% Packages/com.unity.collections/Unity.Collections/UnsafeBitArray.cs
 0.1 kb	 0.0% Packages/com.unity.collections/Unity.Collections/UTF8ArrayUnsafeUtility.cs
 0.1 kb	 0.0% Packages/com.unity.collections/Unity.Collections/StreamCompressionModel.cs
 0.1 kb	 0.0% Packages/com.unity.collections/Unity.Collections/NativeArrayExtensions.cs
 0.1 kb	 0.0% Packages/com.unity.collections/Unity.Collections/FixedStringInternalMethods.cs
 0.1 kb	 0.0% Packages/com.unity.collections/Unity.Collections/FixedStringFormatMethods.gen.cs
 0.1 kb	 0.0% Packages/com.unity.burst/Runtime/CompilerServices/SkipLocalsInitAttribute.cs
 0.1 kb	 0.0% Packages/com.unity.burst/Runtime/CompilerServices/IgnoreWarningAttribute.cs
 0.1 kb	 0.0% Packages/com.unity.ai.inference/Runtime/Tokenization/Utility.cs
 0.1 kb	 0.0% Packages/com.unity.ai.inference/Runtime/Tokenization/Token.cs
 0.1 kb	 0.0% Packages/com.unity.ai.inference/Runtime/Tokenization/Encoding.cs
 0.1 kb	 0.0% Packages/com.unity.ai.inference/Runtime/Core/ShapeInference/DynamicTensorShape.cs
 0.1 kb	 0.0% Packages/com.unity.ai.inference/Runtime/Core/Serialization/FlatBuffers/FlatBufferVerify.cs
 0.1 kb	 0.0% Packages/com.unity.ai.inference/Runtime/Core/Serialization/FlatBuffers/ByteBuffer.cs
 0.1 kb	 0.0% Packages/com.unity.ai.inference/Runtime/Core/Layers/Layer.Quantization.cs
 0.1 kb	 0.0% Packages/com.unity.ai.inference/Runtime/Core/Functional/FunctionalTensor.Indexer.cs
 0.1 kb	 0.0% Packages/com.unity.ai.inference/Runtime/Core/Functional/Functional.Vision.Detection.cs
 0.1 kb	 0.0% Packages/com.unity.ai.inference/Runtime/Core/Functional/Functional.Tensor.Creation.cs
 0.1 kb	 0.0% Packages/com.unity.ai.inference/Runtime/Core/Functional/Functional.Tensor.Constant.cs
 0.1 kb	 0.0% Packages/com.unity.ai.inference/Runtime/Core/Functional/Functional.NN.Convolution.cs
 0.1 kb	 0.0% Packages/com.unity.ai.inference/Runtime/Core/Functional/Functional.Math.Reduction.cs
 0.1 kb	 0.0% Packages/com.unity.ai.inference/Runtime/Core/Functional/Functional.Math.Pointwise.cs
 0.1 kb	 0.0% Packages/com.unity.ai.inference/Runtime/Core/Functional/Functional.Math.Comparison.cs
 0.1 kb	 0.0% Packages/com.unity.ai.inference/Runtime/Core/Compiler/Passes/GraphPass.cs
 0.1 kb	 0.0% Packages/com.unity.ai.inference/Runtime/Core/BurstJobsCastTensor.cs
 0.1 kb	 0.0% Packages/com.unity.ai.inference/Runtime/Core/Backends/GPUPixel/TextureTensorData.cs
 0.1 kb	 0.0% Packages/com.unity.ai.inference/Runtime/Core/Backends/GPUPixel/PixelShaderSingleton.cs
 0.1 kb	 0.0% Packages/com.unity.ai.inference/Runtime/Core/Backends/GPUPixel/GPUPixelBurstJobs.cs
 0.1 kb	 0.0% Packages/com.unity.ai.inference/Runtime/Core/Backends/GPUCompute/ComputeTensorData.cs
 0.1 kb	 0.0% Packages/com.unity.ai.inference/Runtime/Core/Backends/GPUCompute/ComputeHelper.PropertyID.cs
 0.1 kb	 0.0% Packages/com.unity.ai.inference/Runtime/Core/Backends/GPUCompute/Compute.Backend.gen.cs
 0.1 kb	 0.0% Packages/com.unity.ai.inference/Runtime/Core/Backends/GPUCompute/CommandBufferHelper.cs
 0.1 kb	 0.0% Packages/com.unity.ai.inference/Runtime/Core/Backends/CPU/NativeTensorArray.cs
 0.1 kb	 0.0% Packages/com.unity.ai.inference/Runtime/Core/Backends/CPU/BurstCPUJobSystem.cs
 0.1 kb	 0.0% Packages/com.unity.ai.inference/Runtime/Core/Backends/CPU/BurstCPU.Jobs.Reduction.gen.cs
 0.1 kb	 0.0% Packages/com.unity.ai.inference/Runtime/Core/Backends/CPU/BurstCPU.Jobs.Normalization.cs
 0.1 kb	 0.0% Packages/com.unity.ai.inference/Runtime/Core/Backends/CPU/BurstCPU.Jobs.IndexingOpsA.cs
 0.1 kb	 0.0% Packages/com.unity.ai.inference/Runtime/Core/Backends/CPU/BurstCPU.Jobs.ImageBased.gen.cs
 0.1 kb	 0.0% Packages/com.unity.ai.inference/Runtime/Core/Backends/CPU/BurstCPU.Jobs.Broadcast.gen.cs
 0.1 kb	 0.0% Packages/com.unity.ai.inference/Runtime/Core/Backends/CPU/BurstCPU.Helper.cs
 0.1 kb	 0.0% Packages/com.unity.xr.core-utils/Runtime/Attributes/EnumDisplayAttribute.cs
 0.1 kb	 0.0% Packages/com.unity.xr.arfoundation/Runtime/ARSubsystems/XRResultStatus.cs
 0.1 kb	 0.0% Packages/com.unity.xr.arfoundation/Runtime/ARSubsystems/ShaderKeywords.cs
 0.1 kb	 0.0% Packages/com.unity.xr.arfoundation/Runtime/ARSubsystems/SerializableGuid.cs
 0.1 kb	 0.0% Packages/com.unity.xr.arfoundation/Runtime/ARSubsystems/ScopedProfiler.cs
 0.1 kb	 0.0% Packages/com.unity.xr.arfoundation/Runtime/ARSubsystems/PointCloudSubsystem/XRPointCloudData.cs
 0.1 kb	 0.0% Packages/com.unity.xr.arfoundation/Runtime/ARSubsystems/PlaneTracking/XRPlaneSubsystem.cs
 0.1 kb	 0.0% Packages/com.unity.xr.arfoundation/Runtime/ARSubsystems/ParticipantSubsystem/XRParticipant.cs
 0.1 kb	 0.0% Packages/com.unity.xr.arfoundation/Runtime/ARSubsystems/ObjectTrackingSubsystem/XRTrackedObject.cs
 0.1 kb	 0.0% Packages/com.unity.xr.arfoundation/Runtime/ARSubsystems/ImageTrackingSubsystem/XRTrackedImage.cs
 0.1 kb	 0.0% Packages/com.unity.xr.arfoundation/Runtime/ARSubsystems/ImageTrackingSubsystem/XRReferenceImage.cs
 0.1 kb	 0.0% Packages/com.unity.xr.arfoundation/Runtime/ARSubsystems/HumanBodySubsystem/XRHumanBodyJoint.cs
 0.1 kb	 0.0% Packages/com.unity.xr.arfoundation/Runtime/ARSubsystems/FaceSubsystem/XRFaceSubsystem.cs
 0.1 kb	 0.0% Packages/com.unity.xr.arfoundation/Runtime/ARSubsystems/Configuration/Configuration.cs
 0.1 kb	 0.0% Packages/com.unity.xr.arfoundation/Runtime/ARSubsystems/CameraSubsystem/XRCameraParams.cs
 0.1 kb	 0.0% Packages/com.unity.xr.arfoundation/Runtime/ARSubsystems/CameraSubsystem/XRCameraFrame.cs
 0.1 kb	 0.0% Packages/com.unity.xr.arfoundation/Runtime/ARSubsystems/BoundingBoxSubsystem/XRBoundingBox.cs
 0.1 kb	 0.0% Packages/com.unity.xr.arfoundation/Runtime/ARSubsystems/ARRenderingUtils.cs
 0.1 kb	 0.0% Packages/com.unity.xr.arfoundation/Runtime/ARFoundation/PoseExtensions.cs
 0.1 kb	 0.0% Packages/com.unity.xr.arfoundation/Runtime/ARFoundation/LoaderUtility.cs
 0.1 kb	 0.0% Packages/com.unity.xr.arfoundation/Runtime/ARFoundation/ARUpdateOrder.cs
 0.1 kb	 0.0% Packages/com.unity.xr.arfoundation/Runtime/ARFoundation/ARTrackedObject.cs
 0.1 kb	 0.0% Packages/com.unity.xr.arfoundation/Runtime/ARFoundation/ARTrackedImage.cs
 0.1 kb	 0.0% Packages/com.unity.xr.arfoundation/Runtime/ARFoundation/ARTextureInfo.cs
 0.1 kb	 0.0% Packages/com.unity.xr.arfoundation/Runtime/ARFoundation/ARSessionOrigin.cs
 0.1 kb	 0.0% Packages/com.unity.xr.arfoundation/Runtime/ARFoundation/ARRaycastManager.cs
 0.1 kb	 0.0% Packages/com.unity.xr.arfoundation/Runtime/ARFoundation/ARPlaneManager.cs
 0.1 kb	 0.0% Packages/com.unity.xr.arfoundation/Runtime/ARFoundation/ARParticipant.cs
 0.1 kb	 0.0% Packages/com.unity.xr.arfoundation/Runtime/ARFoundation/ARMeshManager.cs
 0.1 kb	 0.0% Packages/com.unity.xr.arfoundation/Runtime/ARFoundation/ARInputManager.cs
 0.1 kb	 0.0% Packages/com.unity.xr.arfoundation/Runtime/ARFoundation/ARFaceManager.cs
 0.1 kb	 0.0% Packages/com.unity.xr.arfoundation/Runtime/ARFoundation/ARCameraManager.cs
 0.1 kb	 0.0% Packages/com.unity.xr.arfoundation/Runtime/ARFoundation/ARBoundingBox.cs
 0.1 kb	 0.0% Packages/com.unity.xr.arfoundation/Runtime/ARFoundation/ARAnchorManager.cs
 0.1 kb	 0.0% Packages/com.unity.ugui/Runtime/TMP/TMP_ScrollbarEventHandler.cs
 0.1 kb	 0.0% Packages/com.unity.ugui/Runtime/TMP/TMP_PackageResourceImporter.cs
 0.1 kb	 0.0% Packages/com.unity.render-pipelines.core/Runtime/Volume/VolumeStack.cs
 0.1 kb	 0.0% Packages/com.unity.render-pipelines.core/Runtime/Utilities/TextureCurve.cs
 0.1 kb	 0.0% Packages/com.unity.render-pipelines.core/Runtime/Utilities/MeshGizmo.cs
 0.1 kb	 0.0% Packages/com.unity.render-pipelines.core/Runtime/Utilities/HashFNV1A32.cs
 0.1 kb	 0.0% Packages/com.unity.render-pipelines.core/Runtime/Utilities/HableCurve.cs
 0.1 kb	 0.0% Packages/com.unity.render-pipelines.core/Runtime/Utilities/GPUPrefixSum/GPUPrefixSum.cs
 0.1 kb	 0.0% Packages/com.unity.render-pipelines.core/Runtime/Utilities/CoreUtils.cs
 0.1 kb	 0.0% Packages/com.unity.render-pipelines.core/Runtime/Utilities/ColorUtils.cs
 0.1 kb	 0.0% Packages/com.unity.render-pipelines.core/Runtime/Textures/TextureXR.cs
 0.1 kb	 0.0% Packages/com.unity.render-pipelines.core/Runtime/Textures/RTHandles.cs
 0.1 kb	 0.0% Packages/com.unity.render-pipelines.core/Runtime/Stripping/IStripper.cs
 0.1 kb	 0.0% Packages/com.unity.render-pipelines.core/Runtime/ShaderLibrary/Sampling/Hammersley.cs
 0.1 kb	 0.0% Packages/com.unity.render-pipelines.core/Runtime/Lighting/ProbeVolume/ProbeVolume.cs
 0.1 kb	 0.0% Packages/com.unity.render-pipelines.core/Runtime/GPUDriven/FrustumPlanes.cs
 0.1 kb	 0.0% Packages/com.unity.render-pipelines.core/Runtime/Debugging/Prefabs/Scripts/UIFoldout.cs
 0.1 kb	 0.0% Packages/com.unity.render-pipelines.core/Runtime/Debugging/DebugUpdater.cs
 0.1 kb	 0.0% Packages/com.unity.render-pipelines.core/Runtime/Debugging/DebugUI.Panel.cs
 0.1 kb	 0.0% Packages/com.unity.render-pipelines.core/Runtime/Debugging/DebugUI.Fields.cs
 0.1 kb	 0.0% Packages/com.unity.render-pipelines.core/Runtime/Debugging/DebugShapes.cs
 0.1 kb	 0.0% Packages/com.unity.render-pipelines.core/Runtime/Debugging/DebugOverlay.cs
 0.1 kb	 0.0% Packages/com.unity.render-pipelines.core/Runtime/Debugging/DebugManager.cs
 0.1 kb	 0.0% Packages/com.unity.render-pipelines.core/Runtime/Camera/FreeCamera.cs
 0.1 kb	 0.0% Packages/com.unity.mathematics/Unity.Mathematics/PropertyAttributes.cs
 0.1 kb	 0.0% Packages/com.unity.inputsystem/InputSystem/State/InputStateBlock.cs
 0.1 kb	 0.0% Packages/com.unity.inputsystem/InputSystem/Plugins/iOS/iOSPostProcessBuild.cs
 0.1 kb	 0.0% Packages/com.unity.inputsystem/InputSystem/Plugins/XInput/XInputSupport.cs
 0.1 kb	 0.0% Packages/com.unity.inputsystem/InputSystem/Plugins/XInput/XInputController.cs
 0.1 kb	 0.0% Packages/com.unity.inputsystem/InputSystem/Plugins/XInput/IXboxOneRumble.cs
 0.1 kb	 0.0% Packages/com.unity.inputsystem/InputSystem/Plugins/WebGL/WebGLJoystick.cs
 0.1 kb	 0.0% Packages/com.unity.inputsystem/InputSystem/Plugins/UnityRemote/UnityRemoteSupport.cs
 0.1 kb	 0.0% Packages/com.unity.inputsystem/InputSystem/Plugins/Switch/SwitchSupportHID.cs
 0.1 kb	 0.0% Packages/com.unity.inputsystem/InputSystem/Plugins/PlayerInput/PlayerInputManager.cs
 0.1 kb	 0.0% Packages/com.unity.inputsystem/InputSystem/Plugins/PlayerInput/DefaultInputActions.cs
 0.1 kb	 0.0% Packages/com.unity.inputsystem/InputSystem/Plugins/OnScreen/OnScreenSupport.cs
 0.1 kb	 0.0% Packages/com.unity.inputsystem/InputSystem/Plugins/OnScreen/OnScreenStick.cs
 0.1 kb	 0.0% Packages/com.unity.inputsystem/InputSystem/Plugins/OnScreen/OnScreenControl.cs
 0.1 kb	 0.0% Packages/com.unity.inputsystem/InputSystem/Plugins/OnScreen/OnScreenButton.cs
 0.1 kb	 0.0% Packages/com.unity.inputsystem/InputSystem/Plugins/Linux/SDLDeviceBuilder.cs
 0.1 kb	 0.0% Packages/com.unity.inputsystem/InputSystem/Plugins/EnhancedTouch/TouchHistory.cs
 0.1 kb	 0.0% Packages/com.unity.inputsystem/InputSystem/Plugins/Android/AndroidSupport.cs
 0.1 kb	 0.0% Packages/com.unity.inputsystem/InputSystem/InputSystemObject.cs
 0.1 kb	 0.0% Packages/com.unity.inputsystem/InputSystem/InputManagerStateMonitors.cs
 0.1 kb	 0.0% Packages/com.unity.inputsystem/InputSystem/InputFeatureNames.cs
 0.1 kb	 0.0% Packages/com.unity.inputsystem/InputSystem/IInputRuntime.cs
 0.1 kb	 0.0% Packages/com.unity.inputsystem/InputSystem/IInputDiagnostics.cs
 0.1 kb	 0.0% Packages/com.unity.inputsystem/InputSystem/Events/InputEventTrace.cs
 0.1 kb	 0.0% Packages/com.unity.inputsystem/InputSystem/Events/InputEventStream.cs
 0.1 kb	 0.0% Packages/com.unity.inputsystem/InputSystem/Events/InputEventPtr.cs
 0.1 kb	 0.0% Packages/com.unity.inputsystem/InputSystem/Events/InputEventBuffer.cs
 0.1 kb	 0.0% Packages/com.unity.inputsystem/InputSystem/Events/DeviceResetEvent.cs
 0.1 kb	 0.0% Packages/com.unity.inputsystem/InputSystem/Events/DeltaStateEvent.cs
 0.1 kb	 0.0% Packages/com.unity.inputsystem/InputSystem/Editor/UITKAssetEditor/Views/PropertiesView.cs
 0.1 kb	 0.0% Packages/com.unity.inputsystem/InputSystem/Editor/UITKAssetEditor/Views/DropManipulator.cs
 0.1 kb	 0.0% Packages/com.unity.inputsystem/InputSystem/Editor/UITKAssetEditor/Views/CopyPasteHelper.cs
 0.1 kb	 0.0% Packages/com.unity.inputsystem/InputSystem/Editor/UITKAssetEditor/Views/ActionsTreeView.cs
 0.1 kb	 0.0% Packages/com.unity.inputsystem/InputSystem/Editor/UITKAssetEditor/Views/ActionMapsView.cs
 0.1 kb	 0.0% Packages/com.unity.inputsystem/InputSystem/Editor/UITKAssetEditor/StateContainer.cs
 0.1 kb	 0.0% Packages/com.unity.inputsystem/InputSystem/Editor/UITKAssetEditor/ExpressionUtils.cs
 0.1 kb	 0.0% Packages/com.unity.inputsystem/InputSystem/Editor/Internal/TreeViewHelpers.cs
 0.1 kb	 0.0% Packages/com.unity.inputsystem/InputSystem/Editor/Internal/InputStateWindow.cs
 0.1 kb	 0.0% Packages/com.unity.inputsystem/InputSystem/Editor/Internal/EditorHelpers.cs
 0.1 kb	 0.0% Packages/com.unity.inputsystem/InputSystem/Editor/Internal/AdvancedDropdown/AdvancedDropdown.cs
 0.1 kb	 0.0% Packages/com.unity.inputsystem/InputSystem/Editor/InputDiagnostics.cs
 0.1 kb	 0.0% Packages/com.unity.inputsystem/InputSystem/Devices/Haptics/IDualMotorRumble.cs
 0.1 kb	 0.0% Packages/com.unity.inputsystem/InputSystem/Devices/Haptics/DualMotorRumble.cs
 0.1 kb	 0.0% Packages/com.unity.inputsystem/InputSystem/Controls/Vector3Control.cs
 0.1 kb	 0.0% Packages/com.unity.inputsystem/InputSystem/Controls/Vector2Control.cs
 0.1 kb	 0.0% Packages/com.unity.inputsystem/InputSystem/Controls/IntegerControl.cs
 0.1 kb	 0.0% Packages/com.unity.inputsystem/InputSystem/Controls/DoubleControl.cs
 0.1 kb	 0.0% Packages/com.unity.inputsystem/InputSystem/Controls/ButtonControl.cs
 0.1 kb	 0.0% Packages/com.unity.inputsystem/InputSystem/Controls/AnyKeyControl.cs
 0.1 kb	 0.0% Packages/com.unity.inputsystem/InputSystem/Actions/InputControlScheme.cs
 0.1 kb	 0.0% Packages/com.unity.inputsystem/InputSystem/Actions/InputBindingResolver.cs
 0.1 kb	 0.0% Packages/com.unity.inputsystem/InputSystem/Actions/InputActionReference.cs
 0.1 kb	 0.0% Packages/com.unity.inputsystem/InputSystem/Actions/InputActionProperty.cs
 0.1 kb	 0.0% Packages/com.unity.inputsystem/InputSystem/Actions/IInputInteraction.cs
 0.1 kb	 0.0% Packages/com.unity.dt.app-ui/Runtime/UI/Manipulators/TrackpadGestureManipulator.cs
 0.1 kb	 0.0% Packages/com.unity.dt.app-ui/Runtime/UI/Extensions/FocusControllerExtensions.cs
 0.1 kb	 0.0% Packages/com.unity.dt.app-ui/Runtime/UI/Events/MagnificationGestureEvent.cs
 0.1 kb	 0.0% Packages/com.unity.collections/Unity.Collections/UnsafeList.cs
 0.1 kb	 0.0% Packages/com.unity.collections/Unity.Collections/FixedStringParseMethods.cs
 0.1 kb	 0.0% Packages/com.unity.collections/Unity.Collections/FixedStringAppendMethods.cs
 0.1 kb	 0.0% Packages/com.unity.ai.inference/Runtime/Core/ShapeInference/ShapeInferenceHelper.cs
 0.1 kb	 0.0% Packages/com.unity.ai.inference/Runtime/Core/Serialization/Safetensors/Safetensors.cs
 0.1 kb	 0.0% Packages/com.unity.ai.inference/Runtime/Core/Layers/Layer.Transformation.cs
 0.1 kb	 0.0% Packages/com.unity.ai.inference/Runtime/Core/Layers/Layer.Spectral.cs
 0.1 kb	 0.0% Packages/com.unity.ai.inference/Runtime/Core/Layers/Layer.Normalization.cs
 0.1 kb	 0.0% Packages/com.unity.ai.inference/Runtime/Core/Layers/Layer.Generator.cs
 0.1 kb	 0.0% Packages/com.unity.ai.inference/Runtime/Core/Layers/Layer.Dimension.cs
 0.1 kb	 0.0% Packages/com.unity.ai.inference/Runtime/Core/Graph/SubgraphRewriter.cs
 0.1 kb	 0.0% Packages/com.unity.ai.inference/Runtime/Core/Graph/GraphNamespace.cs
 0.1 kb	 0.0% Packages/com.unity.ai.inference/Runtime/Core/Graph/GraphConverter.cs
 0.1 kb	 0.0% Packages/com.unity.ai.inference/Runtime/Core/Functional/Functional.Tensor.Type.cs
 0.1 kb	 0.0% Packages/com.unity.ai.inference/Runtime/Core/Functional/Functional.Tensor.Random.cs
 0.1 kb	 0.0% Packages/com.unity.ai.inference/Runtime/Core/Functional/Functional.NN.Pooling.cs
 0.1 kb	 0.0% Packages/com.unity.ai.inference/Runtime/Core/Functional/Functional.Math.Spectral.cs
 0.1 kb	 0.0% Packages/com.unity.ai.inference/Runtime/Core/Functional/Functional.Math.Other.cs
 0.1 kb	 0.0% Packages/com.unity.ai.inference/Runtime/Core/Backends/CPU/BurstCPU.Jobs.Pool.gen.cs
 0.1 kb	 0.0% Packages/com.unity.ai.inference/Runtime/Core/Backends/CPU/BurstCPU.Jobs.Pad.gen.cs
 0.1 kb	 0.0% Packages/com.unity.ai.inference/Runtime/Core/Backends/CPU/BurstCPU.Jobs.Logical.cs
 0.1 kb	 0.0% Packages/com.unity.ai.inference/Runtime/Core/Backends/CPU/BurstCPU.Jobs.GenericA.cs
 0.1 kb	 0.0% Packages/com.unity.ai.inference/Runtime/Core/Backends/CPU/BurstCPU.Jobs.Dimension.cs
 0.1 kb	 0.0% Packages/com.unity.ai.inference/Runtime/Core/Backends/CPU/BurstCPU.Jobs.ConvA.gen.cs
 0.1 kb	 0.0% Packages/com.xreal.xr/Runtime/Scripts/Android/XREALMultiResumeMediator.cs
 0.1 kb	 0.0% Packages/com.xreal.xr/Runtime/Scripts/Android/XREALDisplayListenerProxy.cs
 0.1 kb	 0.0% Packages/com.xreal.xr/Runtime/Scripts/Android/Notification/XREALLocalizationTool.cs
 0.1 kb	 0.0% Packages/com.xreal.xr/Runtime/Scripts/Android/Notification/XREALDialogController.cs
 0.1 kb	 0.0% Packages/com.xreal.xr/Runtime/Scripts/Android/Notification/XREALBatteryNotification.cs
 0.1 kb	 0.0% Packages/com.xreal.xr/Runtime/Scripts/Android/Controller/XREALVirtualController.cs
 0.1 kb	 0.0% Packages/com.xreal.xr/Runtime/Scripts/Android/Controller/XREALSimulatorHandState.cs
 0.1 kb	 0.0% Packages/com.xreal.xr/Runtime/Scripts/Android/Controller/XREALControllerSimulator.cs
 0.1 kb	 0.0% Packages/com.xreal.xr/Runtime/Scripts/Android/Controller/XREALControllerLayout.cs
 0.1 kb	 0.0% Packages/com.xreal.xr/Runtime/Scripts/Android/Camera Features/XREALRGBCameraTexture.cs
 0.1 kb	 0.0% Packages/com.xreal.xr/Runtime/Scripts/Android/Camera Features/XREALCameraInitializer.cs
 0.1 kb	 0.0% Packages/com.xreal.xr/Runtime/Scripts/Android/Camera Features/XREALBackGroundRender.cs
 0.1 kb	 0.0% Packages/com.xreal.xr/Runtime/Scripts/Android/Camera Features/Permission/IAndroidPermissionsCheck.cs
 0.1 kb	 0.0% Packages/com.xreal.xr/Runtime/Scripts/Android/Camera Features/MockGalleryDataProvider.cs
 0.1 kb	 0.0% Packages/com.xreal.xr/Runtime/Scripts/Android/Camera Features/FrameProvider/RGBCameraFrameProvider.cs
 0.1 kb	 0.0% Packages/com.xreal.xr/Runtime/Scripts/Android/Camera Features/FrameProvider/NullDataFrameProvider.cs
 0.1 kb	 0.0% Packages/com.xreal.xr/Runtime/Scripts/Android/Camera Features/CaptureBehaviour/XREALCaptureBehaviour.cs
 0.1 kb	 0.0% Packages/com.xreal.xr/Runtime/Scripts/Android/Camera Features/AbstractFrameProvider.cs
 0.1 kb	 0.0% Packages/com.xreal.xr/Runtime/Scripts/Android/AR Features/XREALSessionSubsystem.cs
 0.1 kb	 0.0% Packages/com.xreal.xr/Runtime/Scripts/Android/AR Features/ManagedReferenceImage.cs
 0.1 kb	 0.0% Packages/com.unity.xr.management/Runtime/XRLoaderHelper.cs
 0.1 kb	 0.0% Packages/com.unity.xr.management/Runtime/IXRLoaderPreInit.cs
 0.1 kb	 0.0% Packages/com.unity.xr.interaction.toolkit/Runtime/XR/XRRig.cs
 0.1 kb	 0.0% Packages/com.unity.xr.core-utils/Runtime/SerializableGuidUtil.cs
 0.1 kb	 0.0% Packages/com.unity.xr.core-utils/Runtime/OnDestroyNotifier.cs
 0.1 kb	 0.0% Packages/com.unity.xr.core-utils/Runtime/Extensions/Vector3Extensions.cs
 0.1 kb	 0.0% Packages/com.unity.xr.core-utils/Runtime/Extensions/Vector2Extensions.cs
 0.1 kb	 0.0% Packages/com.unity.xr.core-utils/Runtime/Extensions/TransformExtensions.cs
 0.1 kb	 0.0% Packages/com.unity.xr.core-utils/Runtime/Extensions/StopwatchExtensions.cs
 0.1 kb	 0.0% Packages/com.unity.xr.core-utils/Runtime/Extensions/QuaternionExtensions.cs
 0.1 kb	 0.0% Packages/com.unity.xr.core-utils/Runtime/Extensions/LayerMaskExtensions.cs
 0.1 kb	 0.0% Packages/com.unity.xr.core-utils/Runtime/Extensions/HashSetExtensions.cs
 0.1 kb	 0.0% Packages/com.unity.xr.core-utils/Runtime/Extensions/GameObjectExtensions.cs
 0.1 kb	 0.0% Packages/com.unity.xr.core-utils/Runtime/Extensions/DictionaryExtensions.cs
 0.1 kb	 0.0% Packages/com.unity.xr.core-utils/Runtime/Extensions/CollectionExtensions.cs
 0.1 kb	 0.0% Packages/com.unity.xr.core-utils/Runtime/Datums/IntDatumProperty.cs
 0.1 kb	 0.0% Packages/com.unity.xr.core-utils/Runtime/Bindings/IEventBinding.cs
 0.1 kb	 0.0% Packages/com.unity.xr.core-utils/Runtime/Bindings/BindingsGroup.cs
 0.1 kb	 0.0% Packages/com.unity.xr.core-utils/Runtime/Attributes/ReadOnlyAttribute.cs
 0.1 kb	 0.0% Packages/com.unity.xr.arfoundation/Runtime/ARSubsystems/XRCpuImage/Transformation.cs
 0.1 kb	 0.0% Packages/com.unity.xr.arfoundation/Runtime/ARSubsystems/XRCpuImage/ConversionParams.cs
 0.1 kb	 0.0% Packages/com.unity.xr.arfoundation/Runtime/ARSubsystems/XRCpuImage/AsyncConversion.cs
 0.1 kb	 0.0% Packages/com.unity.xr.arfoundation/Runtime/ARSubsystems/CpuImageFormat.cs
 0.1 kb	 0.0% Packages/com.unity.xr.arfoundation/Runtime/ARSubsystems/Configuration/Feature.cs
 0.1 kb	 0.0% Packages/com.unity.ugui/Runtime/UGUI/UI/Core/Utility/ReflectionMethodsCache.cs
 0.1 kb	 0.0% Packages/com.unity.ugui/Runtime/UGUI/UI/Core/MultipleDisplayUtilities.cs
 0.1 kb	 0.0% Packages/com.unity.ugui/Runtime/UGUI/UI/Core/Layout/HorizontalLayoutGroup.cs
 0.1 kb	 0.0% Packages/com.unity.ugui/Runtime/UGUI/UI/Core/IGraphicEnabledDisabled.cs
 0.1 kb	 0.0% Packages/com.unity.ugui/Runtime/UGUI/UI/Core/GraphicRebuildTracker.cs
 0.1 kb	 0.0% Packages/com.unity.ugui/Runtime/UGUI/UI/Core/Culling/RectangularVertexClipper.cs
 0.1 kb	 0.0% Packages/com.unity.ugui/Runtime/UGUI/EventSystem/UIElements/PanelEventHandler.cs
 0.1 kb	 0.0% Packages/com.unity.ugui/Runtime/UGUI/EventSystem/Raycasters/Physics2DRaycaster.cs
 0.1 kb	 0.0% Packages/com.unity.ugui/Runtime/UGUI/EventSystem/InputModules/PointerInputModule.cs
 0.1 kb	 0.0% Packages/com.unity.rendering.light-transport/Runtime/UnifiedRayTracing/Compute/RadeonRays/Scan.cs
 0.1 kb	 0.0% Packages/com.unity.render-pipelines.core/ShaderLibrary/DummyShaderLibrary.cs
 0.1 kb	 0.0% Packages/com.unity.render-pipelines.core/Runtime/Utilities/GPUSort/GPUSort.Data.cs
 0.1 kb	 0.0% Packages/com.unity.render-pipelines.core/Runtime/Utilities/BitArray.cs
 0.1 kb	 0.0% Packages/com.unity.render-pipelines.core/Runtime/Inputs/InputRegistering.cs
 0.1 kb	 0.0% Packages/com.unity.inputsystem/InputSystem/Utilities/TypeTable.cs
 0.1 kb	 0.0% Packages/com.unity.inputsystem/InputSystem/Utilities/TypeHelpers.cs
 0.1 kb	 0.0% Packages/com.unity.inputsystem/InputSystem/Utilities/Substring.cs
 0.1 kb	 0.0% Packages/com.unity.inputsystem/InputSystem/Utilities/SavedState.cs
 0.1 kb	 0.0% Packages/com.unity.inputsystem/InputSystem/Utilities/Observables/Observable.cs
 0.1 kb	 0.0% Packages/com.unity.inputsystem/InputSystem/Utilities/NamedValue.cs
 0.1 kb	 0.0% Packages/com.unity.inputsystem/InputSystem/Utilities/MiscHelpers.cs
 0.1 kb	 0.0% Packages/com.unity.inputsystem/InputSystem/Utilities/JsonParser.cs
 0.1 kb	 0.0% Packages/com.unity.inputsystem/InputSystem/Utilities/ArrayHelpers.cs
 0.1 kb	 0.0% Packages/com.unity.inputsystem/InputSystem/Plugins/iOS/InputSettingsiOS.cs
 0.1 kb	 0.0% Packages/com.unity.inputsystem/InputSystem/Plugins/XR/XRLayoutBuilder.cs
 0.1 kb	 0.0% Packages/com.unity.inputsystem/InputSystem/Plugins/UI/NavigationModel.cs
 0.1 kb	 0.0% Packages/com.unity.inputsystem/InputSystem/InputUpdateType.cs
 0.1 kb	 0.0% Packages/com.unity.dt.app-ui/Runtime/Navigation/NavigationScreen.cs
 0.1 kb	 0.0% Packages/com.unity.dt.app-ui/Runtime/Navigation/NavigationArgs.cs
 0.1 kb	 0.0% Packages/com.unity.dt.app-ui/Runtime/Navigation/NavGraphViewNode.cs
 0.1 kb	 0.0% Packages/com.unity.dt.app-ui/Runtime/Navigation/NavDestination.cs
 0.1 kb	 0.0% Packages/com.unity.dt.app-ui/Runtime/Navigation/NavController.cs
 0.1 kb	 0.0% Packages/com.unity.dt.app-ui/Runtime/MVVM/App/AppUIServiceCollection.cs
 0.1 kb	 0.0% Packages/com.unity.collections/Unity.Collections/UnsafeText.cs
 0.1 kb	 0.0% Packages/com.unity.collections/Unity.Collections/UnsafeStream.cs
 0.1 kb	 0.0% Packages/com.unity.collections/Unity.Collections/RewindableAllocator.cs
 0.1 kb	 0.0% Packages/com.unity.collections/Unity.Collections/FixedStringMethods.cs
 0.1 kb	 0.0% Packages/com.unity.collections/Unity.Collections/AutoFreeAllocator.cs
 0.1 kb	 0.0% Packages/com.unity.burst/Runtime/CompilerServices/AssumeRangeAttribute.cs
 0.1 kb	 0.0% Packages/com.unity.ai.inference/Runtime/Core/TensorIterator.cs
 0.1 kb	 0.0% Packages/com.unity.ai.inference/Runtime/Core/ShapeInference/PartialTensor.cs
 0.1 kb	 0.0% Packages/com.unity.ai.inference/Runtime/Core/ShapeInference/DynamicTensorDim.cs
 0.1 kb	 0.0% Packages/com.unity.ai.inference/Runtime/Core/Serialization/SentisFlatBuffer/BackendPartitioning.cs
 0.1 kb	 0.0% Packages/com.unity.ai.inference/Runtime/Core/Serialization/ModelUpgrader.cs
 0.1 kb	 0.0% Packages/com.unity.ai.inference/Runtime/Core/Serialization/FlatBuffers/Table.cs
 0.1 kb	 0.0% Packages/com.unity.ai.inference/Runtime/Core/Serialization/FlatBuffers/Struct.cs
 0.1 kb	 0.0% Packages/com.unity.ai.inference/Runtime/Core/Quantization/ModelQuantizer.cs
 0.1 kb	 0.0% Packages/com.unity.ai.inference/Runtime/Core/ProfilerMarkers.cs
 0.1 kb	 0.0% Packages/com.unity.ai.inference/Runtime/Core/Layers/Layer.Pooling.cs
 0.1 kb	 0.0% Packages/com.unity.ai.inference/Runtime/Core/Layers/ConstantTensor.cs
 0.1 kb	 0.0% Packages/com.unity.ai.inference/Runtime/Core/Internals/ModelAssetData.cs
 0.1 kb	 0.0% Packages/com.unity.ai.inference/Runtime/Core/Graph/MatcherUtils.cs
 0.1 kb	 0.0% Packages/com.unity.ai.inference/Runtime/Core/Functional/FunctionalTensor.cs
 0.1 kb	 0.0% Packages/com.unity.ai.inference/Runtime/Core/Functional/FunctionalNode.cs
 0.1 kb	 0.0% Packages/com.unity.ai.inference/Runtime/Core/Functional/FunctionalGraph.cs
 0.1 kb	 0.0% Packages/com.unity.ai.inference/Runtime/Core/Functional/Functional.NN.Vision.cs
 0.1 kb	 0.0% Packages/com.unity.ai.inference/Runtime/Core/Functional/Functional.NN.Sparse.cs
 0.1 kb	 0.0% Packages/com.unity.ai.inference/Runtime/Core/Converters/TextureTransform.cs
 0.1 kb	 0.0% Packages/com.unity.ai.inference/Runtime/Core/Converters/TextureConverter.cs
 0.1 kb	 0.0% Packages/com.unity.ai.inference/Runtime/Core/Backends/TensorAllocator.cs
 0.1 kb	 0.0% Packages/com.unity.ai.inference/Runtime/Core/Backends/ModelValidator.cs
 0.1 kb	 0.0% Packages/com.unity.ai.inference/Runtime/Core/Backends/ModelOptimizer.cs
 0.1 kb	 0.0% Packages/com.unity.ai.inference/Runtime/Core/Backends/GPUCompute/GPUCompute.cs
 0.1 kb	 0.0% Packages/com.unity.ai.inference/Runtime/Core/Backends/GPUCompute/ComputeHelper.cs
 0.1 kb	 0.0% Packages/com.unity.ai.inference/Runtime/Core/Backends/CPU/ReferenceCPU.Einsum.cs
 0.1 kb	 0.0% Packages/com.unity.ai.inference/Runtime/Core/Backends/CPU/MathExtensions.cs
 0.1 kb	 0.0% Packages/com.unity.ai.inference/Runtime/Core/Backends/CPU/BurstTensorData.cs
 0.1 kb	 0.0% Packages/com.unity.ai.inference/Runtime/Core/Backends/CPU/BurstCPU.MatMul.gen.cs
 0.1 kb	 0.0% Packages/com.unity.ai.inference/Runtime/Core/Backends/CPU/BurstCPU.Jobs.RNN.cs
 0.1 kb	 0.0% Packages/com.unity.ai.inference/Runtime/Core/Backends/CPU/BurstCPU.Jobs.Other.cs
 0.1 kb	 0.0% Packages/com.unity.ai.inference/Runtime/Core/Backends/CPU/BurstCPU.Jobs.Einsum.cs
 0.1 kb	 0.0% Packages/com.unity.ai.inference/Runtime/Core/Backends/CPU/BurstCPU.Backend.gen.cs
 0.1 kb	 0.0% Packages/com.unity.ai.inference/Runtime/Core/Backends/BackendFactory.cs
 0.1 kb	 0.0% Assets/Samples/XREAL XR Plugin/3.1.0/Interaction Basics/RayLaser/XREALLaserReticle.cs
 0.1 kb	 0.0% Packages/com.xreal.xr/Runtime/Scripts/Android/AR Features/XREALAnchorSubsystem.6.cs
 0.1 kb	 0.0% Packages/com.unity.xr.core-utils/Runtime/GUI/ScreenGUIUtils.cs
 0.1 kb	 0.0% Packages/com.unity.xr.core-utils/Runtime/Extensions/UnityEventExtensions.cs
 0.1 kb	 0.0% Packages/com.unity.xr.arfoundation/Runtime/ARSubsystems/XRCpuImage/XRCpuImage.cs
 0.1 kb	 0.0% Packages/com.unity.xr.arfoundation/Runtime/ARSubsystems/TrackingSubsystem/ITrackable.cs
 0.1 kb	 0.0% Packages/com.unity.xr.arfoundation/Runtime/ARSubsystems/TrackableId.cs
 0.1 kb	 0.0% Packages/com.unity.xr.arfoundation/Runtime/ARSubsystems/RaycastSubsystem/XRRaycastHit.cs
 0.1 kb	 0.0% Packages/com.unity.xr.arfoundation/Runtime/ARSubsystems/RaycastSubsystem/XRRaycast.cs
 0.1 kb	 0.0% Packages/com.unity.xr.arfoundation/Runtime/ARSubsystems/PointCloudSubsystem/XRPointCloud.cs
 0.1 kb	 0.0% Packages/com.unity.xr.arfoundation/Runtime/ARSubsystems/PlaneTracking/BoundedPlane.cs
 0.1 kb	 0.0% Packages/com.unity.xr.arfoundation/Runtime/ARSubsystems/HumanBodySubsystem/XRHumanBody.cs
 0.1 kb	 0.0% Packages/com.unity.xr.arfoundation/Runtime/ARSubsystems/HelpUrls.cs
 0.1 kb	 0.0% Packages/com.unity.xr.arfoundation/Runtime/ARSubsystems/HashCodeUtil.cs
 0.1 kb	 0.0% Packages/com.unity.xr.arfoundation/Runtime/ARSubsystems/FaceSubsystem/XRFaceMesh.cs
 0.1 kb	 0.0% Packages/com.unity.xr.arfoundation/Runtime/ARFoundation/ToolButton.cs
 0.1 kb	 0.0% Packages/com.unity.xr.arfoundation/Runtime/ARFoundation/MeshQueue.cs
 0.1 kb	 0.0% Packages/com.unity.xr.arfoundation/Runtime/ARFoundation/IRaycaster.cs
 0.1 kb	 0.0% Packages/com.unity.xr.arfoundation/Runtime/ARFoundation/HelpUrls.cs
 0.1 kb	 0.0% Packages/com.unity.xr.arfoundation/Runtime/ARFoundation/HashCodeUtil.cs
 0.1 kb	 0.0% Packages/com.unity.xr.arfoundation/Runtime/ARFoundation/DebugSlider.cs
 0.1 kb	 0.0% Packages/com.unity.xr.arfoundation/Runtime/ARFoundation/ARTrackable.cs
 0.1 kb	 0.0% Packages/com.unity.xr.arfoundation/Runtime/ARFoundation/ARSession.cs
 0.1 kb	 0.0% Packages/com.unity.xr.arfoundation/Runtime/ARFoundation/ARRaycastHit.cs
 0.1 kb	 0.0% Packages/com.unity.xr.arfoundation/Runtime/ARFoundation/ARRaycast.cs
 0.1 kb	 0.0% Packages/com.unity.xr.arfoundation/Runtime/ARFoundation/ARPoseDriver.cs
 0.1 kb	 0.0% Packages/com.unity.xr.arfoundation/Runtime/ARFoundation/ARPointCloud.cs
 0.1 kb	 0.0% Packages/com.unity.xr.arfoundation/Runtime/ARFoundation/ARHumanBody.cs
 0.1 kb	 0.0% Packages/com.unity.xr.arfoundation/Runtime/ARFoundation/ARDebugMenu.cs
 0.1 kb	 0.0% Packages/com.unity.ugui/Runtime/UGUI/UI/Animation/CoroutineTween.cs
 0.1 kb	 0.0% Packages/com.unity.ugui/Runtime/UGUI/EventSystem/EventInterfaces.cs
 0.1 kb	 0.0% Packages/com.unity.ugui/Runtime/TMP/TMPro_ExtensionMethods.cs
 0.1 kb	 0.0% Packages/com.unity.ugui/Runtime/TMP/TMP_TextParsingUtilities.cs
 0.1 kb	 0.0% Packages/com.unity.ugui/Runtime/TMP/TMP_TextElement_Legacy.cs
 0.1 kb	 0.0% Packages/com.unity.ugui/Runtime/TMP/TMP_FontAssetUtilities.cs
 0.1 kb	 0.0% Packages/com.unity.ugui/Runtime/TMP/MaterialReferenceManager.cs
 0.1 kb	 0.0% Packages/com.unity.ugui/Runtime/TMP/FontFeatureCommonGSUB.cs
 0.1 kb	 0.0% Packages/com.unity.render-pipelines.universal/Runtime/2D/Shadows/ShadowProvider/VertexDictionary.cs
 0.1 kb	 0.0% Packages/com.unity.render-pipelines.core/Runtime/Volume/Volume.cs
 0.1 kb	 0.0% Packages/com.unity.render-pipelines.core/Runtime/Volume/IVolume.cs
 0.1 kb	 0.0% Packages/com.unity.render-pipelines.core/Runtime/Utilities/GPUSort/GPUSort.cs
 0.1 kb	 0.0% Packages/com.unity.render-pipelines.core/Runtime/Utilities/FSRUtils.cs
 0.1 kb	 0.0% Packages/com.unity.render-pipelines.core/Runtime/Utilities/Blitter.cs
 0.1 kb	 0.0% Packages/com.unity.render-pipelines.core/Runtime/Textures/RTHandle.cs
 0.1 kb	 0.0% Packages/com.unity.render-pipelines.core/Runtime/Debugging/DebugUI.cs
 0.1 kb	 0.0% Packages/com.unity.inputsystem/InputSystem/Utilities/DynamicBitfield.cs
 0.1 kb	 0.0% Packages/com.unity.inputsystem/InputSystem/State/InputState.cs
 0.1 kb	 0.0% Packages/com.unity.inputsystem/InputSystem/Plugins/WebGL/WebGLSupport.cs
 0.1 kb	 0.0% Packages/com.unity.inputsystem/InputSystem/Plugins/WebGL/WebGLGamepad.cs
 0.1 kb	 0.0% Packages/com.unity.inputsystem/InputSystem/Plugins/Users/InputUser.cs
 0.1 kb	 0.0% Packages/com.unity.inputsystem/InputSystem/Plugins/Linux/LinuxSupport.cs
 0.1 kb	 0.0% Packages/com.unity.inputsystem/InputSystem/Plugins/EnhancedTouch/Touch.cs
 0.1 kb	 0.0% Packages/com.unity.inputsystem/InputSystem/Plugins/EnhancedTouch/Finger.cs
 0.1 kb	 0.0% Packages/com.unity.inputsystem/InputSystem/InputSettings.cs
 0.1 kb	 0.0% Packages/com.unity.inputsystem/InputSystem/InputMetrics.cs
 0.1 kb	 0.0% Packages/com.unity.inputsystem/InputSystem/InputExtensions.cs
 0.1 kb	 0.0% Packages/com.unity.inputsystem/InputSystem/InputAnalytics.cs
 0.1 kb	 0.0% Packages/com.unity.inputsystem/InputSystem/Events/TextEvent.cs
 0.1 kb	 0.0% Packages/com.unity.inputsystem/InputSystem/Events/StateEvent.cs
 0.1 kb	 0.0% Packages/com.unity.inputsystem/InputSystem/Events/InputEvent.cs
 0.1 kb	 0.0% Packages/com.unity.inputsystem/InputSystem/Events/ActionEvent.cs
 0.1 kb	 0.0% Packages/com.unity.inputsystem/InputSystem/Editor/UITKAssetEditor/Views/Selectors.cs
 0.1 kb	 0.0% Packages/com.unity.inputsystem/InputSystem/Editor/UITKAssetEditor/Views/ContextMenu.cs
 0.1 kb	 0.0% Packages/com.unity.inputsystem/InputSystem/Editor/Internal/GUIHelpers.cs
 0.1 kb	 0.0% Packages/com.unity.inputsystem/InputSystem/Devices/TrackedDevice.cs
 0.1 kb	 0.0% Packages/com.unity.inputsystem/InputSystem/Devices/Remote/InputRemoting.cs
 0.1 kb	 0.0% Packages/com.unity.inputsystem/InputSystem/Devices/Precompiled/FastTouchscreen.cs
 0.1 kb	 0.0% Packages/com.unity.inputsystem/InputSystem/Devices/Precompiled/FastMouse.partial.cs
 0.1 kb	 0.0% Packages/com.unity.inputsystem/InputSystem/Devices/IEventMerger.cs
 0.1 kb	 0.0% Packages/com.unity.inputsystem/InputSystem/Controls/TouchControl.cs
 0.1 kb	 0.0% Packages/com.unity.inputsystem/InputSystem/Controls/StickControl.cs
 0.1 kb	 0.0% Packages/com.unity.inputsystem/InputSystem/Controls/KeyControl.cs
 0.1 kb	 0.0% Packages/com.unity.inputsystem/InputSystem/Controls/InputProcessor.cs
 0.1 kb	 0.0% Packages/com.unity.inputsystem/InputSystem/Controls/InputControlPath.cs
 0.1 kb	 0.0% Packages/com.unity.inputsystem/InputSystem/Controls/DpadControl.cs
 0.1 kb	 0.0% Packages/com.unity.inputsystem/InputSystem/Controls/DeltaControl.cs
 0.1 kb	 0.0% Packages/com.unity.inputsystem/InputSystem/Controls/AxisControl.cs
 0.1 kb	 0.0% Packages/com.unity.inputsystem/InputSystem/Actions/InputActionState.cs
 0.1 kb	 0.0% Packages/com.unity.inputsystem/InputSystem/Actions/InputActionMap.cs
 0.1 kb	 0.0% Packages/com.unity.inputsystem/InputSystem/Actions/InputActionAsset.cs
 0.1 kb	 0.0% Packages/com.unity.dt.app-ui/Runtime/UI/Manipulators/KeyboardFocusController.cs
 0.1 kb	 0.0% Packages/com.unity.dt.app-ui/Runtime/UI/Extensions/VisualElementExtensions.cs
 0.1 kb	 0.0% Packages/com.unity.dt.app-ui/Runtime/UI/Exceptions/ValueOutOfRangeException.cs
 0.1 kb	 0.0% Packages/com.unity.dt.app-ui/Runtime/UI/Attributes/UxmlFilePathAttribute.cs
 0.1 kb	 0.0% Packages/com.unity.dt.app-ui/Runtime/Core/PinchGestureRecognizer.cs
 0.1 kb	 0.0% Packages/com.unity.dt.app-ui/Runtime/Core/AppUIManagerBehaviour.cs
 0.1 kb	 0.0% Packages/com.unity.collections/Unity.Collections/UnsafeQueue.cs
 0.1 kb	 0.0% Packages/com.unity.collections/Unity.Collections/NativeHashMap.cs
 0.1 kb	 0.0% Packages/com.unity.collections/Unity.Collections/FixedStringFormat.gen.cs
 0.1 kb	 0.0% Packages/com.unity.collections/Unity.Collections/FixedString.gen.cs
 0.1 kb	 0.0% Packages/com.unity.ai.inference/Runtime/Core/PluginInterfaces.cs
 0.1 kb	 0.0% Packages/com.unity.ai.inference/Runtime/Core/Layers/Layer.Trigonometric.cs
 0.1 kb	 0.0% Packages/com.unity.ai.inference/Runtime/Core/Layers/Layer.Reduction.cs
 0.1 kb	 0.0% Packages/com.unity.ai.inference/Runtime/Core/Layers/Layer.Random.cs
 0.1 kb	 0.0% Packages/com.unity.ai.inference/Runtime/Core/Layers/Layer.Indexing.cs
 0.1 kb	 0.0% Packages/com.unity.ai.inference/Runtime/Core/Layers/Layer.Convolution.cs
 0.1 kb	 0.0% Packages/com.unity.ai.inference/Runtime/Core/Graph/GraphUtils.cs
 0.1 kb	 0.0% Packages/com.unity.ai.inference/Runtime/Core/Graph/GraphModule.cs
 0.1 kb	 0.0% Packages/com.unity.ai.inference/Runtime/Core/Functional/Functional.Model.cs
 0.1 kb	 0.0% Packages/com.unity.ai.inference/Runtime/Core/Functional/Functional.Layer.cs
 0.1 kb	 0.0% Packages/com.unity.ai.inference/Runtime/Core/Backends/CPU/BurstCPU.Jobs.cs
 0.1 kb	 0.0% Packages/com.unity.ai.inference/Runtime/Core/Backends/CPU/BurstCPU.Backend.cs
 0.1 kb	 0.0% Assets/XR/Settings/XREALSettings.asset
 0.1 kb	 0.0% Packages/com.xreal.xr/Runtime/Scripts/XREALCallbackHandler.cs
 0.1 kb	 0.0% Packages/com.xreal.xr/Runtime/Scripts/Android/XREALSessionManager.cs
 0.1 kb	 0.0% Packages/com.xreal.xr/Runtime/Scripts/Android/Notification/XREALNotification.cs
 0.1 kb	 0.0% Packages/com.xreal.xr/Runtime/Scripts/Android/Controller/QuadPointerHandler.cs
 0.1 kb	 0.0% Packages/com.xreal.xr/Runtime/Scripts/Android/Camera Features/XREALVideoCapture.cs
 0.1 kb	 0.0% Packages/com.xreal.xr/Runtime/Scripts/Android/Camera Features/XREALPhotoCapture.cs
 0.1 kb	 0.0% Packages/com.xreal.xr/Runtime/Scripts/Android/Camera Features/XREALAudioCapture.cs
 0.1 kb	 0.0% Packages/com.xreal.xr/Runtime/Scripts/Android/Camera Features/Models/PhotoCaptureFrame.cs
 0.1 kb	 0.0% Packages/com.xreal.xr/Runtime/Scripts/Android/Camera Features/FrameProvider/EditorFrameProvider.cs
 0.1 kb	 0.0% Packages/com.xreal.xr/Runtime/Scripts/Android/Camera Features/FrameCaptureContext.cs
 0.1 kb	 0.0% Packages/com.xreal.xr/Runtime/Scripts/Android/Camera Features/Encoder/AudioFilterStream.cs
 0.1 kb	 0.0% Packages/com.xreal.xr/Runtime/Scripts/Android/Camera Features/CaptureBehaviour/XREALRecordBehaviour.cs
 0.1 kb	 0.0% Packages/com.xreal.xr/Runtime/Scripts/Android/Camera Features/CaptureBehaviour/CaptureBehaviourBase.cs
 0.1 kb	 0.0% Packages/com.xreal.xr/Runtime/Scripts/Android/AR Features/XREALPlaneSubsystem.cs
 0.1 kb	 0.0% Packages/com.xreal.xr/Runtime/Scripts/Android/AR Features/XREALImageDatabase.cs
 0.1 kb	 0.0% Packages/com.xreal.xr/Runtime/Scripts/Android/AR Features/XREALCameraSubsystem.cs
 0.1 kb	 0.0% Packages/com.xreal.xr/Runtime/Scripts/Android/AR Features/XREALAnchorSubsystem.cs
 0.1 kb	 0.0% Packages/com.unity.xr.core-utils/Runtime/XRLoggingUtils.cs
 0.1 kb	 0.0% Packages/com.unity.xr.core-utils/Runtime/UnityObjectUtils.cs
 0.1 kb	 0.0% Packages/com.unity.xr.core-utils/Runtime/SerializableGuid.cs
 0.1 kb	 0.0% Packages/com.unity.xr.core-utils/Runtime/ReflectionUtils.cs
 0.1 kb	 0.0% Packages/com.unity.xr.core-utils/Runtime/NativeArrayUtils.cs
 0.1 kb	 0.0% Packages/com.unity.xr.core-utils/Runtime/MaterialUtils.cs
 0.1 kb	 0.0% Packages/com.unity.xr.core-utils/Runtime/GeometryUtils.cs
 0.1 kb	 0.0% Packages/com.unity.xr.core-utils/Runtime/GameObjectUtils.cs
 0.1 kb	 0.0% Packages/com.unity.xr.core-utils/Runtime/Extensions/TypeExtensions.cs
 0.1 kb	 0.0% Packages/com.unity.xr.core-utils/Runtime/Extensions/StringExtensions.cs
 0.1 kb	 0.0% Packages/com.unity.xr.core-utils/Runtime/Extensions/PoseExtensions.cs
 0.1 kb	 0.0% Packages/com.unity.xr.core-utils/Runtime/Extensions/ListExtensions.cs
 0.1 kb	 0.0% Packages/com.unity.xr.core-utils/Runtime/Extensions/GuidExtensions.cs
 0.1 kb	 0.0% Packages/com.unity.xr.core-utils/Runtime/Extensions/CameraExtensions.cs
 0.1 kb	 0.0% Packages/com.unity.xr.core-utils/Runtime/Extensions/BoundsExtensions.cs
 0.1 kb	 0.0% Packages/com.unity.xr.core-utils/Runtime/Datums/StringDatum.cs
 0.1 kb	 0.0% Packages/com.unity.xr.core-utils/Runtime/Datums/FloatDatum.cs
 0.1 kb	 0.0% Packages/com.unity.xr.core-utils/Runtime/ComponentUtils.cs
 0.1 kb	 0.0% Packages/com.unity.xr.core-utils/Runtime/Bindings/EventBinding.cs
 0.1 kb	 0.0% Packages/com.unity.xr.arfoundation/Runtime/ARSubsystems/XRCpuImage/Plane.cs
 0.1 kb	 0.0% Packages/com.unity.xr.arfoundation/Runtime/ARFoundation/Assert.cs
 0.1 kb	 0.0% Packages/com.unity.ugui/Runtime/UGUI/UI/Core/SetPropertyUtility.cs
 0.1 kb	 0.0% Packages/com.unity.ugui/Runtime/UGUI/UI/Core/MaterialModifiers/IMaterialModifier.cs
 0.1 kb	 0.0% Packages/com.unity.ugui/Runtime/UGUI/UI/Core/Layout/VerticalLayoutGroup.cs
 0.1 kb	 0.0% Packages/com.unity.ugui/Runtime/UGUI/UI/Core/Layout/ContentSizeFitter.cs
 0.1 kb	 0.0% Packages/com.unity.ugui/Runtime/UGUI/UI/Core/Layout/AspectRatioFitter.cs
 0.1 kb	 0.0% Packages/com.unity.ugui/Runtime/UGUI/UI/Core/FontUpdateTracker.cs
 0.1 kb	 0.0% Packages/com.unity.ugui/Runtime/UGUI/UI/Core/CanvasUpdateRegistry.cs
 0.1 kb	 0.0% Packages/com.unity.ugui/Runtime/UGUI/UI/Core/AnimationTriggers.cs
 0.1 kb	 0.0% Packages/com.unity.ugui/Runtime/UGUI/EventSystem/UIElements/PanelRaycaster.cs
 0.1 kb	 0.0% Packages/com.unity.ugui/Runtime/UGUI/EventSystem/Raycasters/PhysicsRaycaster.cs
 0.1 kb	 0.0% Packages/com.unity.ugui/Runtime/UGUI/EventSystem/Raycasters/BaseRaycaster.cs
 0.1 kb	 0.0% Packages/com.unity.ugui/Runtime/UGUI/EventSystem/RaycasterManager.cs
 0.1 kb	 0.0% Packages/com.unity.ugui/Runtime/UGUI/EventSystem/RaycastResult.cs
 0.1 kb	 0.0% Packages/com.unity.ugui/Runtime/UGUI/EventSystem/InputModules/TouchInputModule.cs
 0.1 kb	 0.0% Packages/com.unity.ugui/Runtime/UGUI/EventSystem/InputModules/BaseInputModule.cs
 0.1 kb	 0.0% Packages/com.unity.ugui/Runtime/UGUI/EventSystem/ExecuteEvents.cs
 0.1 kb	 0.0% Packages/com.unity.ugui/Runtime/UGUI/EventSystem/EventData/PointerEventData.cs
 0.1 kb	 0.0% Packages/com.unity.ugui/Runtime/UGUI/EventSystem/EventData/BaseEventData.cs
 0.1 kb	 0.0% Packages/com.unity.ugui/Runtime/UGUI/EventSystem/EventData/AxisEventData.cs
 0.1 kb	 0.0% Packages/com.unity.ugui/Runtime/TMP/TMP_TextProcessingStack.cs
 0.1 kb	 0.0% Packages/com.unity.ugui/Runtime/TMP/TMP_FontFeaturesCommon.cs
 0.1 kb	 0.0% Packages/com.unity.render-pipelines.core/Runtime/Lights/LightAnchor.cs
 0.1 kb	 0.0% Packages/com.unity.render-pipelines.core/Runtime/GPUDriven/AABB.cs
 0.1 kb	 0.0% Packages/com.unity.mathematics/Unity.Mathematics/rigid_transform.cs
 0.1 kb	 0.0% Packages/com.unity.mathematics/Unity.Mathematics/math_unity_conversion.cs
 0.1 kb	 0.0% Packages/com.unity.mathematics/Unity.Mathematics/affine_transform.cs
 0.1 kb	 0.0% Packages/com.unity.mathematics/Unity.Mathematics/Geometry/MinMaxAABB.cs
 0.1 kb	 0.0% Packages/com.unity.inputsystem/InputSystem/Utilities/FourCC.cs
 0.1 kb	 0.0% Packages/com.unity.inputsystem/InputSystem/Plugins/iOS/iOSSupport.cs
 0.1 kb	 0.0% Packages/com.unity.inputsystem/InputSystem/Plugins/XR/XRSupport.cs
 0.1 kb	 0.0% Packages/com.unity.inputsystem/InputSystem/Plugins/XR/GenericXRDevice.cs
 0.1 kb	 0.0% Packages/com.unity.inputsystem/InputSystem/Plugins/XR/Devices/WindowsMR.cs
 0.1 kb	 0.0% Packages/com.unity.inputsystem/InputSystem/Plugins/XR/Controls/PoseControl.cs
 0.1 kb	 0.0% Packages/com.unity.inputsystem/InputSystem/Plugins/UI/PointerModel.cs
 0.1 kb	 0.0% Packages/com.unity.inputsystem/InputSystem/Plugins/OSX/OSXSupport.cs
 0.1 kb	 0.0% Packages/com.unity.inputsystem/InputSystem/Plugins/HID/HIDSupport.cs
 0.1 kb	 0.0% Packages/com.unity.inputsystem/InputSystem/Plugins/HID/HIDParser.cs
 0.1 kb	 0.0% Packages/com.unity.dt.app-ui/Runtime/Navigation/NavOptions.cs
 0.1 kb	 0.0% Packages/com.unity.dt.app-ui/Runtime/Navigation/NavArgument.cs
 0.1 kb	 0.0% Packages/com.unity.dt.app-ui/Runtime/Navigation/NavAction.cs
 0.1 kb	 0.0% Packages/com.unity.dt.app-ui/Runtime/MVVM/Input/IAsyncRelayCommand.cs
 0.1 kb	 0.0% Packages/com.unity.dt.app-ui/Runtime/MVVM/Input/AsyncRelayCommand{T}.cs
 0.1 kb	 0.0% Packages/com.unity.dt.app-ui/Runtime/MVVM/Input/AsyncRelayCommand.cs
 0.1 kb	 0.0% Packages/com.unity.dt.app-ui/Runtime/MVVM/DependencyInjection/ServiceDescriptor.cs
 0.1 kb	 0.0% Packages/com.unity.dt.app-ui/Runtime/MVVM/DependencyInjection/ServiceCollection.cs
 0.1 kb	 0.0% Packages/com.unity.dt.app-ui/Runtime/MVVM/DependencyInjection/IServiceCollection.cs
 0.1 kb	 0.0% Packages/com.unity.dt.app-ui/Runtime/MVVM/Attributes/ICommandAttribute.cs
 0.1 kb	 0.0% Packages/com.unity.collections/Unity.Collections/xxHash3.StreamingState.cs
 0.1 kb	 0.0% Packages/com.unity.collections/Unity.Collections/NativeSort.cs
 0.1 kb	 0.0% Packages/com.unity.collections/Unity.Collections/NativeBitArray.cs
 0.1 kb	 0.0% Packages/com.unity.collections/Unity.Collections/ListExtensions.cs
 0.1 kb	 0.0% Packages/com.unity.collections/Unity.Collections/Jobs/IJobParallelForDefer.cs
 0.1 kb	 0.0% Packages/com.unity.collections/Unity.Collections/Jobs/IJobParallelForBatch.cs
 0.1 kb	 0.0% Packages/com.unity.collections/Unity.Collections/FixedStringUtils.cs
 0.1 kb	 0.0% Packages/com.unity.collections/Unity.Collections/DataStreamWriter.cs
 0.1 kb	 0.0% Packages/com.unity.collections/Unity.Collections/DataStreamReader.cs
 0.1 kb	 0.0% Packages/com.unity.collections/Unity.Collections/ConcurrentMask.cs
 0.1 kb	 0.0% Packages/com.unity.collections/Unity.Collections/CollectionHelper.cs
 0.1 kb	 0.0% Packages/com.unity.collections/Unity.Collections/AllocatorManager.cs
 0.1 kb	 0.0% Packages/com.unity.burst/Runtime/SafeStringArrayHelper.cs
 0.1 kb	 0.0% Packages/com.unity.burst/Runtime/Editor/BurstEditorOptions.cs
 0.1 kb	 0.0% Packages/com.unity.burst/Runtime/Editor/BurstCompileTarget.cs
 0.1 kb	 0.0% Packages/com.unity.burst/Runtime/Editor/BurstAssemblyDisable.cs
 0.1 kb	 0.0% Packages/com.unity.burst/Runtime/BurstCompileAttribute.cs
 0.1 kb	 0.0% Packages/com.unity.ai.inference/Runtime/Core/TensorShape.cs
 0.1 kb	 0.0% Packages/com.unity.ai.inference/Runtime/Core/TensorIndex.cs
 0.1 kb	 0.0% Packages/com.unity.ai.inference/Runtime/Core/TensorGeneric.cs
 0.1 kb	 0.0% Packages/com.unity.ai.inference/Runtime/Core/TensorData.cs
 0.1 kb	 0.0% Packages/com.unity.ai.inference/Runtime/Core/ShapeInference/EinsumHelper.cs
 0.1 kb	 0.0% Packages/com.unity.ai.inference/Runtime/Core/Serialization/SentisFlatBuffer/ExecutionPlan.cs
 0.1 kb	 0.0% Packages/com.unity.ai.inference/Runtime/Core/Serialization/ModelWriter.cs
 0.1 kb	 0.0% Packages/com.unity.ai.inference/Runtime/Core/Serialization/ModelLoader.cs
 0.1 kb	 0.0% Packages/com.unity.ai.inference/Runtime/Core/Layers/Layer.Recurrent.cs
 0.1 kb	 0.0% Packages/com.unity.ai.inference/Runtime/Core/Layers/Layer.Logical.cs
 0.1 kb	 0.0% Packages/com.unity.ai.inference/Runtime/Core/Layers/Layer.Activation.cs
 0.1 kb	 0.0% Packages/com.unity.ai.inference/Runtime/Core/Internals/ModelAsset.cs
 0.1 kb	 0.0% Packages/com.unity.ai.inference/Runtime/Core/Backends/TensorPool.cs
 0.1 kb	 0.0% Packages/com.unity.ai.inference/Runtime/Core/Backends/ModelStorage.cs
 0.1 kb	 0.0% Packages/com.unity.ai.inference/Runtime/Core/Backends/GPUCompute/ComputeInfo.cs
 0.1 kb	 0.0% Packages/com.unity.ai.inference/Runtime/Core/Backends/CPU/ReferenceCPU.cs
 0.1 kb	 0.0% Assets/Samples/XREAL XR Plugin/3.1.0/Interaction Basics/RayLaser/XREALLaserVisual.cs
 0.1 kb	 0.0% Assets/Samples/XREAL XR Plugin/3.1.0/Interaction Basics/FocusPlane/FocusPlanePanel.cs
 0.1 kb	 0.0% Assets/CyberEye/Scripts/BiometricProfileGenerator.cs
 0.1 kb	 0.0% Packages/com.xreal.xr/Runtime/Scripts/XREALRGBCamera.cs
 0.1 kb	 0.0% Packages/com.xreal.xr/Runtime/Scripts/Android/Camera Features/Models/CaptureDefine.cs
 0.1 kb	 0.0% Packages/com.unity.xr.arfoundation/Runtime/ARSubsystems/XRCpuImage/Api.cs
 0.1 kb	 0.0% Packages/com.unity.xr.arfoundation/Runtime/ARSubsystems/GuidUtil.cs
 0.1 kb	 0.0% Packages/com.unity.xr.arfoundation/Runtime/ARSubsystems/FaceSubsystem/XRFace.cs
 0.1 kb	 0.0% Packages/com.unity.xr.arfoundation/Runtime/ARSubsystems/AnchorSubsystem/XRAnchor.cs
 0.1 kb	 0.0% Packages/com.unity.xr.arfoundation/Runtime/ARFoundation/ARPlane.cs
 0.1 kb	 0.0% Packages/com.unity.xr.arfoundation/Runtime/ARFoundation/ARFace.cs
 0.1 kb	 0.0% Packages/com.unity.xr.arfoundation/Runtime/ARFoundation/ARAnchor.cs
 0.1 kb	 0.0% Packages/com.unity.ugui/Runtime/TMP/TMPro_EventManager.cs
 0.1 kb	 0.0% Packages/com.unity.ugui/Runtime/TMP/TMP_UpdateRegistery.cs
 0.1 kb	 0.0% Packages/com.unity.ugui/Runtime/TMP/TMP_UpdateManager.cs
 0.1 kb	 0.0% Packages/com.unity.ugui/Runtime/TMP/TMP_TextUtilities.cs
 0.1 kb	 0.0% Packages/com.unity.ugui/Runtime/TMP/TMP_TextProcessingCommon.cs
 0.1 kb	 0.0% Packages/com.unity.ugui/Runtime/TMP/TMP_SpriteCharacter.cs
 0.1 kb	 0.0% Packages/com.unity.ugui/Runtime/TMP/TMP_SpriteAnimator.cs
 0.1 kb	 0.0% Packages/com.unity.ugui/Runtime/TMP/TMP_SelectionCaret.cs
 0.1 kb	 0.0% Packages/com.unity.ugui/Runtime/TMP/TMP_ResourcesManager.cs
 0.1 kb	 0.0% Packages/com.unity.ugui/Runtime/TMP/TMP_MaterialManager.cs
 0.1 kb	 0.0% Packages/com.unity.ugui/Runtime/TMP/TMP_InputValidator.cs
 0.1 kb	 0.0% Packages/com.unity.ugui/Runtime/TMP/TMP_FontFeatureTable.cs
 0.1 kb	 0.0% Packages/com.unity.ugui/Runtime/TMP/TMP_DefaultControls.cs
 0.1 kb	 0.0% Packages/com.unity.ugui/Runtime/TMP/TMP_Compatibility.cs
 0.1 kb	 0.0% Packages/com.unity.ugui/Runtime/TMP/TMP_ColorGradient.cs
 0.1 kb	 0.0% Packages/com.unity.ugui/Runtime/TMP/TMP_CharacterInfo.cs
 0.1 kb	 0.0% Packages/com.unity.ugui/Runtime/TMP/ITextPreProcessor.cs
 0.1 kb	 0.0% Packages/com.unity.ugui/Runtime/TMP/FontFeatureCommonGPOS.cs
 0.1 kb	 0.0% Packages/com.unity.render-pipelines.core/Runtime/STP/STP.cs
 0.1 kb	 0.0% Packages/com.unity.mathematics/Unity.Mathematics/double4x4.gen.cs
 0.1 kb	 0.0% Packages/com.unity.mathematics/Unity.Mathematics/double4x3.gen.cs
 0.1 kb	 0.0% Packages/com.unity.mathematics/Unity.Mathematics/double4x2.gen.cs
 0.1 kb	 0.0% Packages/com.unity.mathematics/Unity.Mathematics/double3x4.gen.cs
 0.1 kb	 0.0% Packages/com.unity.mathematics/Unity.Mathematics/double3x3.gen.cs
 0.1 kb	 0.0% Packages/com.unity.mathematics/Unity.Mathematics/double3x2.gen.cs
 0.1 kb	 0.0% Packages/com.unity.mathematics/Unity.Mathematics/double2x4.gen.cs
 0.1 kb	 0.0% Packages/com.unity.mathematics/Unity.Mathematics/double2x3.gen.cs
 0.1 kb	 0.0% Packages/com.unity.mathematics/Unity.Mathematics/double2x2.gen.cs
 0.1 kb	 0.0% Packages/com.unity.inputsystem/InputSystem/Plugins/PlayerInput/PlayerInput.cs
 0.1 kb	 0.0% Packages/com.unity.inputsystem/InputSystem/Plugins/PlayerInput/InputValue.cs
 0.1 kb	 0.0% Packages/com.unity.inputsystem/InputSystem/InputSystem.cs
 0.1 kb	 0.0% Packages/com.unity.inputsystem/InputSystem/InputManager.cs
 0.1 kb	 0.0% Packages/com.unity.inputsystem/InputSystem/Editor/UITKAssetEditor/Commands/Commands.cs
 0.1 kb	 0.0% Packages/com.unity.inputsystem/InputSystem/Editor/Dialog.cs
 0.1 kb	 0.0% Packages/com.unity.inputsystem/InputSystem/Devices/Touchscreen.cs
 0.1 kb	 0.0% Packages/com.unity.inputsystem/InputSystem/Devices/Precompiled/FastMouse.cs
 0.1 kb	 0.0% Packages/com.unity.inputsystem/InputSystem/Devices/Precompiled/FastKeyboard.cs
 0.1 kb	 0.0% Packages/com.unity.inputsystem/InputSystem/Devices/InputDevice.cs
 0.1 kb	 0.0% Packages/com.unity.inputsystem/InputSystem/Devices/Haptics/IHaptics.cs
 0.1 kb	 0.0% Packages/com.unity.inputsystem/InputSystem/Controls/InputControl.cs
 0.1 kb	 0.0% Packages/com.unity.inputsystem/InputSystem/Controls/CommonUsages.cs
 0.1 kb	 0.0% Packages/com.unity.inputsystem/InputSystem/AssemblyInfo.cs
 0.1 kb	 0.0% Packages/com.unity.inputsystem/InputSystem/Actions/InputBinding.cs
 0.1 kb	 0.0% Packages/com.unity.inputsystem/InputSystem/Actions/InputAction.cs
 0.1 kb	 0.0% Packages/com.unity.dt.app-ui/Runtime/UI/Manipulators/TooltipManipulator.cs
 0.1 kb	 0.0% Packages/com.unity.dt.app-ui/Runtime/UI/Extensions/UINumericFieldsUtils.cs
 0.1 kb	 0.0% Packages/com.unity.dt.app-ui/Runtime/UI/Extensions/TextFieldExtensions.cs
 0.1 kb	 0.0% Packages/com.unity.dt.app-ui/Runtime/UI/Extensions/KeyCodeExtensions.cs
 0.1 kb	 0.0% Packages/com.unity.dt.app-ui/Runtime/UI/Extensions/GradientExtensions.cs
 0.1 kb	 0.0% Packages/com.unity.dt.app-ui/Runtime/UI/Extensions/EnumerableExtensions.cs
 0.1 kb	 0.0% Packages/com.unity.dt.app-ui/Runtime/UI/Extensions/BackgroundExtensions.cs
 0.1 kb	 0.0% Packages/com.unity.dt.app-ui/Runtime/UI/Events/PinchGestureEvent.cs
 0.1 kb	 0.0% Packages/com.unity.dt.app-ui/Runtime/UI/Events/ActionTriggeredEvent.cs
 0.1 kb	 0.0% Packages/com.unity.dt.app-ui/Runtime/UI/Components/LocalizedTextElement.cs
 0.1 kb	 0.0% Packages/com.unity.dt.app-ui/Runtime/UI/Components/ISelectableElement.cs
 0.1 kb	 0.0% Packages/com.unity.dt.app-ui/Runtime/UI/Components/FloatingActionButton.cs
 0.1 kb	 0.0% Packages/com.unity.dt.app-ui/Runtime/UI/Components/BaseVisualElement.cs
 0.1 kb	 0.0% Packages/com.unity.dt.app-ui/Runtime/UI/Attributes/EnumNameAttribute.cs
 0.1 kb	 0.0% Packages/com.unity.dt.app-ui/Runtime/Core/WorldSpaceUIDocument.cs
 0.1 kb	 0.0% Packages/com.unity.dt.app-ui/Runtime/Core/NotificationManager.cs
 0.1 kb	 0.0% Packages/com.unity.dt.app-ui/Runtime/Core/LocalizationUtils.cs
 0.1 kb	 0.0% Packages/com.unity.dt.app-ui/Runtime/Core/GestureRecognizer.cs
 0.1 kb	 0.0% Packages/com.unity.collections/Unity.Collections/NativeText.gen.cs
 0.1 kb	 0.0% Packages/com.unity.collections/Unity.Collections/FixedList.gen.cs
 0.1 kb	 0.0% Packages/com.unity.ai.inference/Runtime/Core/Layers/Layer.Math.cs
 0.1 kb	 0.0% Packages/com.unity.ai.inference/Runtime/Core/Graph/SortKey.cs
 0.1 kb	 0.0% Packages/com.unity.ai.inference/Runtime/Core/Graph/NodeSet.cs
 0.1 kb	 0.0% Packages/com.unity.ai.inference/Runtime/Core/Graph/NodeList.cs
 0.1 kb	 0.0% Packages/com.unity.ai.inference/Runtime/Core/Graph/Graph.cs
 0.1 kb	 0.0% Packages/com.unity.ai.inference/Runtime/Core/Graph/Argument.cs
 0.1 kb	 0.0% Packages/com.unity.ai.inference/Runtime/Core/Backends/GPUPixel/GPUPixel.cs
 0.1 kb	 0.0% Assets/Samples/XREAL XR Plugin/3.1.0/Interaction Basics/StereoVideo/StereoVideoDemo.cs
 0.1 kb	 0.0% Packages/com.xreal.xr/Runtime/Scripts/XREALXRLoader.cs
 0.1 kb	 0.0% Packages/com.xreal.xr/Runtime/Scripts/XREALSettings.cs
 0.1 kb	 0.0% Packages/com.xreal.xr/Runtime/Scripts/Android/XREALHomeMenu.cs
 0.1 kb	 0.0% Packages/com.xreal.xr/Runtime/Scripts/Android/Notification/XREALDialogView.cs
 0.1 kb	 0.0% Packages/com.xreal.xr/Runtime/Scripts/Android/Notification/NativeConstants.cs
 0.1 kb	 0.0% Packages/com.xreal.xr/Runtime/Scripts/Android/Controller/DeviceLayouts.cs
 0.1 kb	 0.0% Packages/com.xreal.xr/Runtime/Scripts/Android/Camera Features/Models/CameraParameters.cs
 0.1 kb	 0.0% Packages/com.xreal.xr/Runtime/Scripts/Android/Camera Features/FrameBlender/IFrameConsumer.cs
 0.1 kb	 0.0% Packages/com.xreal.xr/Runtime/Scripts/Android/Camera Features/Encoder/NativeEncoder.cs
 0.1 kb	 0.0% Packages/com.xreal.xr/Runtime/Scripts/Android/Camera Features/Encoder/AudioRecordTool.cs
 0.1 kb	 0.0% Packages/com.unity.xr.management/Runtime/XRLoader.cs
 0.1 kb	 0.0% Packages/com.unity.xr.core-utils/Runtime/UndoBlock.cs
 0.1 kb	 0.0% Packages/com.unity.xr.core-utils/Runtime/TextureUtils.cs
 0.1 kb	 0.0% Packages/com.unity.xr.core-utils/Runtime/MathUtility.cs
 0.1 kb	 0.0% Packages/com.unity.xr.core-utils/Runtime/HashCodeUtil.cs
 0.1 kb	 0.0% Packages/com.unity.xr.core-utils/Runtime/DebugDraw.cs
 0.1 kb	 0.0% Packages/com.unity.xr.core-utils/Runtime/Datums/IntDatum.cs
 0.1 kb	 0.0% Packages/com.unity.xr.core-utils/Runtime/BoundsUtils.cs
 0.1 kb	 0.0% Packages/com.unity.ugui/Runtime/UGUI/UI/Core/VertexModifiers/PositionAsUV1.cs
 0.1 kb	 0.0% Packages/com.unity.ugui/Runtime/UGUI/UI/Core/VertexModifiers/IMeshModifier.cs
 0.1 kb	 0.0% Packages/com.unity.ugui/Runtime/UGUI/UI/Core/VertexModifiers/BaseMeshEffect.cs
 0.1 kb	 0.0% Packages/com.unity.ugui/Runtime/UGUI/UI/Core/StencilMaterial.cs
 0.1 kb	 0.0% Packages/com.unity.ugui/Runtime/UGUI/UI/Core/MaskableGraphic.cs
 0.1 kb	 0.0% Packages/com.unity.ugui/Runtime/UGUI/UI/Core/MaskUtilities.cs
 0.1 kb	 0.0% Packages/com.unity.ugui/Runtime/UGUI/UI/Core/Layout/LayoutUtility.cs
 0.1 kb	 0.0% Packages/com.unity.ugui/Runtime/UGUI/UI/Core/Layout/LayoutRebuilder.cs
 0.1 kb	 0.0% Packages/com.unity.ugui/Runtime/UGUI/UI/Core/Layout/LayoutElement.cs
 0.1 kb	 0.0% Packages/com.unity.ugui/Runtime/UGUI/UI/Core/Layout/ILayoutElement.cs
 0.1 kb	 0.0% Packages/com.unity.ugui/Runtime/UGUI/UI/Core/Layout/GridLayoutGroup.cs
 0.1 kb	 0.0% Packages/com.unity.ugui/Runtime/UGUI/UI/Core/GraphicRegistry.cs
 0.1 kb	 0.0% Packages/com.unity.ugui/Runtime/UGUI/UI/Core/GraphicRaycaster.cs
 0.1 kb	 0.0% Packages/com.unity.ugui/Runtime/UGUI/UI/Core/DefaultControls.cs
 0.1 kb	 0.0% Packages/com.unity.ugui/Runtime/UGUI/UI/Core/Culling/ClipperRegistry.cs
 0.1 kb	 0.0% Packages/com.unity.ugui/Runtime/UGUI/EventSystem/UIBehaviour.cs
 0.1 kb	 0.0% Packages/com.unity.ugui/Runtime/UGUI/EventSystem/InputModules/BaseInput.cs
 0.1 kb	 0.0% Packages/com.unity.ugui/Runtime/UGUI/EventSystem/EventTrigger.cs
 0.1 kb	 0.0% Packages/com.unity.ugui/Runtime/UGUI/EventSystem/EventSystem.cs
 0.1 kb	 0.0% Packages/com.unity.ugui/Runtime/TMP/TMPro_MeshUtilities.cs
 0.1 kb	 0.0% Packages/com.unity.ugui/Runtime/TMP/TMP_ShaderUtilities.cs
 0.1 kb	 0.0% Packages/com.unity.ugui/Runtime/TMP/TMP_RichTextTagsCommon.cs
 0.1 kb	 0.0% Packages/com.unity.ugui/Runtime/TMP/TMP_FontAssetCommon.cs
 0.1 kb	 0.0% Packages/com.unity.mathematics/Unity.Mathematics/quaternion.cs
 0.1 kb	 0.0% Packages/com.unity.mathematics/Unity.Mathematics/Noise/classicnoise4D.cs
 0.1 kb	 0.0% Packages/com.unity.mathematics/Unity.Mathematics/Noise/classicnoise3D.cs
 0.1 kb	 0.0% Packages/com.unity.mathematics/Unity.Mathematics/Noise/classicnoise2D.cs
 0.1 kb	 0.0% Packages/com.unity.mathematics/Unity.Mathematics/Noise/cellular2x2x2.cs
 0.1 kb	 0.0% Packages/com.unity.mathematics/Unity.Mathematics/Geometry/Plane.cs
 0.1 kb	 0.0% Packages/com.unity.inputsystem/InputSystem/Plugins/XR/Devices/Oculus.cs
 0.1 kb	 0.0% Packages/com.unity.dt.app-ui/Runtime/UI/Attributes/Drawers.cs
 0.1 kb	 0.0% Packages/com.unity.dt.app-ui/Runtime/Navigation/NavHost.cs
 0.1 kb	 0.0% Packages/com.unity.dt.app-ui/Runtime/Navigation/NavGraph.cs
 0.1 kb	 0.0% Packages/com.unity.dt.app-ui/Runtime/MVVM/UITK/UIToolkitHost.cs
 0.1 kb	 0.0% Packages/com.unity.dt.app-ui/Runtime/MVVM/UITK/IUIToolkitHost.cs
 0.1 kb	 0.0% Packages/com.unity.dt.app-ui/Runtime/MVVM/UITK/IUIToolkitApp.cs
 0.1 kb	 0.0% Packages/com.unity.dt.app-ui/Runtime/MVVM/Input/IRelayCommand.cs
 0.1 kb	 0.0% Packages/com.unity.dt.app-ui/Runtime/MVVM/DependencyInjection/ServiceProvider.cs
 0.1 kb	 0.0% Packages/com.unity.dt.app-ui/Runtime/MVVM/ComponentModel/ObservableObject.cs
 0.1 kb	 0.0% Packages/com.unity.dt.app-ui/Runtime/MVVM/Attributes/ServiceAtribute.cs
 0.1 kb	 0.0% Packages/com.unity.collections/Unity.Collections/UIntFloat.cs
 0.1 kb	 0.0% Packages/com.unity.collections/Unity.Collections/NativeStream.cs
 0.1 kb	 0.0% Packages/com.unity.collections/Unity.Collections/Jobs/EarlyInitHelpers.cs
 0.1 kb	 0.0% Packages/com.unity.burst/Runtime/Intrinsics/SimdDebugViews.cs
 0.1 kb	 0.0% Packages/com.unity.burst/Runtime/Editor/BurstReflection.cs
 0.1 kb	 0.0% Packages/com.unity.burst/Runtime/BurstCompilerOptions.cs
 0.1 kb	 0.0% Packages/com.unity.ai.inference/Runtime/Core/Tensor.cs
 0.1 kb	 0.0% Packages/com.unity.ai.inference/Runtime/Core/Serialization/SentisFlatBuffer/KernelCall.cs
 0.1 kb	 0.0% Packages/com.unity.ai.inference/Runtime/Core/Serialization/SentisFlatBuffer/Instruction.cs
 0.1 kb	 0.0% Packages/com.unity.ai.inference/Runtime/Core/Serialization/SentisFlatBuffer/FloatList.cs
 0.1 kb	 0.0% Packages/com.unity.ai.inference/Runtime/Core/Serialization/SentisFlatBuffer/DataSegment.cs
 0.1 kb	 0.0% Packages/com.unity.ai.inference/Runtime/Core/Random.cs
 0.1 kb	 0.0% Packages/com.unity.ai.inference/Runtime/Core/Model.cs
 0.1 kb	 0.0% Packages/com.unity.ai.inference/Runtime/Core/Logger.cs
 0.1 kb	 0.0% Packages/com.unity.ai.inference/Runtime/Core/Layers/Layer.cs
 0.1 kb	 0.0% Packages/com.unity.ai.inference/Runtime/Core/Layers/Constant.cs
 0.1 kb	 0.0% Packages/com.unity.ai.inference/Runtime/Core/Internals/Debug.cs
 0.1 kb	 0.0% Packages/com.unity.ai.inference/Runtime/Core/Backends/Worker.cs
 0.1 kb	 0.0% Packages/com.unity.ai.inference/Runtime/Core/Backends/OpsUtils.cs
 0.1 kb	 0.0% Packages/com.unity.ai.inference/Runtime/Core/Backends/IBackend.cs
 0.1 kb	 0.0% Assets/Samples/XREAL XR Plugin/3.1.0/Interaction Basics/RayLaser/XREALLaser.cs
 0.1 kb	 0.0% Assets/Samples/XREAL XR Plugin/3.1.0/Interaction Basics/Metrics/MetricsPanel.cs
 0.1 kb	 0.0% Assets/Samples/XREAL XR Plugin/3.1.0/Interaction Basics/LegacyTools/XREALInput.cs
 0.1 kb	 0.0% Packages/com.unity.ugui/Runtime/TMP/TextMeshProUGUI.cs
 0.1 kb	 0.0% Packages/com.unity.ugui/Runtime/TMP/TextContainer.cs
 0.1 kb	 0.0% Packages/com.unity.ugui/Runtime/TMP/TMP_TextElement.cs
 0.1 kb	 0.0% Packages/com.unity.ugui/Runtime/TMP/TMP_SubMeshUI.cs
 0.1 kb	 0.0% Packages/com.unity.ugui/Runtime/TMP/TMP_StyleSheet.cs
 0.1 kb	 0.0% Packages/com.unity.ugui/Runtime/TMP/TMP_SpriteGlyph.cs
 0.1 kb	 0.0% Packages/com.unity.ugui/Runtime/TMP/TMP_SpriteAsset.cs
 0.1 kb	 0.0% Packages/com.unity.ugui/Runtime/TMP/TMP_InputField.cs
 0.1 kb	 0.0% Packages/com.unity.ugui/Runtime/TMP/TMP_FontAsset.cs
 0.1 kb	 0.0% Packages/com.unity.ugui/Runtime/TMP/TMP_CoroutineTween.cs
 0.1 kb	 0.0% Packages/com.unity.ugui/Runtime/TMP/TMP_Character.cs
 0.1 kb	 0.0% Packages/com.unity.render-pipelines.universal/Shaders/Shaders.cs
 0.1 kb	 0.0% Packages/com.unity.mathematics/Unity.Mathematics/uint4x4.gen.cs
 0.1 kb	 0.0% Packages/com.unity.mathematics/Unity.Mathematics/uint4x3.gen.cs
 0.1 kb	 0.0% Packages/com.unity.mathematics/Unity.Mathematics/uint4x2.gen.cs
 0.1 kb	 0.0% Packages/com.unity.mathematics/Unity.Mathematics/uint4.gen.cs
 0.1 kb	 0.0% Packages/com.unity.mathematics/Unity.Mathematics/uint3x4.gen.cs
 0.1 kb	 0.0% Packages/com.unity.mathematics/Unity.Mathematics/uint3x3.gen.cs
 0.1 kb	 0.0% Packages/com.unity.mathematics/Unity.Mathematics/uint3x2.gen.cs
 0.1 kb	 0.0% Packages/com.unity.mathematics/Unity.Mathematics/uint3.gen.cs
 0.1 kb	 0.0% Packages/com.unity.mathematics/Unity.Mathematics/uint2x4.gen.cs
 0.1 kb	 0.0% Packages/com.unity.mathematics/Unity.Mathematics/uint2x3.gen.cs
 0.1 kb	 0.0% Packages/com.unity.mathematics/Unity.Mathematics/uint2x2.gen.cs
 0.1 kb	 0.0% Packages/com.unity.mathematics/Unity.Mathematics/uint2.gen.cs
 0.1 kb	 0.0% Packages/com.unity.mathematics/Unity.Mathematics/int4x4.gen.cs
 0.1 kb	 0.0% Packages/com.unity.mathematics/Unity.Mathematics/int4x3.gen.cs
 0.1 kb	 0.0% Packages/com.unity.mathematics/Unity.Mathematics/int4x2.gen.cs
 0.1 kb	 0.0% Packages/com.unity.mathematics/Unity.Mathematics/int3x4.gen.cs
 0.1 kb	 0.0% Packages/com.unity.mathematics/Unity.Mathematics/int3x3.gen.cs
 0.1 kb	 0.0% Packages/com.unity.mathematics/Unity.Mathematics/int3x2.gen.cs
 0.1 kb	 0.0% Packages/com.unity.mathematics/Unity.Mathematics/int2x4.gen.cs
 0.1 kb	 0.0% Packages/com.unity.mathematics/Unity.Mathematics/int2x3.gen.cs
 0.1 kb	 0.0% Packages/com.unity.mathematics/Unity.Mathematics/int2x2.gen.cs
 0.1 kb	 0.0% Packages/com.unity.mathematics/Unity.Mathematics/half4.gen.cs
 0.1 kb	 0.0% Packages/com.unity.mathematics/Unity.Mathematics/half3.gen.cs
 0.1 kb	 0.0% Packages/com.unity.mathematics/Unity.Mathematics/half2.gen.cs
 0.1 kb	 0.0% Packages/com.unity.mathematics/Unity.Mathematics/float4x4.gen.cs
 0.1 kb	 0.0% Packages/com.unity.mathematics/Unity.Mathematics/float4x3.gen.cs
 0.1 kb	 0.0% Packages/com.unity.mathematics/Unity.Mathematics/float4x2.gen.cs
 0.1 kb	 0.0% Packages/com.unity.mathematics/Unity.Mathematics/float4.gen.cs
 0.1 kb	 0.0% Packages/com.unity.mathematics/Unity.Mathematics/float3x4.gen.cs
 0.1 kb	 0.0% Packages/com.unity.mathematics/Unity.Mathematics/float3x3.gen.cs
 0.1 kb	 0.0% Packages/com.unity.mathematics/Unity.Mathematics/float3x2.gen.cs
 0.1 kb	 0.0% Packages/com.unity.mathematics/Unity.Mathematics/float3.gen.cs
 0.1 kb	 0.0% Packages/com.unity.mathematics/Unity.Mathematics/float2x4.gen.cs
 0.1 kb	 0.0% Packages/com.unity.mathematics/Unity.Mathematics/float2x3.gen.cs
 0.1 kb	 0.0% Packages/com.unity.mathematics/Unity.Mathematics/float2x2.gen.cs
 0.1 kb	 0.0% Packages/com.unity.mathematics/Unity.Mathematics/float2.gen.cs
 0.1 kb	 0.0% Packages/com.unity.mathematics/Unity.Mathematics/double4.gen.cs
 0.1 kb	 0.0% Packages/com.unity.mathematics/Unity.Mathematics/double3.gen.cs
 0.1 kb	 0.0% Packages/com.unity.mathematics/Unity.Mathematics/double2.gen.cs
 0.1 kb	 0.0% Packages/com.unity.mathematics/Unity.Mathematics/bool4x4.gen.cs
 0.1 kb	 0.0% Packages/com.unity.mathematics/Unity.Mathematics/bool4x3.gen.cs
 0.1 kb	 0.0% Packages/com.unity.mathematics/Unity.Mathematics/bool4x2.gen.cs
 0.1 kb	 0.0% Packages/com.unity.mathematics/Unity.Mathematics/bool4.gen.cs
 0.1 kb	 0.0% Packages/com.unity.mathematics/Unity.Mathematics/bool3x4.gen.cs
 0.1 kb	 0.0% Packages/com.unity.mathematics/Unity.Mathematics/bool3x3.gen.cs
 0.1 kb	 0.0% Packages/com.unity.mathematics/Unity.Mathematics/bool3x2.gen.cs
 0.1 kb	 0.0% Packages/com.unity.mathematics/Unity.Mathematics/bool3.gen.cs
 0.1 kb	 0.0% Packages/com.unity.mathematics/Unity.Mathematics/bool2x4.gen.cs
 0.1 kb	 0.0% Packages/com.unity.mathematics/Unity.Mathematics/bool2x3.gen.cs
 0.1 kb	 0.0% Packages/com.unity.mathematics/Unity.Mathematics/bool2x2.gen.cs
 0.1 kb	 0.0% Packages/com.unity.mathematics/Unity.Mathematics/bool2.gen.cs
 0.1 kb	 0.0% Packages/com.unity.mathematics/Unity.Mathematics/Noise/psrdnoise2D.cs
 0.1 kb	 0.0% Packages/com.unity.mathematics/Unity.Mathematics/Noise/noise3Dgrad.cs
 0.1 kb	 0.0% Packages/com.unity.mathematics/Unity.Mathematics/Noise/cellular3D.cs
 0.1 kb	 0.0% Packages/com.unity.mathematics/Unity.Mathematics/Noise/cellular2x2.cs
 0.1 kb	 0.0% Packages/com.unity.mathematics/Unity.Mathematics/Noise/cellular2D.cs
 0.1 kb	 0.0% Packages/com.unity.inputsystem/InputSystem/Plugins/XR/Devices/GoogleVR.cs
 0.1 kb	 0.0% Packages/com.unity.inputsystem/InputSystem/Editor/DownloadableSample.cs
 0.1 kb	 0.0% Packages/com.unity.inputsystem/InputSystem/Devices/Sensor.cs
 0.1 kb	 0.0% Packages/com.unity.inputsystem/InputSystem/Devices/Pointer.cs
 0.1 kb	 0.0% Packages/com.unity.inputsystem/InputSystem/Devices/Mouse.cs
 0.1 kb	 0.0% Packages/com.unity.inputsystem/InputSystem/Devices/Keyboard.cs
 0.1 kb	 0.0% Packages/com.unity.inputsystem/InputSystem/Devices/Joystick.cs
 0.1 kb	 0.0% Packages/com.unity.inputsystem/InputSystem/Devices/Gamepad.cs
 0.1 kb	 0.0% Packages/com.unity.dt.app-ui/Runtime/UI/Popups/DialogTrigger.cs
 0.1 kb	 0.0% Packages/com.unity.dt.app-ui/Runtime/UI/Popups/AnchorPopupUtils.cs
 0.1 kb	 0.0% Packages/com.unity.dt.app-ui/Runtime/UI/Popups/AnchorPopup.cs
 0.1 kb	 0.0% Packages/com.unity.dt.app-ui/Runtime/UI/Manipulators/PanAndZoomable.cs
 0.1 kb	 0.0% Packages/com.unity.dt.app-ui/Runtime/UI/Manipulators/BlinkingCursor.cs
 0.1 kb	 0.0% Packages/com.unity.dt.app-ui/Runtime/UI/Extensions/SingleExtensions.cs
 0.1 kb	 0.0% Packages/com.unity.dt.app-ui/Runtime/UI/Extensions/RectExtensions.cs
 0.1 kb	 0.0% Packages/com.unity.dt.app-ui/Runtime/UI/Extensions/MaterialUtils.cs
 0.1 kb	 0.0% Packages/com.unity.dt.app-ui/Runtime/UI/Extensions/EnumExtensions.cs
 0.1 kb	 0.0% Packages/com.unity.dt.app-ui/Runtime/UI/Extensions/ColorExtensions.cs
 0.1 kb	 0.0% Packages/com.unity.dt.app-ui/Runtime/UI/Events/PanGestureEvent.cs
 0.1 kb	 0.0% Packages/com.unity.dt.app-ui/Runtime/UI/Events/DpiChangedEvent.cs
 0.1 kb	 0.0% Packages/com.unity.dt.app-ui/Runtime/UI/Components/Vector3IntField.cs
 0.1 kb	 0.0% Packages/com.unity.dt.app-ui/Runtime/UI/Components/Vector2IntField.cs
 0.1 kb	 0.0% Packages/com.unity.dt.app-ui/Runtime/UI/Components/TouchSliderInt.cs
 0.1 kb	 0.0% Packages/com.unity.dt.app-ui/Runtime/UI/Components/TouchSliderFloat.cs
 0.1 kb	 0.0% Packages/com.unity.dt.app-ui/Runtime/UI/Components/RangeSliderInt.cs
 0.1 kb	 0.0% Packages/com.unity.dt.app-ui/Runtime/UI/Components/RangeSliderFloat.cs
 0.1 kb	 0.0% Packages/com.unity.dt.app-ui/Runtime/UI/Components/PageIndicator.cs
 0.1 kb	 0.0% Packages/com.unity.dt.app-ui/Runtime/UI/Components/LinearProgress.cs
 0.1 kb	 0.0% Packages/com.unity.dt.app-ui/Runtime/UI/Components/ISizeableElement.cs
 0.1 kb	 0.0% Packages/com.unity.dt.app-ui/Runtime/UI/Components/ExVisualElement.cs
 0.1 kb	 0.0% Packages/com.unity.dt.app-ui/Runtime/UI/Components/ContextProvider.cs
 0.1 kb	 0.0% Packages/com.unity.dt.app-ui/Runtime/UI/Components/CircularProgress.cs
 0.1 kb	 0.0% Packages/com.unity.dt.app-ui/Runtime/UI/Components/CanvasBackground.cs
 0.1 kb	 0.0% Packages/com.unity.dt.app-ui/Runtime/UI/Components/BoundsIntField.cs
 0.1 kb	 0.0% Packages/com.unity.dt.app-ui/Runtime/UI/Components/BaseTextElement.cs
 0.1 kb	 0.0% Packages/com.unity.dt.app-ui/Runtime/UI/Components/AssetTargetField.cs
 0.1 kb	 0.0% Packages/com.unity.dt.app-ui/Runtime/MVVM/Input/RelayCommand{T}.cs
 0.1 kb	 0.0% Packages/com.unity.dt.app-ui/Runtime/Core/StringExtensions.cs
 0.1 kb	 0.0% Packages/com.unity.dt.app-ui/Runtime/Core/Extensions/TouchExtensions.cs
 0.1 kb	 0.0% Packages/com.unity.dt.app-ui/Runtime/Core/Extensions/TaskExtensions.cs
 0.1 kb	 0.0% Packages/com.unity.dt.app-ui/Runtime/Core/AssetReference.cs
 0.1 kb	 0.0% Packages/com.unity.dt.app-ui/Runtime/Core/AppUISettings.cs
 0.1 kb	 0.0% Packages/com.unity.collections/Unity.Collections/xxHash3.AVX2.cs
 0.1 kb	 0.0% Packages/com.unity.burst/Runtime/Intrinsics/Arm/NEON_AArch64_rdma.cs
 0.1 kb	 0.0% Packages/com.unity.burst/Runtime/Intrinsics/Arm/NEON_AArch64_dotprod.cs
 0.1 kb	 0.0% Packages/com.unity.burst/Runtime/Intrinsics/Arm/NEON_AArch64_crypto.cs
 0.1 kb	 0.0% Packages/com.unity.ai.inference/Runtime/Core/Graph/Node.cs
 0.1 kb	 0.0% Packages/com.xreal.xr/Runtime/Scripts/XREALPlugin.cs
 0.1 kb	 0.0% Packages/com.xreal.xr/Runtime/Scripts/Utility/XREALUtility.cs
 0.1 kb	 0.0% Packages/com.xreal.xr/Runtime/Scripts/Utility/NativeView.cs
 0.1 kb	 0.0% Packages/com.xreal.xr/Runtime/Scripts/Android/XREALPlugin.cs
 0.1 kb	 0.0% Packages/com.xreal.xr/Runtime/Scripts/Android/Controller/XREALButton.cs
 0.1 kb	 0.0% Packages/com.xreal.xr/Runtime/Scripts/Android/Camera Features/FrameBlender/FrameBlender.cs
 0.1 kb	 0.0% Packages/com.xreal.xr/Runtime/Scripts/Android/Camera Features/FrameBlender/BlenderBase.cs
 0.1 kb	 0.0% Packages/com.xreal.xr/Runtime/Scripts/Android/Camera Features/Encoder/VideoEncoder.cs
 0.1 kb	 0.0% Packages/com.xreal.xr/Runtime/Scripts/Android/Camera Features/Encoder/ImageEncoder.cs
 0.1 kb	 0.0% Packages/com.xreal.xr/Runtime/Scripts/Android/Camera Features/Encoder/EncodeTypes.cs
 0.1 kb	 0.0% Packages/com.xreal.xr/Runtime/Scripts/Android/Camera Features/Encoder/AudioEncoder.cs
 0.1 kb	 0.0% Packages/com.xreal.xr/Runtime/Scripts/Android/Camera Features/AsyncTask.cs
 0.1 kb	 0.0% Packages/com.unity.xr.core-utils/Runtime/XROrigin.cs
 0.1 kb	 0.0% Packages/com.unity.xr.core-utils/Runtime/GuidUtil.cs
 0.1 kb	 0.0% Packages/com.unity.ugui/Runtime/UGUI/UI/Core/Utility/VertexHelper.cs
 0.1 kb	 0.0% Packages/com.unity.ugui/Runtime/UGUI/UI/Core/ToggleGroup.cs
 0.1 kb	 0.0% Packages/com.unity.ugui/Runtime/UGUI/UI/Core/SpriteState.cs
 0.1 kb	 0.0% Packages/com.unity.ugui/Runtime/UGUI/UI/Core/Selectable.cs
 0.1 kb	 0.0% Packages/com.unity.ugui/Runtime/UGUI/UI/Core/Scrollbar.cs
 0.1 kb	 0.0% Packages/com.unity.ugui/Runtime/UGUI/UI/Core/ScrollRect.cs
 0.1 kb	 0.0% Packages/com.unity.ugui/Runtime/UGUI/UI/Core/RectMask2D.cs
 0.1 kb	 0.0% Packages/com.unity.ugui/Runtime/UGUI/UI/Core/Navigation.cs
 0.1 kb	 0.0% Packages/com.unity.ugui/Runtime/UGUI/UI/Core/Layout/LayoutGroup.cs
 0.1 kb	 0.0% Packages/com.unity.ugui/Runtime/UGUI/UI/Core/Layout/CanvasScaler.cs
 0.1 kb	 0.0% Packages/com.unity.ugui/Runtime/UGUI/UI/Core/InputField.cs
 0.1 kb	 0.0% Packages/com.unity.ugui/Runtime/UGUI/UI/Core/IMaskable.cs
 0.1 kb	 0.0% Packages/com.unity.ugui/Runtime/UGUI/UI/Core/ColorBlock.cs
 0.1 kb	 0.0% Packages/com.unity.mathematics/Unity.Mathematics/random.cs
 0.1 kb	 0.0% Packages/com.unity.mathematics/Unity.Mathematics/matrix.gen.cs
 0.1 kb	 0.0% Packages/com.unity.mathematics/Unity.Mathematics/matrix.cs
 0.1 kb	 0.0% Packages/com.unity.mathematics/Unity.Mathematics/Noise/noise4D.cs
 0.1 kb	 0.0% Packages/com.unity.mathematics/Unity.Mathematics/Noise/noise3D.cs
 0.1 kb	 0.0% Packages/com.unity.mathematics/Unity.Mathematics/Noise/noise2D.cs
 0.1 kb	 0.0% Packages/com.unity.mathematics/Unity.Mathematics/Noise/common.cs
 0.1 kb	 0.0% Packages/com.unity.inputsystem/InputSystem/Plugins/XR/Devices/OpenVR.cs
 0.1 kb	 0.0% Packages/com.unity.inputsystem/InputSystem/Plugins/HID/HID.cs
 0.1 kb	 0.0% Packages/com.unity.dt.app-ui/Runtime/Undo/UndoStack.cs
 0.1 kb	 0.0% Packages/com.unity.dt.app-ui/Runtime/Undo/UndoCommand.cs
 0.1 kb	 0.0% Packages/com.unity.dt.app-ui/Runtime/MVVM/Input/RelayCommand.cs
 0.1 kb	 0.0% Packages/com.unity.dt.app-ui/Runtime/MVVM/App/AppBuilder.cs
 0.1 kb	 0.0% Packages/com.unity.collections/Unity.Collections/xxHash3.cs
 0.1 kb	 0.0% Packages/com.unity.collections/Unity.Collections/Unicode.cs
 0.1 kb	 0.0% Packages/com.unity.collections/Unity.Collections/Memory.cs
 0.1 kb	 0.0% Packages/com.unity.collections/Unity.Collections/Jobs/IJobFilter.cs
 0.1 kb	 0.0% Packages/com.unity.collections/Unity.Collections/BitField.cs
 0.1 kb	 0.0% Packages/com.unity.burst/Runtime/NoAliasAttribute.cs
 0.1 kb	 0.0% Packages/com.unity.burst/Runtime/FunctionPointer.cs
 0.1 kb	 0.0% Packages/com.unity.burst/Runtime/Editor/BurstLoader.cs
 0.1 kb	 0.0% Packages/com.unity.burst/Runtime/CompilerServices/Constant.cs
 0.1 kb	 0.0% Packages/com.unity.burst/Runtime/CompilerServices/Aliasing.cs
 0.1 kb	 0.0% Packages/com.unity.burst/Runtime/BurstString.Float.cs
 0.1 kb	 0.0% Packages/com.unity.burst/Runtime/BurstCompiler.cs
 0.1 kb	 0.0% Packages/com.unity.ai.inference/Runtime/Core/Serialization/SentisFlatBuffer/Tensor.cs
 0.1 kb	 0.0% Packages/com.unity.ai.inference/Runtime/Core/Serialization/SentisFlatBuffer/String.cs
 0.1 kb	 0.0% Packages/com.unity.ai.inference/Runtime/Core/Serialization/SentisFlatBuffer/Short.cs
 0.1 kb	 0.0% Packages/com.unity.ai.inference/Runtime/Core/Serialization/SentisFlatBuffer/Program.cs
 0.1 kb	 0.0% Packages/com.unity.ai.inference/Runtime/Core/Serialization/SentisFlatBuffer/Operator.cs
 0.1 kb	 0.0% Packages/com.unity.ai.inference/Runtime/Core/Serialization/SentisFlatBuffer/IntList.cs
 0.1 kb	 0.0% Packages/com.unity.ai.inference/Runtime/Core/Serialization/SentisFlatBuffer/Float.cs
 0.1 kb	 0.0% Packages/com.unity.ai.inference/Runtime/Core/Serialization/SentisFlatBuffer/EValue.cs
 0.1 kb	 0.0% Packages/com.unity.ai.inference/Runtime/Core/Serialization/SentisFlatBuffer/Chain.cs
 0.1 kb	 0.0% Packages/com.unity.ai.inference/Runtime/Core/Serialization/SentisFlatBuffer/Buffer.cs
 0.1 kb	 0.0% Packages/com.unity.ai.inference/Runtime/Core/Serialization/SentisFlatBuffer/BoolList.cs
 0.1 kb	 0.0% Packages/com.unity.ai.inference/Runtime/Core/Backends/Ops.cs
 0.1 kb	 0.0% Assets/Samples/XREAL XR Plugin/3.1.0/Interaction Basics/HelloMR/HelloMR.cs
 0.1 kb	 0.0% Assets/CyberEye/Scripts/SettingsController.cs
 0.1 kb	 0.0% Assets/CyberEye/Scripts/HudOverlayController.cs
 0.1 kb	 0.0% Assets/CyberEye/Scripts/AppBootController.cs
 0.1 kb	 0.0% Packages/com.unity.ugui/Runtime/UGUI/UI/Core/Culling/IClipRegion.cs
 0.1 kb	 0.0% Packages/com.unity.ugui/Runtime/TMP/TextMeshPro.cs
 0.1 kb	 0.0% Packages/com.unity.ugui/Runtime/TMP/TMP_TextInfo.cs
 0.1 kb	 0.0% Packages/com.unity.ugui/Runtime/TMP/TMP_SubMesh.cs
 0.1 kb	 0.0% Packages/com.unity.ugui/Runtime/TMP/TMP_Style.cs
 0.1 kb	 0.0% Packages/com.unity.ugui/Runtime/TMP/TMP_Sprite.cs
 0.1 kb	 0.0% Packages/com.unity.ugui/Runtime/TMP/TMP_Settings.cs
 0.1 kb	 0.0% Packages/com.unity.ugui/Runtime/TMP/TMP_MeshInfo.cs
 0.1 kb	 0.0% Packages/com.unity.ugui/Runtime/TMP/TMP_LineInfo.cs
 0.1 kb	 0.0% Packages/com.unity.ugui/Runtime/TMP/TMP_Dropdown.cs
 0.1 kb	 0.0% Packages/com.unity.ugui/Runtime/TMP/TMP_Asset.cs
 0.1 kb	 0.0% Packages/com.unity.ugui/Runtime/TMP/FastAction.cs
 0.1 kb	 0.0% Packages/com.unity.mathematics/Unity.Mathematics/int4.gen.cs
 0.1 kb	 0.0% Packages/com.unity.mathematics/Unity.Mathematics/int3.gen.cs
 0.1 kb	 0.0% Packages/com.unity.mathematics/Unity.Mathematics/int2.gen.cs
 0.1 kb	 0.0% Packages/com.unity.inputsystem/InputSystem/Devices/Pen.cs
 0.1 kb	 0.0% Packages/com.unity.dt.app-ui/Runtime/UI/Pickers/ColorPicker.cs
 0.1 kb	 0.0% Packages/com.unity.dt.app-ui/Runtime/UI/Menu/MenuTrigger.cs
 0.1 kb	 0.0% Packages/com.unity.dt.app-ui/Runtime/UI/Menu/MenuSection.cs
 0.1 kb	 0.0% Packages/com.unity.dt.app-ui/Runtime/UI/Menu/MenuDivider.cs
 0.1 kb	 0.0% Packages/com.unity.dt.app-ui/Runtime/UI/Menu/MenuBuilder.cs
 0.1 kb	 0.0% Packages/com.unity.dt.app-ui/Runtime/UI/Manipulators/Scrollable.cs
 0.1 kb	 0.0% Packages/com.unity.dt.app-ui/Runtime/UI/Manipulators/Pressable.cs
 0.1 kb	 0.0% Packages/com.unity.dt.app-ui/Runtime/UI/Manipulators/Draggable.cs
 0.1 kb	 0.0% Packages/com.unity.dt.app-ui/Runtime/UI/Manipulators/Clickable.cs
 0.1 kb	 0.0% Packages/com.unity.dt.app-ui/Runtime/UI/Layouts/SwipeView.cs
 0.1 kb	 0.0% Packages/com.unity.dt.app-ui/Runtime/UI/Layouts/StackView.cs
 0.1 kb	 0.0% Packages/com.unity.dt.app-ui/Runtime/UI/Layouts/SplitView.cs
 0.1 kb	 0.0% Packages/com.unity.dt.app-ui/Runtime/UI/Extensions/UnityObject.cs
 0.1 kb	 0.0% Packages/com.unity.dt.app-ui/Runtime/UI/Events/UpdateEvent.cs
 0.1 kb	 0.0% Packages/com.unity.dt.app-ui/Runtime/UI/Components/Vector4Field.cs
 0.1 kb	 0.0% Packages/com.unity.dt.app-ui/Runtime/UI/Components/Vector3Field.cs
 0.1 kb	 0.0% Packages/com.unity.dt.app-ui/Runtime/UI/Components/Vector2Field.cs
 0.1 kb	 0.0% Packages/com.unity.dt.app-ui/Runtime/UI/Components/TextField.cs
 0.1 kb	 0.0% Packages/com.unity.dt.app-ui/Runtime/UI/Components/SliderInt.cs
 0.1 kb	 0.0% Packages/com.unity.dt.app-ui/Runtime/UI/Components/SliderFloat.cs
 0.1 kb	 0.0% Packages/com.unity.dt.app-ui/Runtime/UI/Components/SearchBar.cs
 0.1 kb	 0.0% Packages/com.unity.dt.app-ui/Runtime/UI/Components/RectIntField.cs
 0.1 kb	 0.0% Packages/com.unity.dt.app-ui/Runtime/UI/Components/RectField.cs
 0.1 kb	 0.0% Packages/com.unity.dt.app-ui/Runtime/UI/Components/RadioGroup.cs
 0.1 kb	 0.0% Packages/com.unity.dt.app-ui/Runtime/UI/Components/Preloader.cs
 0.1 kb	 0.0% Packages/com.unity.dt.app-ui/Runtime/UI/Components/LongField.cs
 0.1 kb	 0.0% Packages/com.unity.dt.app-ui/Runtime/UI/Components/ListViewItem.cs
 0.1 kb	 0.0% Packages/com.unity.dt.app-ui/Runtime/UI/Components/InputLabel.cs
 0.1 kb	 0.0% Packages/com.unity.dt.app-ui/Runtime/UI/Components/IconButton.cs
 0.1 kb	 0.0% Packages/com.unity.dt.app-ui/Runtime/UI/Components/IPressable.cs
 0.1 kb	 0.0% Packages/com.unity.dt.app-ui/Runtime/UI/Components/FloatField.cs
 0.1 kb	 0.0% Packages/com.unity.dt.app-ui/Runtime/UI/Components/FieldLabel.cs
 0.1 kb	 0.0% Packages/com.unity.dt.app-ui/Runtime/UI/Components/DrawerHeader.cs
 0.1 kb	 0.0% Packages/com.unity.dt.app-ui/Runtime/UI/Components/DoubleField.cs
 0.1 kb	 0.0% Packages/com.unity.dt.app-ui/Runtime/UI/Components/ColorWheel.cs
 0.1 kb	 0.0% Packages/com.unity.dt.app-ui/Runtime/UI/Components/ColorToolbar.cs
 0.1 kb	 0.0% Packages/com.unity.dt.app-ui/Runtime/UI/Components/ColorSwatch.cs
 0.1 kb	 0.0% Packages/com.unity.dt.app-ui/Runtime/UI/Components/ColorSlider.cs
 0.1 kb	 0.0% Packages/com.unity.dt.app-ui/Runtime/UI/Components/ColorField.cs
 0.1 kb	 0.0% Packages/com.unity.dt.app-ui/Runtime/UI/Components/Breadcrumbs.cs
 0.1 kb	 0.0% Packages/com.unity.dt.app-ui/Runtime/UI/Components/BoundsField.cs
 0.1 kb	 0.0% Packages/com.unity.dt.app-ui/Runtime/UI/Components/BottomNavBar.cs
 0.1 kb	 0.0% Packages/com.unity.dt.app-ui/Runtime/UI/Components/AvatarGroup.cs
 0.1 kb	 0.0% Packages/com.unity.dt.app-ui/Runtime/UI/Components/AlertDialog.cs
 0.1 kb	 0.0% Packages/com.unity.dt.app-ui/Runtime/UI/Components/ActionGroup.cs
 0.1 kb	 0.0% Packages/com.unity.dt.app-ui/Runtime/UI/Components/ActionButton.cs
 0.1 kb	 0.0% Packages/com.unity.dt.app-ui/Runtime/UI/Components/ActionBar.cs
 0.1 kb	 0.0% Packages/com.unity.dt.app-ui/Runtime/UI/Components/Accordion.cs
 0.1 kb	 0.0% Packages/com.unity.dt.app-ui/Runtime/Core/TimeUtils.cs
 0.1 kb	 0.0% Packages/com.unity.dt.app-ui/Runtime/Core/Platform/PinchGesture.cs
 0.1 kb	 0.0% Packages/com.unity.dt.app-ui/Runtime/Core/Platform/AppUITouch.cs
 0.1 kb	 0.0% Packages/com.unity.dt.app-ui/Runtime/Core/MemoryUtils.cs
 0.1 kb	 0.0% Packages/com.unity.dt.app-ui/Runtime/Core/AppUIManager.cs
 0.1 kb	 0.0% Packages/com.unity.dt.app-ui/Runtime/Core/AppUIInput.cs
 0.1 kb	 0.0% Packages/com.unity.dt.app-ui/Runtime/Core/ActionItem.cs
 0.1 kb	 0.0% Packages/com.unity.burst/Runtime/Intrinsics/Common.cs
 0.1 kb	 0.0% Packages/com.unity.burst/Runtime/Intrinsics/Arm/NEON_ctor.cs
 0.1 kb	 0.0% Packages/com.unity.burst/Runtime/Intrinsics/Arm/NEON_AArch64.cs
 0.1 kb	 0.0% Packages/com.xreal.xr/Runtime/Scripts/Android/Camera Features/Encoder/IEncoder.cs
 0.1 kb	 0.0% Packages/com.unity.ugui/Runtime/UGUI/UI/Core/VertexModifiers/Shadow.cs
 0.1 kb	 0.0% Packages/com.unity.ugui/Runtime/UGUI/UI/Core/VertexModifiers/Outline.cs
 0.1 kb	 0.0% Packages/com.unity.ugui/Runtime/UGUI/UI/Core/Toggle.cs
 0.1 kb	 0.0% Packages/com.unity.ugui/Runtime/UGUI/UI/Core/Slider.cs
 0.1 kb	 0.0% Packages/com.unity.ugui/Runtime/UGUI/UI/Core/RawImage.cs
 0.1 kb	 0.0% Packages/com.unity.ugui/Runtime/UGUI/UI/Core/Image.cs
 0.1 kb	 0.0% Packages/com.unity.ugui/Runtime/UGUI/UI/Core/IMask.cs
 0.1 kb	 0.0% Packages/com.unity.ugui/Runtime/UGUI/UI/Core/Graphic.cs
 0.1 kb	 0.0% Packages/com.unity.ugui/Runtime/UGUI/UI/Core/FontData.cs
 0.1 kb	 0.0% Packages/com.unity.ugui/Runtime/UGUI/UI/Core/Dropdown.cs
 0.1 kb	 0.0% Packages/com.unity.ugui/Runtime/UGUI/UI/Core/Culling/Clipping.cs
 0.1 kb	 0.0% Packages/com.unity.ugui/Runtime/UGUI/UI/Core/Button.cs
 0.1 kb	 0.0% Packages/com.unity.mathematics/Unity.Mathematics/svd.cs
 0.1 kb	 0.0% Packages/com.unity.mathematics/Unity.Mathematics/math.cs
 0.1 kb	 0.0% Packages/com.unity.mathematics/Unity.Mathematics/half.cs
 0.1 kb	 0.0% Packages/com.unity.dt.app-ui/Runtime/MVVM/App/IHost.cs
 0.1 kb	 0.0% Packages/com.unity.burst/Runtime/SharedStatic.cs
 0.1 kb	 0.0% Packages/com.unity.burst/Runtime/Intrinsics/x86/Ssse3.cs
 0.1 kb	 0.0% Packages/com.unity.burst/Runtime/Intrinsics/x86/Sse4_2.cs
 0.1 kb	 0.0% Packages/com.unity.burst/Runtime/Intrinsics/x86/Sse4_1.cs
 0.1 kb	 0.0% Packages/com.unity.burst/Runtime/Intrinsics/x86/Popcnt.cs
 0.1 kb	 0.0% Packages/com.unity.burst/Runtime/Intrinsics/x86/Common.cs
 0.1 kb	 0.0% Packages/com.unity.burst/Runtime/CompilerServices/Hint.cs
 0.1 kb	 0.0% Packages/com.unity.burst/Runtime/BurstString.cs
 0.1 kb	 0.0% Packages/com.unity.burst/Runtime/BurstRuntime.cs
 0.1 kb	 0.0% Packages/com.unity.ai.inference/Runtime/Core/Serialization/SentisFlatBuffer/Null.cs
 0.1 kb	 0.0% Packages/com.unity.ai.inference/Runtime/Core/Serialization/SentisFlatBuffer/Int.cs
 0.1 kb	 0.0% Packages/com.unity.ai.inference/Runtime/Core/Serialization/SentisFlatBuffer/EDim.cs
 0.1 kb	 0.0% Packages/com.unity.ai.inference/Runtime/Core/Serialization/SentisFlatBuffer/Byte.cs
 0.1 kb	 0.0% Packages/com.unity.ai.inference/Runtime/Core/Serialization/SentisFlatBuffer/Bool.cs
 0.1 kb	 0.0% Assets/CyberEye/Scripts/TargetOverlay.cs
 0.1 kb	 0.0% Assets/CyberEye/Scripts/ObjectTracker.cs
 0.1 kb	 0.0% Assets/CyberEye/Scripts/MotionTelemetry.cs
 0.1 kb	 0.0% Assets/CyberEye/Scripts/HudController.cs
 0.1 kb	 0.0% Assets/CyberEye/Scripts/EyeCameraFeed.cs
 0.1 kb	 0.0% Assets/CyberEye/Scripts/AudioDirector.cs
 0.1 kb	 0.0% Packages/com.unity.ugui/Runtime/TMP/TMP_Text.cs
 0.1 kb	 0.0% Packages/com.unity.inputsystem/InputSystem/Plugins/UI/UISupport.cs
 0.1 kb	 0.0% Packages/com.unity.dt.app-ui/Runtime/UI/Styles.cs
 0.1 kb	 0.0% Packages/com.unity.dt.app-ui/Runtime/UI/Popups/Tooltip.cs
 0.1 kb	 0.0% Packages/com.unity.dt.app-ui/Runtime/UI/Popups/Toast.cs
 0.1 kb	 0.0% Packages/com.unity.dt.app-ui/Runtime/UI/Popups/Popup.cs
 0.1 kb	 0.0% Packages/com.unity.dt.app-ui/Runtime/UI/Popups/Popover.cs
 0.1 kb	 0.0% Packages/com.unity.dt.app-ui/Runtime/UI/Popups/Modal.cs
 0.1 kb	 0.0% Packages/com.unity.dt.app-ui/Runtime/UI/Menu/MenuItem.cs
 0.1 kb	 0.0% Packages/com.unity.dt.app-ui/Runtime/UI/Manipulators/Dragger.cs
 0.1 kb	 0.0% Packages/com.unity.dt.app-ui/Runtime/UI/Layouts/Panel.cs
 0.1 kb	 0.0% Packages/com.unity.dt.app-ui/Runtime/UI/Layouts/PageView.cs
 0.1 kb	 0.0% Packages/com.unity.dt.app-ui/Runtime/UI/Components/Toolbar.cs
 0.1 kb	 0.0% Packages/com.unity.dt.app-ui/Runtime/UI/Components/Toggle.cs
 0.1 kb	 0.0% Packages/com.unity.dt.app-ui/Runtime/UI/Components/TextArea.cs
 0.1 kb	 0.0% Packages/com.unity.dt.app-ui/Runtime/UI/Components/TabItem.cs
 0.1 kb	 0.0% Packages/com.unity.dt.app-ui/Runtime/UI/Components/Stepper.cs
 0.1 kb	 0.0% Packages/com.unity.dt.app-ui/Runtime/UI/Components/Spacer.cs
 0.1 kb	 0.0% Packages/com.unity.dt.app-ui/Runtime/UI/Components/SVSquare.cs
 0.1 kb	 0.0% Packages/com.unity.dt.app-ui/Runtime/UI/Components/Radio.cs
 0.1 kb	 0.0% Packages/com.unity.dt.app-ui/Runtime/UI/Components/Quote.cs
 0.1 kb	 0.0% Packages/com.unity.dt.app-ui/Runtime/UI/Components/Progress.cs
 0.1 kb	 0.0% Packages/com.unity.dt.app-ui/Runtime/UI/Components/Picker.cs
 0.1 kb	 0.0% Packages/com.unity.dt.app-ui/Runtime/UI/Components/IntField.cs
 0.1 kb	 0.0% Packages/com.unity.dt.app-ui/Runtime/UI/Components/HelpText.cs
 0.1 kb	 0.0% Packages/com.unity.dt.app-ui/Runtime/UI/Components/Heading.cs
 0.1 kb	 0.0% Packages/com.unity.dt.app-ui/Runtime/UI/Components/GridView.cs
 0.1 kb	 0.0% Packages/com.unity.dt.app-ui/Runtime/UI/Components/Dropdown.cs
 0.1 kb	 0.0% Packages/com.unity.dt.app-ui/Runtime/UI/Components/DropZone.cs
 0.1 kb	 0.0% Packages/com.unity.dt.app-ui/Runtime/UI/Components/Drawer.cs
 0.1 kb	 0.0% Packages/com.unity.dt.app-ui/Runtime/UI/Components/Divider.cs
 0.1 kb	 0.0% Packages/com.unity.dt.app-ui/Runtime/UI/Components/Dialog.cs
 0.1 kb	 0.0% Packages/com.unity.dt.app-ui/Runtime/UI/Components/Checkbox.cs
 0.1 kb	 0.0% Packages/com.unity.dt.app-ui/Runtime/UI/Components/Canvas.cs
 0.1 kb	 0.0% Packages/com.unity.dt.app-ui/Runtime/UI/Components/Button.cs
 0.1 kb	 0.0% Packages/com.unity.dt.app-ui/Runtime/UI/Components/Badge.cs
 0.1 kb	 0.0% Packages/com.unity.dt.app-ui/Runtime/UI/Components/Avatar.cs
 0.1 kb	 0.0% Packages/com.unity.dt.app-ui/Runtime/UI/Components/AppBar.cs
 0.1 kb	 0.0% Packages/com.unity.dt.app-ui/Runtime/Core/Platform/Windows/Platform.cs
 0.1 kb	 0.0% Packages/com.unity.dt.app-ui/Runtime/Core/Platform/Platform.cs
 0.1 kb	 0.0% Packages/com.unity.dt.app-ui/Runtime/Core/Message.cs
 0.1 kb	 0.0% Packages/com.unity.dt.app-ui/Runtime/Core/Looper.cs
 0.1 kb	 0.0% Packages/com.unity.dt.app-ui/Runtime/Core/Handler.cs
 0.1 kb	 0.0% Packages/com.unity.dt.app-ui/Runtime/Core/Contexts/IContext.cs
 0.1 kb	 0.0% Packages/com.unity.dt.app-ui/Runtime/Core/AppUI.cs
 0.1 kb	 0.0% Packages/com.unity.burst/Runtime/Intrinsics/x86/Sse3.cs
 0.1 kb	 0.0% Packages/com.unity.burst/Runtime/Intrinsics/x86/Sse2.cs
 0.1 kb	 0.0% Packages/com.unity.burst/Runtime/Intrinsics/x86/Sse.cs
 0.1 kb	 0.0% Packages/com.unity.burst/Runtime/Intrinsics/x86/Fma.cs
 0.1 kb	 0.0% Packages/com.unity.burst/Runtime/Intrinsics/x86/F16C.cs
 0.1 kb	 0.0% Packages/com.unity.burst/Runtime/Intrinsics/x86/Csr.cs
 0.1 kb	 0.0% Packages/com.unity.burst/Runtime/Intrinsics/x86/Bmi2.cs
 0.1 kb	 0.0% Packages/com.unity.burst/Runtime/Intrinsics/x86/Bmi1.cs
 0.1 kb	 0.0% Packages/com.unity.burst/Runtime/Intrinsics/x86/Avx2.cs
 0.1 kb	 0.0% Packages/com.unity.burst/Runtime/Intrinsics/x86/Avx.cs
 0.1 kb	 0.0% Packages/com.unity.burst/Runtime/Intrinsics/v64.cs
 0.1 kb	 0.0% Packages/com.unity.burst/Runtime/Intrinsics/v256.cs
 0.1 kb	 0.0% Packages/com.unity.burst/Runtime/Intrinsics/v128.cs
 0.1 kb	 0.0% Packages/com.unity.burst/Runtime/Intrinsics/Arm/NEON.cs
 0.1 kb	 0.0% Assets/XRI/Settings/Resources/XRDeviceSimulatorSettings.asset
 0.1 kb	 0.0% Packages/com.unity.ugui/Runtime/UGUI/UI/Core/Text.cs
 0.1 kb	 0.0% Packages/com.unity.ugui/Runtime/UGUI/UI/Core/Misc.cs
 0.1 kb	 0.0% Packages/com.unity.ugui/Runtime/UGUI/UI/Core/Mask.cs
 0.1 kb	 0.0% Packages/com.unity.dt.app-ui/Runtime/MVVM/App/IApp.cs
 0.1 kb	 0.0% Packages/com.unity.dt.app-ui/Runtime/MVVM/App/App.cs
 0.1 kb	 0.0% Assets/CyberEye/Scripts/TargetPins.cs
 0.1 kb	 0.0% Assets/CyberEye/Scripts/PerfGuard.cs
 0.1 kb	 0.0% Assets/CyberEye/Scripts/FpsLogger.cs
 0.1 kb	 0.0% Assets/CyberEye/Scripts/CyberPalette.cs
 0.1 kb	 0.0% Packages/com.unity.dt.app-ui/Runtime/UI/Popups/Tray.cs
 0.1 kb	 0.0% Packages/com.unity.dt.app-ui/Runtime/UI/Menu/Menu.cs
 0.1 kb	 0.0% Packages/com.unity.dt.app-ui/Runtime/UI/Components/Text.cs
 0.1 kb	 0.0% Packages/com.unity.dt.app-ui/Runtime/UI/Components/Tabs.cs
 0.1 kb	 0.0% Packages/com.unity.dt.app-ui/Runtime/UI/Components/Mask.cs
 0.1 kb	 0.0% Packages/com.unity.dt.app-ui/Runtime/UI/Components/Link.cs
 0.1 kb	 0.0% Packages/com.unity.dt.app-ui/Runtime/UI/Components/Icon.cs
 0.1 kb	 0.0% Packages/com.unity.dt.app-ui/Runtime/UI/Components/Chip.cs
 0.1 kb	 0.0% Assets/CyberEye/Scripts/Detector.cs
 0.1 kb	 0.0% Assets/CyberEye/Scripts/CyberLog.cs
 0.1 kb	 0.0% Assets/Resources/PerformanceTestRunSettings.json
 0.1 kb	 0.0% Assets/DefaultVolumeProfile.asset
 0.0 kb	 0.0% Assets/XR/Loaders/XREALXRLoader.asset
 0.0 kb	 0.0% Packages/com.xreal.xr/Runtime/Resources/XREALPackageVersion.txt
-------------------------------------------------------------------------------
Unloading 0 Unused Serialized files (Serialized files now loaded: 0)
Unloading 2195 unused Assets / (3.5 MB). Loaded Objects now: 7367.
Memory consumption went from 215.1 MB to 211.6 MB.
Total: 22.402600 ms (FindLiveObjects: 1.009900 ms CreateObjectMapping: 0.918000 ms MarkObjects: 17.435200 ms  DeleteObjects: 3.037700 ms)

DisplayProgressNotification: Build Successful
Build Finished, Result: Success.
##utp:{"type":"PlayerBuildInfo","version":2,"phase":"Immediate","time":1783888018762,"processId":42428,"steps":[{"description":"Preprocess Player","duration":1384},{"description":"Prepare For Build","duration":6068},{"description":"ProducePlayerScriptAssemblies","duration":9895},{"description":"Verify Build setup","duration":169},{"description":"Prepare assets for target platform","duration":12},{"description":"Prepare splash screen","duration":5},{"description":"Building scenes","duration":1267},{"description":"Build scripts DLLs","duration":254},{"description":"Build GlobalGameManagers file","duration":266},{"description":"Writing asset files","duration":3548},{"description":"Building Resources/unity_builtin_extra","duration":356},{"description":"Write data build dirty tracking information","duration":1309},{"description":"Postprocess built player","duration":499956}],"duration":524489}
Unloading 0 Unused Serialized files (Serialized files now loaded: 0)
Loaded scene 'Temp/__Backupscenes/0.backup'
	Deserialize:            2.124 ms
	Integration:            528.544 ms
	Integration of assets:  0.002 ms
	Thread Wait Time:       0.032 ms
	Total Operation Time:   530.702 ms
Unloading 0 unused Assets / (4.9 MB). Loaded Objects now: 7360.
Memory consumption went from 210.2 MB to 205.3 MB.
Total: 15.462500 ms (FindLiveObjects: 1.512300 ms CreateObjectMapping: 0.629800 ms MarkObjects: 13.276300 ms  DeleteObjects: 0.042400 ms)

[CYBEREYE-BUILD] RESULT=Succeeded time=00:08:47.7343219 sizeBytes=1404076681 errors=4 warnings=365
UnityEngine.Debug:ExtractStackTraceNoAlloc (byte*,int,string)
UnityEngine.StackTraceUtility:ExtractStackTrace ()
UnityEngine.DebugLogHandler:Internal_Log (UnityEngine.LogType,UnityEngine.LogOption,string,UnityEngine.Object)
UnityEngine.DebugLogHandler:LogFormat (UnityEngine.LogType,UnityEngine.Object,string,object[])
UnityEngine.Logger:Log (UnityEngine.LogType,object)
UnityEngine.Debug:Log (object)
BuildScript:PerformAndroidBuild () (at Assets/Editor/BuildScript.cs:135)

(Filename: Assets/Editor/BuildScript.cs Line: 135)

[CYBEREYE-BUILD] SUCCESS apk=C:\Users\jslade\CyberEyeXR\Builds\CyberEye-release.apk
UnityEngine.Debug:ExtractStackTraceNoAlloc (byte*,int,string)
UnityEngine.StackTraceUtility:ExtractStackTrace ()
UnityEngine.DebugLogHandler:Internal_Log (UnityEngine.LogType,UnityEngine.LogOption,string,UnityEngine.Object)
UnityEngine.DebugLogHandler:LogFormat (UnityEngine.LogType,UnityEngine.Object,string,object[])
UnityEngine.Logger:Log (UnityEngine.LogType,object)
UnityEngine.Debug:Log (object)
BuildScript:PerformAndroidBuild () (at Assets/Editor/BuildScript.cs:139)

(Filename: Assets/Editor/BuildScript.cs Line: 139)

Starting: C:\Program Files\Unity\Hub\Editor\6000.0.78f1\Editor\Data\PlaybackEngines\AndroidPlayer\OpenJDK\bin\java.exe -classpath "C:\Program Files\Unity\Hub\Editor\6000.0.78f1\Editor\Data\PlaybackEngines\AndroidPlayer\Tools\gradle\lib\gradle-launcher-8.13.jar" org.gradle.launcher.GradleMain "-Dorg.gradle.jvmargs=-Xmx4096m" "--stop" 
WorkingDir: 
Killing ADB server in 0.1615686 seconds.
Start importing ProjectSettings/ProjectSettings.asset using Guid(00000000000000004000000000000000) (LibraryAssetImporter) -> (artifact id: '4331c5a811b4938f9501d468b8b3a9a1') in 0.0169844 seconds
Refreshing native plugins compatible for Editor in 38.32 ms, found 2 plugins.
Preloading 1 native plugins for Editor in 0.46 ms.
Asset Pipeline Refresh (id=cf54ac9edbab7a0429e5bbbc7d8793b1): Total: 0.252 seconds - Initiated by StopAssetImportingV2(NoUpdateAssetOptions)
[Physics::Module] Cleanup current backned.
[Physics::Module] Id: 0xf2b8ea05
Input System module state changed to: ShutdownInProgress.
Input System polling thread exited.
Input System module state changed to: Shutdown.
[Licensing::IpcConnector] LicenseClient-jslade-notifications channel disconnected successfully.
[Licensing::IpcConnector] LicenseClient-jslade channel disconnected successfully.
AcceleratorClientConnectionCallback - disconnected - :0
Shut down.
Cleanup mono
abort_threads: Failed aborting id: 00000000000036F0, mono_thread_manage will ignore it

abort_threads: Failed aborting id: 000000000000AC6C, mono_thread_manage will ignore it

abort_threads: Failed aborting id: 00000000000036F0, mono_thread_manage will ignore it

abort_threads: Failed aborting id: 000000000000AC6C, mono_thread_manage will ignore it

debugger-agent: Unable to listen on 3372
Checking for leaked weakptr:
  Found no leaked weakptrs.
[Package Manager] Server process was shutdown
##utp:{"type":"MemoryLeaks","version":2,"phase":"Immediate","time":1783888024941,"processId":42428,"allocatedMemory":14649781,"memoryLabels":[{"Default":28597},{"Permanent":15356},{"NewDelete":73313},{"Thread":4230344},{"Manager":24762},{"VertexData":8},{"Geometry":816},{"VFX":-104},{"Texture":160},{"Shader":373707},{"Material":24},{"GfxDevice":55784},{"Animation":392},{"Audio":4040},{"FontEngine":256},{"Physics":2081},{"Serialization":112},{"Input":14824},{"JobScheduler":33024},{"TextLib":160},{"Mono":32},{"MonoCode":640},{"ScriptingNativeRuntime":155060},{"BaseObject":1620240},{"Resource":1304},{"Renderer":2928},{"Transform":4646},{"File":3933},{"WebCam":616},{"Culling":32},{"Terrain":11394},{"Wind":24},{"STL":40},{"String":16859},{"DynamicArray":118859},{"HashMap":91857},{"Utility":2659534},{"Curl":48},{"PoolAlloc":2440},{"AI":104},{"TypeTree":5005},{"ScriptManager":512},{"RuntimeInitializeOnLoadManager":64},{"SpriteAtlas":112},{"GI":7888},{"Director":8240},{"CloudService":8928},{"WebRequest":7017},{"VR":46257},{"SceneManager":496},{"Video":64},{"LazyScriptCache":32},{"Camera":17},{"Secure":265},{"SerializationCache":1576},{"APIUpdating":10320},{"Subsystems":48},{"VirtualTexturing":57888},{"StaticSafetyDebugInfo":278528},{"Analytics":384},{"Hierarchy":272},{"CoreStats":12536},{"Identifiers":6192},{"Gui":80},{"EditorUtility":59317},{"VersionControl":4},{"Undo":947},{"AssetDatabase":4547791},{"EditorGi":328},{"UnityConnect":24184},{"Upm":2036},{"DrivenProperties":72},{"LocalIPC":212},{"ProfilerEditor":9746},{"CoreBusinessMetrics":2881},{"Licensing":1232},{"AssetReference":32},{"IPCStream":32}]}
